
-- Executing script file `synth.ys' --

1. Executing SLANG frontend.
Top level design units:
    agriasic_digital_rv32i_top


Build succeeded: 0 errors, 0 warnings

1.1. Executing PROC_CLEAN pass (remove empty switches from decision trees).
Removing empty process `agriasic_digital_rv32i_top.$7246'.
Found and cleaned up 1 empty switch in `\agriasic_digital_rv32i_top.$7193'.
Found and cleaned up 1 empty switch in `\agriasic_digital_rv32i_top.$7134'.
Found and cleaned up 1 empty switch in `\agriasic_digital_rv32i_top.$7102'.
Found and cleaned up 1 empty switch in `\agriasic_digital_rv32i_top.$7041'.
Removing empty process `agriasic_digital_rv32i_top.$6978'.
Removing empty process `agriasic_digital_rv32i_top.$6975'.
Found and cleaned up 1 empty switch in `\agriasic_digital_rv32i_top.$6963'.
Removing empty process `agriasic_digital_rv32i_top.$6960'.
Found and cleaned up 1 empty switch in `\agriasic_digital_rv32i_top.$6905'.
Found and cleaned up 1 empty switch in `\agriasic_digital_rv32i_top.$6823'.
Found and cleaned up 1 empty switch in `\agriasic_digital_rv32i_top.$6809'.
Found and cleaned up 1 empty switch in `\agriasic_digital_rv32i_top.$6762'.
Found and cleaned up 1 empty switch in `\agriasic_digital_rv32i_top.$6727'.
Removing empty process `agriasic_digital_rv32i_top.$6668'.
Found and cleaned up 1 empty switch in `\agriasic_digital_rv32i_top.$6620'.
Found and cleaned up 1 empty switch in `\agriasic_digital_rv32i_top.$6603'.
Found and cleaned up 1 empty switch in `\agriasic_digital_rv32i_top.$6538'.
Found and cleaned up 1 empty switch in `\agriasic_digital_rv32i_top.$6522'.
Found and cleaned up 1 empty switch in `\agriasic_digital_rv32i_top.$6516'.
Found and cleaned up 1 empty switch in `\agriasic_digital_rv32i_top.$6487'.
Found and cleaned up 1 empty switch in `\agriasic_digital_rv32i_top.$6464'.
Found and cleaned up 1 empty switch in `\agriasic_digital_rv32i_top.$6213'.
Found and cleaned up 1 empty switch in `\agriasic_digital_rv32i_top.$6201'.
Removing empty process `agriasic_digital_rv32i_top.$6179'.
Removing empty process `agriasic_digital_rv32i_top.$6156'.
Found and cleaned up 1 empty switch in `\agriasic_digital_rv32i_top.$6149'.
Found and cleaned up 1 empty switch in `\agriasic_digital_rv32i_top.$6142'.
Found and cleaned up 1 empty switch in `\agriasic_digital_rv32i_top.$6136'.
Removing empty process `agriasic_digital_rv32i_top.$6096'.
Removing empty process `agriasic_digital_rv32i_top.$6076'.
Removing empty process `agriasic_digital_rv32i_top.$6073'.
Found and cleaned up 1 empty switch in `\agriasic_digital_rv32i_top.$6031'.
Found and cleaned up 1 empty switch in `\agriasic_digital_rv32i_top.$6026'.
Removing empty process `agriasic_digital_rv32i_top.$6011'.
Removing empty process `agriasic_digital_rv32i_top.$6008'.
Found and cleaned up 1 empty switch in `\agriasic_digital_rv32i_top.$5992'.
Removing empty process `agriasic_digital_rv32i_top.$5984'.
Removing empty process `agriasic_digital_rv32i_top.$5971'.
Removing empty process `agriasic_digital_rv32i_top.$5968'.
Found and cleaned up 1 empty switch in `\agriasic_digital_rv32i_top.$5953'.
Removing empty process `agriasic_digital_rv32i_top.$5945'.
Removing empty process `agriasic_digital_rv32i_top.$5942'.
Found and cleaned up 1 empty switch in `\agriasic_digital_rv32i_top.$5920'.
Found and cleaned up 1 empty switch in `\agriasic_digital_rv32i_top.$5892'.
Found and cleaned up 1 empty switch in `\agriasic_digital_rv32i_top.$5887'.
Removing empty process `agriasic_digital_rv32i_top.$5872'.
Removing empty process `agriasic_digital_rv32i_top.$5869'.
Found and cleaned up 1 empty switch in `\agriasic_digital_rv32i_top.$5853'.
Removing empty process `agriasic_digital_rv32i_top.$5845'.
Removing empty process `agriasic_digital_rv32i_top.$5832'.
Removing empty process `agriasic_digital_rv32i_top.$5829'.
Found and cleaned up 1 empty switch in `\agriasic_digital_rv32i_top.$5814'.
Removing empty process `agriasic_digital_rv32i_top.$5806'.
Removing empty process `agriasic_digital_rv32i_top.$5803'.
Found and cleaned up 1 empty switch in `\agriasic_digital_rv32i_top.$5781'.
Removing empty process `agriasic_digital_rv32i_top.$5760'.
Removing empty process `agriasic_digital_rv32i_top.$5759'.
Found and cleaned up 1 empty switch in `\agriasic_digital_rv32i_top.$5753'.
Found and cleaned up 1 empty switch in `\agriasic_digital_rv32i_top.$5747'.
Removing empty process `agriasic_digital_rv32i_top.$5739'.
Removing empty process `agriasic_digital_rv32i_top.$5718'.
Removing empty process `agriasic_digital_rv32i_top.$5717'.
Found and cleaned up 1 empty switch in `\agriasic_digital_rv32i_top.$5709'.
Removing empty process `agriasic_digital_rv32i_top.$5701'.
Removing empty process `agriasic_digital_rv32i_top.$5683'.
Removing empty process `agriasic_digital_rv32i_top.$5680'.
Found and cleaned up 1 empty switch in `\agriasic_digital_rv32i_top.$5638'.
Found and cleaned up 1 empty switch in `\agriasic_digital_rv32i_top.$5633'.
Removing empty process `agriasic_digital_rv32i_top.$5618'.
Removing empty process `agriasic_digital_rv32i_top.$5615'.
Found and cleaned up 1 empty switch in `\agriasic_digital_rv32i_top.$5599'.
Removing empty process `agriasic_digital_rv32i_top.$5591'.
Removing empty process `agriasic_digital_rv32i_top.$5578'.
Removing empty process `agriasic_digital_rv32i_top.$5575'.
Found and cleaned up 1 empty switch in `\agriasic_digital_rv32i_top.$5560'.
Removing empty process `agriasic_digital_rv32i_top.$5552'.
Removing empty process `agriasic_digital_rv32i_top.$5549'.
Found and cleaned up 1 empty switch in `\agriasic_digital_rv32i_top.$5527'.
Found and cleaned up 1 empty switch in `\agriasic_digital_rv32i_top.$5499'.
Found and cleaned up 1 empty switch in `\agriasic_digital_rv32i_top.$5494'.
Removing empty process `agriasic_digital_rv32i_top.$5479'.
Removing empty process `agriasic_digital_rv32i_top.$5476'.
Found and cleaned up 1 empty switch in `\agriasic_digital_rv32i_top.$5460'.
Removing empty process `agriasic_digital_rv32i_top.$5452'.
Removing empty process `agriasic_digital_rv32i_top.$5439'.
Removing empty process `agriasic_digital_rv32i_top.$5436'.
Found and cleaned up 1 empty switch in `\agriasic_digital_rv32i_top.$5421'.
Removing empty process `agriasic_digital_rv32i_top.$5413'.
Removing empty process `agriasic_digital_rv32i_top.$5410'.
Found and cleaned up 1 empty switch in `\agriasic_digital_rv32i_top.$5388'.
Removing empty process `agriasic_digital_rv32i_top.$5367'.
Removing empty process `agriasic_digital_rv32i_top.$5366'.
Found and cleaned up 1 empty switch in `\agriasic_digital_rv32i_top.$5360'.
Found and cleaned up 1 empty switch in `\agriasic_digital_rv32i_top.$5354'.
Removing empty process `agriasic_digital_rv32i_top.$5346'.
Removing empty process `agriasic_digital_rv32i_top.$5325'.
Removing empty process `agriasic_digital_rv32i_top.$5324'.
Found and cleaned up 1 empty switch in `\agriasic_digital_rv32i_top.$5316'.
Removing empty process `agriasic_digital_rv32i_top.$5308'.
Removing empty process `agriasic_digital_rv32i_top.$5282'.
Found and cleaned up 1 empty switch in `\agriasic_digital_rv32i_top.$5256'.
Removing empty process `agriasic_digital_rv32i_top.$5252'.
Found and cleaned up 1 empty switch in `\agriasic_digital_rv32i_top.$5238'.
Found and cleaned up 1 empty switch in `\agriasic_digital_rv32i_top.$5232'.
Found and cleaned up 1 empty switch in `\agriasic_digital_rv32i_top.$5219'.
Removing empty process `agriasic_digital_rv32i_top.$5216'.
Found and cleaned up 1 empty switch in `\agriasic_digital_rv32i_top.$5209'.
Removing empty process `agriasic_digital_rv32i_top.$5206'.
Found and cleaned up 1 empty switch in `\agriasic_digital_rv32i_top.$5192'.
Found and cleaned up 1 empty switch in `\agriasic_digital_rv32i_top.$5134'.
Removing empty process `agriasic_digital_rv32i_top.$5124'.
Found and cleaned up 1 empty switch in `\agriasic_digital_rv32i_top.$5117'.
Found and cleaned up 1 empty switch in `\agriasic_digital_rv32i_top.$5060'.
Found and cleaned up 2 empty switches in `\agriasic_digital_rv32i_top.$4972'.
Found and cleaned up 1 empty switch in `\agriasic_digital_rv32i_top.$4899'.
Found and cleaned up 1 empty switch in `\agriasic_digital_rv32i_top.$4858'.
Found and cleaned up 1 empty switch in `\agriasic_digital_rv32i_top.$4811'.
Found and cleaned up 1 empty switch in `\agriasic_digital_rv32i_top.$4808'.
Found and cleaned up 1 empty switch in `\agriasic_digital_rv32i_top.$4798'.
Found and cleaned up 1 empty switch in `\agriasic_digital_rv32i_top.$4779'.
Found and cleaned up 1 empty switch in `\agriasic_digital_rv32i_top.$4754'.
Found and cleaned up 1 empty switch in `\agriasic_digital_rv32i_top.$4661'.
Found and cleaned up 1 empty switch in `\agriasic_digital_rv32i_top.$4650'.
Found and cleaned up 1 empty switch in `\agriasic_digital_rv32i_top.$4639'.
Found and cleaned up 1 empty switch in `\agriasic_digital_rv32i_top.$4631'.
Removing empty process `agriasic_digital_rv32i_top.$4625'.
Found and cleaned up 1 empty switch in `\agriasic_digital_rv32i_top.$4406'.
Found and cleaned up 1 empty switch in `\agriasic_digital_rv32i_top.$4224'.
Found and cleaned up 1 empty switch in `\agriasic_digital_rv32i_top.$4219'.
Found and cleaned up 1 empty switch in `\agriasic_digital_rv32i_top.$4214'.
Found and cleaned up 1 empty switch in `\agriasic_digital_rv32i_top.$4209'.
Found and cleaned up 1 empty switch in `\agriasic_digital_rv32i_top.$4204'.
Found and cleaned up 1 empty switch in `\agriasic_digital_rv32i_top.$4199'.
Found and cleaned up 1 empty switch in `\agriasic_digital_rv32i_top.$4194'.
Found and cleaned up 1 empty switch in `\agriasic_digital_rv32i_top.$4189'.
Found and cleaned up 1 empty switch in `\agriasic_digital_rv32i_top.$4184'.
Found and cleaned up 1 empty switch in `\agriasic_digital_rv32i_top.$4179'.
Found and cleaned up 1 empty switch in `\agriasic_digital_rv32i_top.$4174'.
Found and cleaned up 1 empty switch in `\agriasic_digital_rv32i_top.$4169'.
Found and cleaned up 1 empty switch in `\agriasic_digital_rv32i_top.$4164'.
Found and cleaned up 1 empty switch in `\agriasic_digital_rv32i_top.$4159'.
Found and cleaned up 1 empty switch in `\agriasic_digital_rv32i_top.$4154'.
Found and cleaned up 1 empty switch in `\agriasic_digital_rv32i_top.$4149'.
Found and cleaned up 1 empty switch in `\agriasic_digital_rv32i_top.$4144'.
Found and cleaned up 1 empty switch in `\agriasic_digital_rv32i_top.$4139'.
Found and cleaned up 1 empty switch in `\agriasic_digital_rv32i_top.$4134'.
Found and cleaned up 1 empty switch in `\agriasic_digital_rv32i_top.$4129'.
Found and cleaned up 1 empty switch in `\agriasic_digital_rv32i_top.$4124'.
Found and cleaned up 1 empty switch in `\agriasic_digital_rv32i_top.$4119'.
Found and cleaned up 1 empty switch in `\agriasic_digital_rv32i_top.$4114'.
Found and cleaned up 1 empty switch in `\agriasic_digital_rv32i_top.$4109'.
Found and cleaned up 1 empty switch in `\agriasic_digital_rv32i_top.$4104'.
Found and cleaned up 1 empty switch in `\agriasic_digital_rv32i_top.$4099'.
Found and cleaned up 1 empty switch in `\agriasic_digital_rv32i_top.$4094'.
Found and cleaned up 1 empty switch in `\agriasic_digital_rv32i_top.$4089'.
Found and cleaned up 1 empty switch in `\agriasic_digital_rv32i_top.$4084'.
Found and cleaned up 1 empty switch in `\agriasic_digital_rv32i_top.$4079'.
Found and cleaned up 1 empty switch in `\agriasic_digital_rv32i_top.$4074'.
Removing empty process `agriasic_digital_rv32i_top.$4007'.
Found and cleaned up 1 empty switch in `\agriasic_digital_rv32i_top.$3778'.
Found and cleaned up 1 empty switch in `\agriasic_digital_rv32i_top.$3740'.
Removing empty process `agriasic_digital_rv32i_top.$3736'.
Removing empty process `agriasic_digital_rv32i_top.$3678'.
Found and cleaned up 1 empty switch in `\agriasic_digital_rv32i_top.$3672'.
Removing empty process `agriasic_digital_rv32i_top.$3655'.
Found and cleaned up 1 empty switch in `\agriasic_digital_rv32i_top.$3649'.
Removing empty process `agriasic_digital_rv32i_top.$3645'.
Removing empty process `agriasic_digital_rv32i_top.$3643'.
Found and cleaned up 1 empty switch in `\agriasic_digital_rv32i_top.$3639'.
Found and cleaned up 1 empty switch in `\agriasic_digital_rv32i_top.$3635'.
Found and cleaned up 1 empty switch in `\agriasic_digital_rv32i_top.$3571'.
Found and cleaned up 1 empty switch in `\agriasic_digital_rv32i_top.$3560'.
Found and cleaned up 1 empty switch in `\agriasic_digital_rv32i_top.$3549'.
Found and cleaned up 1 empty switch in `\agriasic_digital_rv32i_top.$3538'.
Found and cleaned up 1 empty switch in `\agriasic_digital_rv32i_top.$3521'.
Found and cleaned up 1 empty switch in `\agriasic_digital_rv32i_top.$3504'.
Found and cleaned up 1 empty switch in `\agriasic_digital_rv32i_top.$3487'.
Found and cleaned up 1 empty switch in `\agriasic_digital_rv32i_top.$3475'.
Found and cleaned up 1 empty switch in `\agriasic_digital_rv32i_top.$3458'.
Found and cleaned up 1 empty switch in `\agriasic_digital_rv32i_top.$3447'.
Found and cleaned up 1 empty switch in `\agriasic_digital_rv32i_top.$3436'.
Found and cleaned up 1 empty switch in `\agriasic_digital_rv32i_top.$3425'.
Found and cleaned up 1 empty switch in `\agriasic_digital_rv32i_top.$3410'.
Found and cleaned up 1 empty switch in `\agriasic_digital_rv32i_top.$3392'.
Removing empty process `agriasic_digital_rv32i_top.$3383'.
Found and cleaned up 1 empty switch in `\agriasic_digital_rv32i_top.$3342'.
Removing empty process `agriasic_digital_rv32i_top.$3336'.
Found and cleaned up 1 empty switch in `\agriasic_digital_rv32i_top.$3194'.
Found and cleaned up 1 empty switch in `\agriasic_digital_rv32i_top.$3120'.
Removing empty process `agriasic_digital_rv32i_top.$3077'.
Found and cleaned up 1 empty switch in `\agriasic_digital_rv32i_top.$2949'.
Removing empty process `agriasic_digital_rv32i_top.$2946'.
Found and cleaned up 1 empty switch in `\agriasic_digital_rv32i_top.$2819'.
Found and cleaned up 1 empty switch in `\agriasic_digital_rv32i_top.$2802'.
Found and cleaned up 1 empty switch in `\agriasic_digital_rv32i_top.$2674'.
Found and cleaned up 1 empty switch in `\agriasic_digital_rv32i_top.$2653'.
Found and cleaned up 1 empty switch in `\agriasic_digital_rv32i_top.$2642'.
Found and cleaned up 1 empty switch in `\agriasic_digital_rv32i_top.$2631'.
Found and cleaned up 1 empty switch in `\agriasic_digital_rv32i_top.$2628'.
Found and cleaned up 1 empty switch in `\agriasic_digital_rv32i_top.$2624'.
Found and cleaned up 1 empty switch in `\agriasic_digital_rv32i_top.$2615'.
Found and cleaned up 1 empty switch in `\agriasic_digital_rv32i_top.$2611'.
Found and cleaned up 1 empty switch in `\agriasic_digital_rv32i_top.$2597'.
Found and cleaned up 1 empty switch in `\agriasic_digital_rv32i_top.$2594'.
Found and cleaned up 1 empty switch in `\agriasic_digital_rv32i_top.$2579'.
Found and cleaned up 1 empty switch in `\agriasic_digital_rv32i_top.$2394'.
Found and cleaned up 1 empty switch in `\agriasic_digital_rv32i_top.$2379'.
Found and cleaned up 1 empty switch in `\agriasic_digital_rv32i_top.$2364'.
Found and cleaned up 1 empty switch in `\agriasic_digital_rv32i_top.$2338'.
Found and cleaned up 1 empty switch in `\agriasic_digital_rv32i_top.$2311'.
Found and cleaned up 1 empty switch in `\agriasic_digital_rv32i_top.$2285'.
Found and cleaned up 1 empty switch in `\agriasic_digital_rv32i_top.$2265'.
Found and cleaned up 1 empty switch in `\agriasic_digital_rv32i_top.$2246'.
Removing empty process `agriasic_digital_rv32i_top.$2239'.
Found and cleaned up 1 empty switch in `\agriasic_digital_rv32i_top.$2231'.
Found and cleaned up 1 empty switch in `\agriasic_digital_rv32i_top.$2222'.
Found and cleaned up 1 empty switch in `\agriasic_digital_rv32i_top.$2173'.
Found and cleaned up 1 empty switch in `\agriasic_digital_rv32i_top.$2166'.
Found and cleaned up 1 empty switch in `\agriasic_digital_rv32i_top.$2160'.
Found and cleaned up 1 empty switch in `\agriasic_digital_rv32i_top.$2153'.
Found and cleaned up 1 empty switch in `\agriasic_digital_rv32i_top.$2148'.
Found and cleaned up 1 empty switch in `\agriasic_digital_rv32i_top.$2145'.
Found and cleaned up 1 empty switch in `\agriasic_digital_rv32i_top.$1758'.
Found and cleaned up 1 empty switch in `\agriasic_digital_rv32i_top.$1754'.
Removing empty process `agriasic_digital_rv32i_top.$1743'.
Removing empty process `agriasic_digital_rv32i_top.$1614'.
Found and cleaned up 1 empty switch in `\agriasic_digital_rv32i_top.$1406'.
Removing empty process `agriasic_digital_rv32i_top.$1402'.
Found and cleaned up 1 empty switch in `\agriasic_digital_rv32i_top.$1378'.
Found and cleaned up 1 empty switch in `\agriasic_digital_rv32i_top.$1272'.
Found and cleaned up 1 empty switch in `\agriasic_digital_rv32i_top.$1032'.
Found and cleaned up 1 empty switch in `\agriasic_digital_rv32i_top.$737'.
Found and cleaned up 1 empty switch in `\agriasic_digital_rv32i_top.$729'.
Found and cleaned up 1 empty switch in `\agriasic_digital_rv32i_top.$696'.
Found and cleaned up 1 empty switch in `\agriasic_digital_rv32i_top.$687'.
Found and cleaned up 1 empty switch in `\agriasic_digital_rv32i_top.$683'.
Found and cleaned up 1 empty switch in `\agriasic_digital_rv32i_top.$676'.
Found and cleaned up 1 empty switch in `\agriasic_digital_rv32i_top.$671'.
Found and cleaned up 1 empty switch in `\agriasic_digital_rv32i_top.$668'.
Found and cleaned up 1 empty switch in `\agriasic_digital_rv32i_top.$665'.
Found and cleaned up 1 empty switch in `\agriasic_digital_rv32i_top.$538'.
Removing empty process `agriasic_digital_rv32i_top.$532'.
Removing empty process `agriasic_digital_rv32i_top.$492'.
Removing empty process `agriasic_digital_rv32i_top.$488'.
Found and cleaned up 1 empty switch in `\agriasic_digital_rv32i_top.$447'.
Removing empty process `agriasic_digital_rv32i_top.$331'.
Found and cleaned up 1 empty switch in `\agriasic_digital_rv32i_top.$297'.
Found and cleaned up 1 empty switch in `\agriasic_digital_rv32i_top.$286'.
Found and cleaned up 1 empty switch in `\agriasic_digital_rv32i_top.$249'.
Found and cleaned up 1 empty switch in `\agriasic_digital_rv32i_top.$246'.
Found and cleaned up 1 empty switch in `\agriasic_digital_rv32i_top.$243'.
Removing empty process `agriasic_digital_rv32i_top.$240'.
Found and cleaned up 1 empty switch in `\agriasic_digital_rv32i_top.$174'.
Found and cleaned up 1 empty switch in `\agriasic_digital_rv32i_top.$157'.
Found and cleaned up 1 empty switch in `\agriasic_digital_rv32i_top.$91'.
Found and cleaned up 1 empty switch in `\agriasic_digital_rv32i_top.$80'.
Removing empty process `agriasic_digital_rv32i_top.$65'.
Removing empty process `agriasic_digital_rv32i_top.$63'.
Found and cleaned up 1 empty switch in `\agriasic_digital_rv32i_top.$34'.
Removing empty process `agriasic_digital_rv32i_top.$23'.
Removing empty process `agriasic_digital_rv32i_top.$17'.
Removing empty process `agriasic_digital_rv32i_top.$6'.
Removing empty process `agriasic_digital_rv32i_top.$0'.
Cleaned up 182 empty switches.
<suppressed ~3307 debug messages>

1.2. Executing PROC_RMDEAD pass (remove dead branches from decision trees).
Marked 6 switch rules as full_case in process $5460 in module agriasic_digital_rv32i_top.
Marked 15 switch rules as full_case in process $6620 in module agriasic_digital_rv32i_top.
Marked 18 switch rules as full_case in process $5920 in module agriasic_digital_rv32i_top.
Marked 4 switch rules as full_case in process $5421 in module agriasic_digital_rv32i_top.
Removed 2 dead cases from process $5892 in module agriasic_digital_rv32i_top.
Marked 5 switch rules as full_case in process $5892 in module agriasic_digital_rv32i_top.
Marked 18 switch rules as full_case in process $5388 in module agriasic_digital_rv32i_top.
Marked 1 switch rules as full_case in process $6538 in module agriasic_digital_rv32i_top.
Marked 2 switch rules as full_case in process $5354 in module agriasic_digital_rv32i_top.
Marked 6 switch rules as full_case in process $5853 in module agriasic_digital_rv32i_top.
Marked 1 switch rules as full_case in process $6516 in module agriasic_digital_rv32i_top.
Marked 6 switch rules as full_case in process $6487 in module agriasic_digital_rv32i_top.
Marked 2 switch rules as full_case in process $5316 in module agriasic_digital_rv32i_top.
Marked 4 switch rules as full_case in process $5814 in module agriasic_digital_rv32i_top.
Removed 1 dead cases from process $5256 in module agriasic_digital_rv32i_top.
Marked 52 switch rules as full_case in process $6213 in module agriasic_digital_rv32i_top.
Marked 2 switch rules as full_case in process $5238 in module agriasic_digital_rv32i_top.
Marked 6 switch rules as full_case in process $5219 in module agriasic_digital_rv32i_top.
Marked 3 switch rules as full_case in process $5209 in module agriasic_digital_rv32i_top.
Marked 18 switch rules as full_case in process $5781 in module agriasic_digital_rv32i_top.
Marked 8 switch rules as full_case in process $5192 in module agriasic_digital_rv32i_top.
Marked 18 switch rules as full_case in process $5134 in module agriasic_digital_rv32i_top.
Marked 15 switch rules as full_case in process $7193 in module agriasic_digital_rv32i_top.
Marked 3 switch rules as full_case in process $5117 in module agriasic_digital_rv32i_top.
Marked 12 switch rules as full_case in process $4972 in module agriasic_digital_rv32i_top.
Marked 20 switch rules as full_case in process $4899 in module agriasic_digital_rv32i_top.
Marked 7 switch rules as full_case in process $4858 in module agriasic_digital_rv32i_top.
Marked 2 switch rules as full_case in process $4798 in module agriasic_digital_rv32i_top.
Marked 5 switch rules as full_case in process $4754 in module agriasic_digital_rv32i_top.
Removed 1 dead cases from process $7134 in module agriasic_digital_rv32i_top.
Marked 7 switch rules as full_case in process $7134 in module agriasic_digital_rv32i_top.
Marked 18 switch rules as full_case in process $4406 in module agriasic_digital_rv32i_top.
Marked 2 switch rules as full_case in process $5747 in module agriasic_digital_rv32i_top.
Marked 4 switch rules as full_case in process $3672 in module agriasic_digital_rv32i_top.
Marked 4 switch rules as full_case in process $3649 in module agriasic_digital_rv32i_top.
Marked 2 switch rules as full_case in process $5709 in module agriasic_digital_rv32i_top.
Marked 1 switch rules as full_case in process $3639 in module agriasic_digital_rv32i_top.
Marked 1 switch rules as full_case in process $3635 in module agriasic_digital_rv32i_top.
Removed 1 dead cases from process $3342 in module agriasic_digital_rv32i_top.
Marked 5 switch rules as full_case in process $7102 in module agriasic_digital_rv32i_top.
Marked 13 switch rules as full_case in process $3194 in module agriasic_digital_rv32i_top.
Marked 7 switch rules as full_case in process $3120 in module agriasic_digital_rv32i_top.
Marked 22 switch rules as full_case in process $6905 in module agriasic_digital_rv32i_top.
Removed 2 dead cases from process $5638 in module agriasic_digital_rv32i_top.
Marked 5 switch rules as full_case in process $5638 in module agriasic_digital_rv32i_top.
Marked 2 switch rules as full_case in process $2819 in module agriasic_digital_rv32i_top.
Marked 5 switch rules as full_case in process $2802 in module agriasic_digital_rv32i_top.
Marked 26 switch rules as full_case in process $2674 in module agriasic_digital_rv32i_top.
Removed 1 dead cases from process $2653 in module agriasic_digital_rv32i_top.
Removed 1 dead cases from process $2642 in module agriasic_digital_rv32i_top.
Marked 8 switch rules as full_case in process $2642 in module agriasic_digital_rv32i_top.
Removed 1 dead cases from process $2631 in module agriasic_digital_rv32i_top.
Marked 8 switch rules as full_case in process $2631 in module agriasic_digital_rv32i_top.
Removed 1 dead cases from process $2628 in module agriasic_digital_rv32i_top.
Marked 5 switch rules as full_case in process $2597 in module agriasic_digital_rv32i_top.
Removed 1 dead cases from process $2594 in module agriasic_digital_rv32i_top.
Removed 5 dead cases from process $2579 in module agriasic_digital_rv32i_top.
Marked 10 switch rules as full_case in process $2579 in module agriasic_digital_rv32i_top.
Marked 6 switch rules as full_case in process $2394 in module agriasic_digital_rv32i_top.
Marked 1 switch rules as full_case in process $2379 in module agriasic_digital_rv32i_top.
Removed 1 dead cases from process $2338 in module agriasic_digital_rv32i_top.
Marked 4 switch rules as full_case in process $2338 in module agriasic_digital_rv32i_top.
Marked 1 switch rules as full_case in process $2231 in module agriasic_digital_rv32i_top.
Marked 1 switch rules as full_case in process $2222 in module agriasic_digital_rv32i_top.
Marked 1 switch rules as full_case in process $2166 in module agriasic_digital_rv32i_top.
Removed 1 dead cases from process $1758 in module agriasic_digital_rv32i_top.
Marked 9 switch rules as full_case in process $1758 in module agriasic_digital_rv32i_top.
Removed 2 dead cases from process $6031 in module agriasic_digital_rv32i_top.
Marked 5 switch rules as full_case in process $6031 in module agriasic_digital_rv32i_top.
Marked 53 switch rules as full_case in process $1406 in module agriasic_digital_rv32i_top.
Marked 6 switch rules as full_case in process $5599 in module agriasic_digital_rv32i_top.
Marked 14 switch rules as full_case in process $1378 in module agriasic_digital_rv32i_top.
Marked 16 switch rules as full_case in process $1272 in module agriasic_digital_rv32i_top.
Removed 1 dead cases from process $1032 in module agriasic_digital_rv32i_top.
Marked 15 switch rules as full_case in process $1032 in module agriasic_digital_rv32i_top.
Removed 2 dead cases from process $737 in module agriasic_digital_rv32i_top.
Marked 63 switch rules as full_case in process $737 in module agriasic_digital_rv32i_top.
Removed 1 dead cases from process $696 in module agriasic_digital_rv32i_top.
Removed 1 dead cases from process $665 in module agriasic_digital_rv32i_top.
Marked 12 switch rules as full_case in process $6823 in module agriasic_digital_rv32i_top.
Marked 1 switch rules as full_case in process $6809 in module agriasic_digital_rv32i_top.
Marked 6 switch rules as full_case in process $5992 in module agriasic_digital_rv32i_top.
Removed 6 dead cases from process $447 in module agriasic_digital_rv32i_top.
Marked 20 switch rules as full_case in process $447 in module agriasic_digital_rv32i_top.
Marked 4 switch rules as full_case in process $5560 in module agriasic_digital_rv32i_top.
Marked 5 switch rules as full_case in process $6762 in module agriasic_digital_rv32i_top.
Marked 3 switch rules as full_case in process $157 in module agriasic_digital_rv32i_top.
Removed 1 dead cases from process $80 in module agriasic_digital_rv32i_top.
Marked 1 switch rules as full_case in process $80 in module agriasic_digital_rv32i_top.
Marked 8 switch rules as full_case in process $6727 in module agriasic_digital_rv32i_top.
Marked 18 switch rules as full_case in process $5527 in module agriasic_digital_rv32i_top.
Removed 2 dead cases from process $5499 in module agriasic_digital_rv32i_top.
Marked 5 switch rules as full_case in process $5499 in module agriasic_digital_rv32i_top.
Marked 2 switch rules as full_case in process $7041 in module agriasic_digital_rv32i_top.
Marked 4 switch rules as full_case in process $5953 in module agriasic_digital_rv32i_top.
Removed a total of 35 dead cases.

1.3. Executing PROC_PRUNE pass (remove redundant assignments in processes).
Removed 332 redundant assignments.
Promoted 0 assignments to connections.

1.4. Executing PROC_INIT pass (extract init attributes).

1.5. Executing PROC_ROM pass (convert switches to ROMs).
Converted 1 switch.
<suppressed ~1178 debug messages>

1.6. Executing PROC_MUX pass (convert decision trees to multiplexers).
Creating decoders for process `\agriasic_digital_rv32i_top.$5460'.
     1/10: $u_control_shell.u_dtm.i_dmi_cdc.i_cdc_req.i_cdc_reset_ctrlr.i_cdc_reset_ctrlr_half_a.i_state_transition_cdc_dst.state_d$5471
     2/10: $u_control_shell.u_dtm.i_dmi_cdc.i_cdc_req.i_cdc_reset_ctrlr.i_cdc_reset_ctrlr_half_a.i_state_transition_cdc_dst.ack_dst_d$5470
     3/10: $u_control_shell.u_dtm.i_dmi_cdc.i_cdc_req.i_cdc_reset_ctrlr.i_cdc_reset_ctrlr_half_a.i_state_transition_cdc_dst.state_d$5468
     4/10: $u_control_shell.u_dtm.i_dmi_cdc.i_cdc_req.i_cdc_reset_ctrlr.i_cdc_reset_ctrlr_half_a.i_state_transition_cdc_dst.ack_dst_d$5467
     5/10: $u_control_shell.u_dtm.i_dmi_cdc.i_cdc_req.i_cdc_reset_ctrlr.i_cdc_reset_ctrlr_half_a.i_state_transition_cdc_dst.state_d$5474
     6/10: $u_control_shell.u_dtm.i_dmi_cdc.i_cdc_req.i_cdc_reset_ctrlr.i_cdc_reset_ctrlr_half_a.i_state_transition_cdc_dst.state_d$5463
     7/10: $u_control_shell.u_dtm.i_dmi_cdc.i_cdc_req.i_cdc_reset_ctrlr.i_cdc_reset_ctrlr_half_a.i_state_transition_cdc_dst.state_d$5465
     8/10: $u_control_shell.u_dtm.i_dmi_cdc.i_cdc_req.i_cdc_reset_ctrlr.i_cdc_reset_ctrlr_half_a.i_state_transition_cdc_dst.data_valid$5464
     9/10: $u_control_shell.u_dtm.i_dmi_cdc.i_cdc_req.i_cdc_reset_ctrlr.i_cdc_reset_ctrlr_half_a.i_state_transition_cdc_dst.data_valid$5473
    10/10: $u_control_shell.u_dtm.i_dmi_cdc.i_cdc_req.i_cdc_reset_ctrlr.i_cdc_reset_ctrlr_half_a.i_state_transition_cdc_dst.ack_dst_d$5472
Creating decoders for process `\agriasic_digital_rv32i_top.$6620'.
     1/36: $u_control_shell.u_dm.i_dm_sba.req$6666
     2/36: $u_control_shell.u_dm.i_dm_sba.state_d$6665
     3/36: $u_control_shell.u_dm.i_dm_sba.sberror_o$6664
     4/36: $u_control_shell.u_dm.i_dm_sba.sberror_valid_o$6663
     5/36: $u_control_shell.u_dm.i_dm_sba.req$6657
     6/36: $u_control_shell.u_dm.i_dm_sba.state_d$6656
     7/36: $u_control_shell.u_dm.i_dm_sba.sberror_o$6655
     8/36: $u_control_shell.u_dm.i_dm_sba.sberror_valid_o$6654
     9/36: $u_control_shell.u_dm.i_dm_sba.sberror_o$6637
    10/36: $u_control_shell.u_dm.i_dm_sba.sberror_valid_o$6636
    11/36: $u_control_shell.u_dm.i_dm_sba.sberror_o$6639
    12/36: $u_control_shell.u_dm.i_dm_sba.sberror_valid_o$6638
    13/36: $u_control_shell.u_dm.i_dm_sba.addr_incr_en$6643
    14/36: $u_control_shell.u_dm.i_dm_sba.state_d$6642
    15/36: $u_control_shell.u_dm.i_dm_sba.sberror_o$6641
    16/36: $u_control_shell.u_dm.i_dm_sba.sberror_valid_o$6640
    17/36: $u_control_shell.u_dm.i_dm_sba.sberror_o$6629
    18/36: $u_control_shell.u_dm.i_dm_sba.sberror_valid_o$6628
    19/36: $u_control_shell.u_dm.i_dm_sba.sberror_o$6631
    20/36: $u_control_shell.u_dm.i_dm_sba.sberror_valid_o$6630
    21/36: $u_control_shell.u_dm.i_dm_sba.addr_incr_en$6635
    22/36: $u_control_shell.u_dm.i_dm_sba.state_d$6634
    23/36: $u_control_shell.u_dm.i_dm_sba.sberror_o$6633
    24/36: $u_control_shell.u_dm.i_dm_sba.sberror_valid_o$6632
    25/36: $u_control_shell.u_dm.i_dm_sba.state_d$6627
    26/36: $u_control_shell.u_dm.i_dm_sba.state_d$6626
    27/36: $u_control_shell.u_dm.i_dm_sba.state_d$6646
    28/36: $u_control_shell.u_dm.i_dm_sba.state_d$6625
    29/36: $u_control_shell.u_dm.i_dm_sba.state_d$6623
    30/36: $u_control_shell.u_dm.i_dm_sba.state_d$6622
    31/36: $u_control_shell.u_dm.i_dm_sba.addr_incr_en$6650
    32/36: $u_control_shell.u_dm.i_dm_sba.be$6649
    33/36: $u_control_shell.u_dm.i_dm_sba.we$6648
    34/36: $u_control_shell.u_dm.i_dm_sba.req$6647
    35/36: $u_control_shell.u_dm.i_dm_sba.sberror_o$6645
    36/36: $u_control_shell.u_dm.i_dm_sba.sberror_valid_o$6644
Creating decoders for process `\agriasic_digital_rv32i_top.$6603'.
     1/1: $u_control_shell.u_dm.i_dm_sba.be_mask$6611
Creating decoders for process `\agriasic_digital_rv32i_top.$5920'.
     1/18: $u_control_shell.u_dtm.i_dmi_cdc.i_cdc_resp.i_cdc_reset_ctrlr.i_cdc_reset_ctrlr_half_b.initiator_state_d$5935
     2/18: $u_control_shell.u_dtm.i_dmi_cdc.i_cdc_resp.i_cdc_reset_ctrlr.i_cdc_reset_ctrlr_half_b.initiator_state_d$5934
     3/18: $u_control_shell.u_dtm.i_dmi_cdc.i_cdc_resp.i_cdc_reset_ctrlr.i_cdc_reset_ctrlr_half_b.initiator_state_d$5933
     4/18: $u_control_shell.u_dtm.i_dmi_cdc.i_cdc_resp.i_cdc_reset_ctrlr.i_cdc_reset_ctrlr_half_b.initiator_state_d$5932
     5/18: $u_control_shell.u_dtm.i_dmi_cdc.i_cdc_resp.i_cdc_reset_ctrlr.i_cdc_reset_ctrlr_half_b.initiator_state_d$5929
     6/18: $u_control_shell.u_dtm.i_dmi_cdc.i_cdc_resp.i_cdc_reset_ctrlr.i_cdc_reset_ctrlr_half_b.initiator_state_d$5930
     7/18: $u_control_shell.u_dtm.i_dmi_cdc.i_cdc_resp.i_cdc_reset_ctrlr.i_cdc_reset_ctrlr_half_b.initiator_state_d$5931
     8/18: $u_control_shell.u_dtm.i_dmi_cdc.i_cdc_resp.i_cdc_reset_ctrlr.i_cdc_reset_ctrlr_half_b.initiator_state_d$5927
     9/18: $u_control_shell.u_dtm.i_dmi_cdc.i_cdc_resp.i_cdc_reset_ctrlr.i_cdc_reset_ctrlr_half_b.initiator_state_d$5926
    10/18: $u_control_shell.u_dtm.i_dmi_cdc.i_cdc_resp.i_cdc_reset_ctrlr.i_cdc_reset_ctrlr_half_b.initiator_state_d$5923
    11/18: $u_control_shell.u_dtm.i_dmi_cdc.i_cdc_resp.i_cdc_reset_ctrlr.i_cdc_reset_ctrlr_half_b.initiator_state_d$5924
    12/18: $u_control_shell.u_dtm.i_dmi_cdc.i_cdc_resp.i_cdc_reset_ctrlr.i_cdc_reset_ctrlr_half_b.initiator_state_d$5925
    13/18: $u_control_shell.u_dtm.i_dmi_cdc.i_cdc_resp.i_cdc_reset_ctrlr.i_cdc_reset_ctrlr_half_b.initiator_state_d$5936
    14/18: $u_control_shell.u_dtm.i_dmi_cdc.i_cdc_resp.i_cdc_reset_ctrlr.i_cdc_reset_ctrlr_half_b.initiator_state_d$5921
    15/18: $u_control_shell.u_dtm.i_dmi_cdc.i_cdc_resp.i_cdc_reset_ctrlr.i_cdc_reset_ctrlr_half_b.initiator_clear_out$5940
    16/18: $u_control_shell.u_dtm.i_dmi_cdc.i_cdc_resp.i_cdc_reset_ctrlr.i_cdc_reset_ctrlr_half_b.initiator_isolate_out$5939
    17/18: $u_control_shell.u_dtm.i_dmi_cdc.i_cdc_resp.i_cdc_reset_ctrlr.i_cdc_reset_ctrlr_half_b.initiator_phase_transition_req$5938
    18/18: $u_control_shell.u_dtm.i_dmi_cdc.i_cdc_resp.i_cdc_reset_ctrlr.i_cdc_reset_ctrlr_half_b.initiator_clear_seq_phase$5937
Creating decoders for process `\agriasic_digital_rv32i_top.$5421'.
     1/11: $u_control_shell.u_dtm.i_dmi_cdc.i_cdc_req.i_cdc_reset_ctrlr.i_cdc_reset_ctrlr_half_a.i_state_transition_cdc_src.state_d$5430
     2/11: $u_control_shell.u_dtm.i_dmi_cdc.i_cdc_req.i_cdc_reset_ctrlr.i_cdc_reset_ctrlr_half_a.i_state_transition_cdc_src.ready_o$5429
     3/11: $u_control_shell.u_dtm.i_dmi_cdc.i_cdc_req.i_cdc_reset_ctrlr.i_cdc_reset_ctrlr_half_a.i_state_transition_cdc_src.state_d$5427
     4/11: $u_control_shell.u_dtm.i_dmi_cdc.i_cdc_req.i_cdc_reset_ctrlr.i_cdc_reset_ctrlr_half_a.i_state_transition_cdc_src.req_src_d$5426
     5/11: $u_control_shell.u_dtm.i_dmi_cdc.i_cdc_req.i_cdc_reset_ctrlr.i_cdc_reset_ctrlr_half_a.i_state_transition_cdc_src.state_d$5434
     6/11: $u_control_shell.u_dtm.i_dmi_cdc.i_cdc_req.i_cdc_reset_ctrlr.i_cdc_reset_ctrlr_half_a.i_state_transition_cdc_src.state_d$5424
     7/11: $u_control_shell.u_dtm.i_dmi_cdc.i_cdc_req.i_cdc_reset_ctrlr.i_cdc_reset_ctrlr_half_a.i_state_transition_cdc_src.data_src_d$5423
     8/11: $u_control_shell.u_dtm.i_dmi_cdc.i_cdc_req.i_cdc_reset_ctrlr.i_cdc_reset_ctrlr_half_a.i_state_transition_cdc_src.req_src_d$5422
     9/11: $u_control_shell.u_dtm.i_dmi_cdc.i_cdc_req.i_cdc_reset_ctrlr.i_cdc_reset_ctrlr_half_a.i_state_transition_cdc_src.data_src_d$5433
    10/11: $u_control_shell.u_dtm.i_dmi_cdc.i_cdc_req.i_cdc_reset_ctrlr.i_cdc_reset_ctrlr_half_a.i_state_transition_cdc_src.req_src_d$5432
    11/11: $u_control_shell.u_dtm.i_dmi_cdc.i_cdc_req.i_cdc_reset_ctrlr.i_cdc_reset_ctrlr_half_a.i_state_transition_cdc_src.ready_o$5431
Creating decoders for process `\agriasic_digital_rv32i_top.$5892'.
     1/9: $u_control_shell.u_dtm.i_dmi_cdc.i_cdc_resp.i_cdc_reset_ctrlr.i_cdc_reset_ctrlr_half_a.receiver_clear_out$5898
     2/9: $u_control_shell.u_dtm.i_dmi_cdc.i_cdc_resp.i_cdc_reset_ctrlr.i_cdc_reset_ctrlr_half_a.receiver_isolate_out$5897
     3/9: $u_control_shell.u_dtm.i_dmi_cdc.i_cdc_resp.i_cdc_reset_ctrlr.i_cdc_reset_ctrlr_half_a.receiver_phase_ack$5896
     4/9: $u_control_shell.u_dtm.i_dmi_cdc.i_cdc_resp.i_cdc_reset_ctrlr.i_cdc_reset_ctrlr_half_a.receiver_clear_out$5901
     5/9: $u_control_shell.u_dtm.i_dmi_cdc.i_cdc_resp.i_cdc_reset_ctrlr.i_cdc_reset_ctrlr_half_a.receiver_isolate_out$5900
     6/9: $u_control_shell.u_dtm.i_dmi_cdc.i_cdc_resp.i_cdc_reset_ctrlr.i_cdc_reset_ctrlr_half_a.receiver_phase_ack$5899
     7/9: $u_control_shell.u_dtm.i_dmi_cdc.i_cdc_resp.i_cdc_reset_ctrlr.i_cdc_reset_ctrlr_half_a.receiver_clear_out$5895
     8/9: $u_control_shell.u_dtm.i_dmi_cdc.i_cdc_resp.i_cdc_reset_ctrlr.i_cdc_reset_ctrlr_half_a.receiver_isolate_out$5894
     9/9: $u_control_shell.u_dtm.i_dmi_cdc.i_cdc_resp.i_cdc_reset_ctrlr.i_cdc_reset_ctrlr_half_a.receiver_phase_ack$5893
Creating decoders for process `\agriasic_digital_rv32i_top.$5887'.
     1/1: $u_control_shell.u_dtm.i_dmi_cdc.i_cdc_resp.i_cdc_reset_ctrlr.i_cdc_reset_ctrlr_half_a.receiver_phase_q$5891
Creating decoders for process `\agriasic_digital_rv32i_top.$5388'.
     1/18: $u_control_shell.u_dtm.i_dmi_cdc.i_cdc_req.i_cdc_reset_ctrlr.i_cdc_reset_ctrlr_half_a.initiator_state_d$5403
     2/18: $u_control_shell.u_dtm.i_dmi_cdc.i_cdc_req.i_cdc_reset_ctrlr.i_cdc_reset_ctrlr_half_a.initiator_state_d$5402
     3/18: $u_control_shell.u_dtm.i_dmi_cdc.i_cdc_req.i_cdc_reset_ctrlr.i_cdc_reset_ctrlr_half_a.initiator_state_d$5401
     4/18: $u_control_shell.u_dtm.i_dmi_cdc.i_cdc_req.i_cdc_reset_ctrlr.i_cdc_reset_ctrlr_half_a.initiator_state_d$5400
     5/18: $u_control_shell.u_dtm.i_dmi_cdc.i_cdc_req.i_cdc_reset_ctrlr.i_cdc_reset_ctrlr_half_a.initiator_state_d$5397
     6/18: $u_control_shell.u_dtm.i_dmi_cdc.i_cdc_req.i_cdc_reset_ctrlr.i_cdc_reset_ctrlr_half_a.initiator_state_d$5398
     7/18: $u_control_shell.u_dtm.i_dmi_cdc.i_cdc_req.i_cdc_reset_ctrlr.i_cdc_reset_ctrlr_half_a.initiator_state_d$5399
     8/18: $u_control_shell.u_dtm.i_dmi_cdc.i_cdc_req.i_cdc_reset_ctrlr.i_cdc_reset_ctrlr_half_a.initiator_state_d$5395
     9/18: $u_control_shell.u_dtm.i_dmi_cdc.i_cdc_req.i_cdc_reset_ctrlr.i_cdc_reset_ctrlr_half_a.initiator_state_d$5394
    10/18: $u_control_shell.u_dtm.i_dmi_cdc.i_cdc_req.i_cdc_reset_ctrlr.i_cdc_reset_ctrlr_half_a.initiator_state_d$5391
    11/18: $u_control_shell.u_dtm.i_dmi_cdc.i_cdc_req.i_cdc_reset_ctrlr.i_cdc_reset_ctrlr_half_a.initiator_state_d$5392
    12/18: $u_control_shell.u_dtm.i_dmi_cdc.i_cdc_req.i_cdc_reset_ctrlr.i_cdc_reset_ctrlr_half_a.initiator_state_d$5393
    13/18: $u_control_shell.u_dtm.i_dmi_cdc.i_cdc_req.i_cdc_reset_ctrlr.i_cdc_reset_ctrlr_half_a.initiator_state_d$5404
    14/18: $u_control_shell.u_dtm.i_dmi_cdc.i_cdc_req.i_cdc_reset_ctrlr.i_cdc_reset_ctrlr_half_a.initiator_state_d$5389
    15/18: $u_control_shell.u_dtm.i_dmi_cdc.i_cdc_req.i_cdc_reset_ctrlr.i_cdc_reset_ctrlr_half_a.initiator_clear_out$5408
    16/18: $u_control_shell.u_dtm.i_dmi_cdc.i_cdc_req.i_cdc_reset_ctrlr.i_cdc_reset_ctrlr_half_a.initiator_isolate_out$5407
    17/18: $u_control_shell.u_dtm.i_dmi_cdc.i_cdc_req.i_cdc_reset_ctrlr.i_cdc_reset_ctrlr_half_a.initiator_phase_transition_req$5406
    18/18: $u_control_shell.u_dtm.i_dmi_cdc.i_cdc_req.i_cdc_reset_ctrlr.i_cdc_reset_ctrlr_half_a.initiator_clear_seq_phase$5405
Creating decoders for process `\agriasic_digital_rv32i_top.$6538'.
     1/11: $u_control_shell.u_dm.i_dm_csrs.data_q$6554
     2/11: $u_control_shell.u_dm.i_dm_csrs.progbuf_q$6553
     3/11: $u_control_shell.u_dm.i_dm_csrs.resume_pending_q$6552
     4/11: $u_control_shell.u_dm.i_dm_csrs.sbdata_q$6551
     5/11: $u_control_shell.u_dm.i_dm_csrs.sbaddr_q$6550
     6/11: $u_control_shell.u_dm.i_dm_csrs.sbcs_q$6549
     7/11: $u_control_shell.u_dm.i_dm_csrs.abstractauto_q$6548
     8/11: $u_control_shell.u_dm.i_dm_csrs.cmd_valid_q$6547
     9/11: $u_control_shell.u_dm.i_dm_csrs.command_q$6546
    10/11: $u_control_shell.u_dm.i_dm_csrs.cmderr_q$6545
    11/11: $u_control_shell.u_dm.i_dm_csrs.dmcontrol_q$6544
Creating decoders for process `\agriasic_digital_rv32i_top.$6522'.
     1/1: $u_control_shell.u_dm.i_dm_csrs.i_fifo.mem_q$6526
Creating decoders for process `\agriasic_digital_rv32i_top.$5360'.
     1/1: $u_control_shell.u_dtm.i_dmi_cdc.i_cdc_req.i_dst.data_dst_d$5364
Creating decoders for process `\agriasic_digital_rv32i_top.$5354'.
     1/2: $u_control_shell.u_dtm.i_dmi_cdc.i_cdc_req.i_dst.ack_dst_d$5357
     2/2: $u_control_shell.u_dtm.i_dmi_cdc.i_cdc_req.i_dst.ack_dst_d$5358
Creating decoders for process `\agriasic_digital_rv32i_top.$5853'.
     1/10: $u_control_shell.u_dtm.i_dmi_cdc.i_cdc_resp.i_cdc_reset_ctrlr.i_cdc_reset_ctrlr_half_a.i_state_transition_cdc_dst.state_d$5864
     2/10: $u_control_shell.u_dtm.i_dmi_cdc.i_cdc_resp.i_cdc_reset_ctrlr.i_cdc_reset_ctrlr_half_a.i_state_transition_cdc_dst.ack_dst_d$5863
     3/10: $u_control_shell.u_dtm.i_dmi_cdc.i_cdc_resp.i_cdc_reset_ctrlr.i_cdc_reset_ctrlr_half_a.i_state_transition_cdc_dst.state_d$5861
     4/10: $u_control_shell.u_dtm.i_dmi_cdc.i_cdc_resp.i_cdc_reset_ctrlr.i_cdc_reset_ctrlr_half_a.i_state_transition_cdc_dst.ack_dst_d$5860
     5/10: $u_control_shell.u_dtm.i_dmi_cdc.i_cdc_resp.i_cdc_reset_ctrlr.i_cdc_reset_ctrlr_half_a.i_state_transition_cdc_dst.state_d$5867
     6/10: $u_control_shell.u_dtm.i_dmi_cdc.i_cdc_resp.i_cdc_reset_ctrlr.i_cdc_reset_ctrlr_half_a.i_state_transition_cdc_dst.state_d$5856
     7/10: $u_control_shell.u_dtm.i_dmi_cdc.i_cdc_resp.i_cdc_reset_ctrlr.i_cdc_reset_ctrlr_half_a.i_state_transition_cdc_dst.state_d$5858
     8/10: $u_control_shell.u_dtm.i_dmi_cdc.i_cdc_resp.i_cdc_reset_ctrlr.i_cdc_reset_ctrlr_half_a.i_state_transition_cdc_dst.data_valid$5857
     9/10: $u_control_shell.u_dtm.i_dmi_cdc.i_cdc_resp.i_cdc_reset_ctrlr.i_cdc_reset_ctrlr_half_a.i_state_transition_cdc_dst.data_valid$5866
    10/10: $u_control_shell.u_dtm.i_dmi_cdc.i_cdc_resp.i_cdc_reset_ctrlr.i_cdc_reset_ctrlr_half_a.i_state_transition_cdc_dst.ack_dst_d$5865
Creating decoders for process `\agriasic_digital_rv32i_top.$6516'.
     1/3: $u_control_shell.u_dm.i_dm_csrs.i_fifo.status_cnt_q$6521
     2/3: $u_control_shell.u_dm.i_dm_csrs.i_fifo.write_pointer_q$6520
     3/3: $u_control_shell.u_dm.i_dm_csrs.i_fifo.read_pointer_q$6519
Creating decoders for process `\agriasic_digital_rv32i_top.$6487'.
     1/9: $u_control_shell.u_dm.i_dm_csrs.i_fifo.status_cnt_n$6514
     2/9: $u_control_shell.u_dm.i_dm_csrs.i_fifo.read_pointer_n$6505
     3/9: $u_control_shell.u_dm.i_dm_csrs.i_fifo.status_cnt_n$6508
     4/9: $u_control_shell.u_dm.i_dm_csrs.i_fifo.read_pointer_n$6507
     5/9: $u_control_shell.u_dm.i_dm_csrs.i_fifo.write_pointer_n$6495
     6/9: $u_control_shell.u_dm.i_dm_csrs.i_fifo.mem_n$6500
     7/9: $u_control_shell.u_dm.i_dm_csrs.i_fifo.status_cnt_n$6499
     8/9: $u_control_shell.u_dm.i_dm_csrs.i_fifo.write_pointer_n$6498
     9/9: $u_control_shell.u_dm.i_dm_csrs.i_fifo.gate_clock$6497
Creating decoders for process `\agriasic_digital_rv32i_top.$5316'.
     1/4: $u_control_shell.u_dtm.i_dmi_cdc.i_cdc_req.i_src.data_src_d$5320
     2/4: $u_control_shell.u_dtm.i_dmi_cdc.i_cdc_req.i_src.req_src_d$5319
     3/4: $u_control_shell.u_dtm.i_dmi_cdc.i_cdc_req.i_src.req_src_d$5321
     4/4: $u_control_shell.u_dtm.i_dmi_cdc.i_cdc_req.i_src.data_src_d$5322
Creating decoders for process `\agriasic_digital_rv32i_top.$6464'.
     1/1: $u_control_shell.u_dm.i_dm_csrs.haltreq_o$6468
Creating decoders for process `\agriasic_digital_rv32i_top.$5814'.
     1/11: $u_control_shell.u_dtm.i_dmi_cdc.i_cdc_resp.i_cdc_reset_ctrlr.i_cdc_reset_ctrlr_half_a.i_state_transition_cdc_src.state_d$5823
     2/11: $u_control_shell.u_dtm.i_dmi_cdc.i_cdc_resp.i_cdc_reset_ctrlr.i_cdc_reset_ctrlr_half_a.i_state_transition_cdc_src.ready_o$5822
     3/11: $u_control_shell.u_dtm.i_dmi_cdc.i_cdc_resp.i_cdc_reset_ctrlr.i_cdc_reset_ctrlr_half_a.i_state_transition_cdc_src.state_d$5820
     4/11: $u_control_shell.u_dtm.i_dmi_cdc.i_cdc_resp.i_cdc_reset_ctrlr.i_cdc_reset_ctrlr_half_a.i_state_transition_cdc_src.req_src_d$5819
     5/11: $u_control_shell.u_dtm.i_dmi_cdc.i_cdc_resp.i_cdc_reset_ctrlr.i_cdc_reset_ctrlr_half_a.i_state_transition_cdc_src.state_d$5827
     6/11: $u_control_shell.u_dtm.i_dmi_cdc.i_cdc_resp.i_cdc_reset_ctrlr.i_cdc_reset_ctrlr_half_a.i_state_transition_cdc_src.state_d$5817
     7/11: $u_control_shell.u_dtm.i_dmi_cdc.i_cdc_resp.i_cdc_reset_ctrlr.i_cdc_reset_ctrlr_half_a.i_state_transition_cdc_src.data_src_d$5816
     8/11: $u_control_shell.u_dtm.i_dmi_cdc.i_cdc_resp.i_cdc_reset_ctrlr.i_cdc_reset_ctrlr_half_a.i_state_transition_cdc_src.req_src_d$5815
     9/11: $u_control_shell.u_dtm.i_dmi_cdc.i_cdc_resp.i_cdc_reset_ctrlr.i_cdc_reset_ctrlr_half_a.i_state_transition_cdc_src.data_src_d$5826
    10/11: $u_control_shell.u_dtm.i_dmi_cdc.i_cdc_resp.i_cdc_reset_ctrlr.i_cdc_reset_ctrlr_half_a.i_state_transition_cdc_src.req_src_d$5825
    11/11: $u_control_shell.u_dtm.i_dmi_cdc.i_cdc_resp.i_cdc_reset_ctrlr.i_cdc_reset_ctrlr_half_a.i_state_transition_cdc_src.ready_o$5824
Creating decoders for process `\agriasic_digital_rv32i_top.$5256'.
     1/8: $u_control_shell.u_dtm.i_dmi_jtag_tap.tap_state_d$5273
     2/8: $u_control_shell.u_dtm.i_dmi_jtag_tap.test_logic_reset$5280
     3/8: $u_control_shell.u_dtm.i_dmi_jtag_tap.update_ir$5279
     4/8: $u_control_shell.u_dtm.i_dmi_jtag_tap.shift_ir$5278
     5/8: $u_control_shell.u_dtm.i_dmi_jtag_tap.capture_ir$5277
     6/8: $u_control_shell.u_dtm.i_dmi_jtag_tap.capture_dr$5276
     7/8: $u_control_shell.u_dtm.i_dmi_jtag_tap.shift_dr$5275
     8/8: $u_control_shell.u_dtm.i_dmi_jtag_tap.update_dr$5274
Creating decoders for process `\agriasic_digital_rv32i_top.$6213'.
     1/116: $u_control_shell.u_dm.i_dm_csrs.resume_pending_d$6459
     2/116: $u_control_shell.u_dm.i_dm_csrs.resume_pending_d$6456
     3/116: $u_control_shell.u_dm.i_dm_csrs.sbdata_d$6441
     4/116: $u_control_shell.u_dm.i_dm_csrs.sbcs_d[14:12]$6440
     5/116: $u_control_shell.u_dm.i_dm_csrs.havereset_d$6439
     6/116: $u_control_shell.u_dm.i_dm_csrs.cmderr_d$6438
     7/116: $u_control_shell.u_dm.i_dm_csrs.resp_queue_inp[1:0]$6407
     8/116: $u_control_shell.u_dm.i_dm_csrs.sbdata_d[63:32]$6406
     9/116: $u_control_shell.u_dm.i_dm_csrs.sbcs_d[22]$6405
    10/116: $u_control_shell.u_dm.i_dm_csrs.sbdata_d$6417 [63:32]
    11/116: $u_control_shell.u_dm.i_dm_csrs.sbdata_d$6417 [31:0]
    12/116: $u_control_shell.u_dm.i_dm_csrs.sbdata_d[31:0]$6401
    13/116: $u_control_shell.u_dm.i_dm_csrs.sbcs_d[22]$6400
    14/116: $u_control_shell.u_dm.i_dm_csrs.sbdata_write_valid_o$6399
    15/116: $u_control_shell.u_dm.i_dm_csrs.resp_queue_inp[1:0]$6395
    16/116: $u_control_shell.u_dm.i_dm_csrs.sbaddr_d[63:32]$6394
    17/116: $u_control_shell.u_dm.i_dm_csrs.sbcs_d[22]$6393
    18/116: $u_control_shell.u_dm.i_dm_csrs.sbaddr_d$6416 [63:32]
    19/116: $u_control_shell.u_dm.i_dm_csrs.sbaddr_d$6416 [31:0]
    20/116: $u_control_shell.u_dm.i_dm_csrs.sbcs_d$6415 [22]
    21/116: $u_control_shell.u_dm.i_dm_csrs.sbcs_d$6415 [21:0]
    22/116: $u_control_shell.u_dm.i_dm_csrs.sbaddr_d[31:0]$6389
    23/116: $u_control_shell.u_dm.i_dm_csrs.sbcs_d[22]$6388
    24/116: $u_control_shell.u_dm.i_dm_csrs.sbaddress_write_valid_o$6387
    25/116: $u_control_shell.u_dm.i_dm_csrs.sbcs_d$6381 [31:23]
    26/116: $u_control_shell.u_dm.i_dm_csrs.sbcs_d$6381 [21:0]
    27/116: $u_control_shell.u_dm.i_dm_csrs.sbcs$6383
    28/116: $u_control_shell.u_dm.i_dm_csrs.resp_queue_inp[1:0]$6382
    29/116: $u_control_shell.u_dm.i_dm_csrs.sbcs_d$6381 [22]
    30/116: $u_control_shell.u_dm.i_dm_csrs.cmderr_d$6371
    31/116: $u_control_shell.u_dm.i_dm_csrs.cmd_valid_d$6369
    32/116: $u_control_shell.u_dm.i_dm_csrs.resp_queue_inp[1:0]$6375
    33/116: $u_control_shell.u_dm.i_dm_csrs.progbuf_d$6374
    34/116: $u_control_shell.u_dm.i_dm_csrs.cmd_valid_d$6373
    35/116: $u_control_shell.u_dm.i_dm_csrs.cmderr_d$6372
    36/116: $u_control_shell.u_dm.i_dm_csrs.cmderr_d$6357
    37/116: $u_control_shell.u_dm.i_dm_csrs.resp_queue_inp[1:0]$6360
    38/116: $u_control_shell.u_dm.i_dm_csrs.abstractauto_d$6359
    39/116: $u_control_shell.u_dm.i_dm_csrs.cmderr_d$6358
    40/116: $u_control_shell.u_dm.i_dm_csrs.cmderr_d$6346
    41/116: $u_control_shell.u_dm.i_dm_csrs.resp_queue_inp[1:0]$6348
    42/116: $u_control_shell.u_dm.i_dm_csrs.cmderr_d$6347
    43/116: $u_control_shell.u_dm.i_dm_csrs.resp_queue_inp[1:0]$6352
    44/116: $u_control_shell.u_dm.i_dm_csrs.cmd_valid_d$6351
    45/116: $u_control_shell.u_dm.i_dm_csrs.command_d$6350
    46/116: $u_control_shell.u_dm.i_dm_csrs.cmderr_d$6349
    47/116: $u_control_shell.u_dm.i_dm_csrs.cmderr_d$6338
    48/116: $u_control_shell.u_dm.i_dm_csrs.cmderr_d$6339
    49/116: $u_control_shell.u_dm.i_dm_csrs.resp_queue_inp[1:0]$6340
    50/116: $u_control_shell.u_dm.i_dm_csrs.havereset_d$6330
    51/116: $u_control_shell.u_dm.i_dm_csrs.dmcontrol_d$6325 [31:2]
    52/116: $u_control_shell.u_dm.i_dm_csrs.dmcontrol_d$6325 [1:0]
    53/116: $u_control_shell.u_dm.i_dm_csrs.cmderr_d$6319
    54/116: $u_control_shell.u_dm.i_dm_csrs.cmd_valid_d$6317
    55/116: $u_control_shell.u_dm.i_dm_csrs.resp_queue_inp[1:0]$6323
    56/116: $u_control_shell.u_dm.i_dm_csrs.data_d_dmi$6322
    57/116: $u_control_shell.u_dm.i_dm_csrs.cmd_valid_d$6321
    58/116: $u_control_shell.u_dm.i_dm_csrs.cmderr_d$6320
    59/116: $u_control_shell.u_dm.i_dm_csrs.sbcs$6422
    60/116: $u_control_shell.u_dm.i_dm_csrs.resp_queue_inp[1:0]$6421
    61/116: $u_control_shell.u_dm.i_dm_csrs.data_d_dmi$6420
    62/116: $u_control_shell.u_dm.i_dm_csrs.progbuf_d$6419
    63/116: $u_control_shell.u_dm.i_dm_csrs.havereset_d$6418
    64/116: $u_control_shell.u_dm.i_dm_csrs.resp_queue_inp[1:0]$6402
    65/116: $u_control_shell.u_dm.i_dm_csrs.sbcs_d$6415 [31:23]
    66/116: $u_control_shell.u_dm.i_dm_csrs.resp_queue_inp[1:0]$6390
    67/116: $u_control_shell.u_dm.i_dm_csrs.abstractauto_d$6414
    68/116: $u_control_shell.u_dm.i_dm_csrs.cmd_valid_d$6413
    69/116: $u_control_shell.u_dm.i_dm_csrs.command_d$6412
    70/116: $u_control_shell.u_dm.i_dm_csrs.cmderr_d$6411
    71/116: $u_control_shell.u_dm.i_dm_csrs.dmcontrol_d$6410
    72/116: $u_control_shell.u_dm.i_dm_csrs.sbdata_write_valid_o$6409
    73/116: $u_control_shell.u_dm.i_dm_csrs.sbaddress_write_valid_o$6408
    74/116: $u_control_shell.u_dm.i_dm_csrs.sbcs$6437
    75/116: $u_control_shell.u_dm.i_dm_csrs.resp_queue_inp[1:0]$6436
    76/116: $u_control_shell.u_dm.i_dm_csrs.data_d_dmi$6435
    77/116: $u_control_shell.u_dm.i_dm_csrs.progbuf_d$6434
    78/116: $u_control_shell.u_dm.i_dm_csrs.havereset_d$6433
    79/116: $u_control_shell.u_dm.i_dm_csrs.sbdata_d$6432
    80/116: $u_control_shell.u_dm.i_dm_csrs.sbaddr_d$6431
    81/116: $u_control_shell.u_dm.i_dm_csrs.sbcs_d$6430
    82/116: $u_control_shell.u_dm.i_dm_csrs.abstractauto_d$6429
    83/116: $u_control_shell.u_dm.i_dm_csrs.cmd_valid_d$6428
    84/116: $u_control_shell.u_dm.i_dm_csrs.command_d$6427
    85/116: $u_control_shell.u_dm.i_dm_csrs.cmderr_d$6426
    86/116: $u_control_shell.u_dm.i_dm_csrs.dmcontrol_d$6425
    87/116: $u_control_shell.u_dm.i_dm_csrs.sbdata_write_valid_o$6424
    88/116: $u_control_shell.u_dm.i_dm_csrs.sbaddress_write_valid_o$6423
    89/116: $u_control_shell.u_dm.i_dm_csrs.resp_queue_inp$6300 [33:2]
    90/116: $u_control_shell.u_dm.i_dm_csrs.resp_queue_inp$6295 [1:0]
    91/116: $u_control_shell.u_dm.i_dm_csrs.sbcs_d[22]$6294
    92/116: $u_control_shell.u_dm.i_dm_csrs.resp_queue_inp$6300 [1:0]
    93/116: $u_control_shell.u_dm.i_dm_csrs.resp_queue_inp$6291 [1:0]
    94/116: $u_control_shell.u_dm.i_dm_csrs.sbcs_d[22]$6290
    95/116: $u_control_shell.u_dm.i_dm_csrs.sbdata_read_valid_o$6289
    96/116: $u_control_shell.u_dm.i_dm_csrs.resp_queue_inp$6295 [33:2]
    97/116: $u_control_shell.u_dm.i_dm_csrs.cmd_valid_d$6273
    98/116: $u_control_shell.u_dm.i_dm_csrs.resp_queue_inp[1:0]$6278
    99/116: $u_control_shell.u_dm.i_dm_csrs.cmd_valid_d$6277
   100/116: $u_control_shell.u_dm.i_dm_csrs.cmderr_d$6276
   101/116: $u_control_shell.u_dm.i_dm_csrs.resp_queue_inp$6291 [33:2]
   102/116: $u_control_shell.u_dm.i_dm_csrs.cmderr_d$6275
   103/116: $u_control_shell.u_dm.i_dm_csrs.cmd_valid_d$6252
   104/116: $u_control_shell.u_dm.i_dm_csrs.resp_queue_inp[1:0]$6257
   105/116: $u_control_shell.u_dm.i_dm_csrs.cmd_valid_d$6256
   106/116: $u_control_shell.u_dm.i_dm_csrs.cmderr_d$6255
   107/116: $u_control_shell.u_dm.i_dm_csrs.cmderr_d$6254
   108/116: $u_control_shell.u_dm.i_dm_csrs.sbcs_d[22]$6299
   109/116: $u_control_shell.u_dm.i_dm_csrs.cmd_valid_d$6298
   110/116: $u_control_shell.u_dm.i_dm_csrs.cmderr_d$6297
   111/116: $u_control_shell.u_dm.i_dm_csrs.sbdata_read_valid_o$6296
   112/116: $u_control_shell.u_dm.i_dm_csrs.resp_queue_inp$6305
   113/116: $u_control_shell.u_dm.i_dm_csrs.sbcs_d[22]$6304
   114/116: $u_control_shell.u_dm.i_dm_csrs.cmd_valid_d$6303
   115/116: $u_control_shell.u_dm.i_dm_csrs.cmderr_d$6302
   116/116: $u_control_shell.u_dm.i_dm_csrs.sbdata_read_valid_o$6301
Creating decoders for process `\agriasic_digital_rv32i_top.$5238'.
     1/2: $u_control_shell.u_dtm.i_dmi_jtag_tap.tdo_mux$5239
     2/2: $u_control_shell.u_dtm.i_dmi_jtag_tap.tdo_mux$5240
Creating decoders for process `\agriasic_digital_rv32i_top.$5232'.
     1/4: $u_control_shell.u_dtm.i_dmi_jtag_tap.bypass_select$5236
     2/4: $u_control_shell.u_dtm.i_dmi_jtag_tap.idcode_select$5235
     3/4: $u_control_shell.u_dtm.i_dmi_jtag_tap.dmi_select_o$5234
     4/4: $u_control_shell.u_dtm.i_dmi_jtag_tap.dtmcs_select_o$5233
Creating decoders for process `\agriasic_digital_rv32i_top.$5219'.
     1/10: $u_control_shell.u_dtm.i_dmi_jtag_tap.bypass_d$5230
     2/10: $u_control_shell.u_dtm.i_dmi_jtag_tap.idcode_d$5229
     3/10: $u_control_shell.u_dtm.i_dmi_jtag_tap.bypass_d$5226
     4/10: $u_control_shell.u_dtm.i_dmi_jtag_tap.idcode_d$5225
     5/10: $u_control_shell.u_dtm.i_dmi_jtag_tap.bypass_d$5228
     6/10: $u_control_shell.u_dtm.i_dmi_jtag_tap.idcode_d$5227
     7/10: $u_control_shell.u_dtm.i_dmi_jtag_tap.bypass_d$5221
     8/10: $u_control_shell.u_dtm.i_dmi_jtag_tap.idcode_d$5220
     9/10: $u_control_shell.u_dtm.i_dmi_jtag_tap.bypass_d$5223
    10/10: $u_control_shell.u_dtm.i_dmi_jtag_tap.idcode_d$5222
Creating decoders for process `\agriasic_digital_rv32i_top.$6201'.
     1/1: $u_control_shell.u_dm.i_dm_csrs.clear_resumeack_o$6211
Creating decoders for process `\agriasic_digital_rv32i_top.$5209'.
     1/5: $u_control_shell.u_dtm.i_dmi_jtag_tap.jtag_ir_d$5214
     2/5: $u_control_shell.u_dtm.i_dmi_jtag_tap.jtag_ir_shift_d$5213
     3/5: $u_control_shell.u_dtm.i_dmi_jtag_tap.jtag_ir_d$5212
     4/5: $u_control_shell.u_dtm.i_dmi_jtag_tap.jtag_ir_shift_d$5211
     5/5: $u_control_shell.u_dtm.i_dmi_jtag_tap.jtag_ir_shift_d$5210
Creating decoders for process `\agriasic_digital_rv32i_top.$5781'.
     1/18: $u_control_shell.u_dtm.i_dmi_cdc.i_cdc_resp.i_cdc_reset_ctrlr.i_cdc_reset_ctrlr_half_a.initiator_state_d$5796
     2/18: $u_control_shell.u_dtm.i_dmi_cdc.i_cdc_resp.i_cdc_reset_ctrlr.i_cdc_reset_ctrlr_half_a.initiator_state_d$5795
     3/18: $u_control_shell.u_dtm.i_dmi_cdc.i_cdc_resp.i_cdc_reset_ctrlr.i_cdc_reset_ctrlr_half_a.initiator_state_d$5794
     4/18: $u_control_shell.u_dtm.i_dmi_cdc.i_cdc_resp.i_cdc_reset_ctrlr.i_cdc_reset_ctrlr_half_a.initiator_state_d$5793
     5/18: $u_control_shell.u_dtm.i_dmi_cdc.i_cdc_resp.i_cdc_reset_ctrlr.i_cdc_reset_ctrlr_half_a.initiator_state_d$5790
     6/18: $u_control_shell.u_dtm.i_dmi_cdc.i_cdc_resp.i_cdc_reset_ctrlr.i_cdc_reset_ctrlr_half_a.initiator_state_d$5791
     7/18: $u_control_shell.u_dtm.i_dmi_cdc.i_cdc_resp.i_cdc_reset_ctrlr.i_cdc_reset_ctrlr_half_a.initiator_state_d$5792
     8/18: $u_control_shell.u_dtm.i_dmi_cdc.i_cdc_resp.i_cdc_reset_ctrlr.i_cdc_reset_ctrlr_half_a.initiator_state_d$5788
     9/18: $u_control_shell.u_dtm.i_dmi_cdc.i_cdc_resp.i_cdc_reset_ctrlr.i_cdc_reset_ctrlr_half_a.initiator_state_d$5787
    10/18: $u_control_shell.u_dtm.i_dmi_cdc.i_cdc_resp.i_cdc_reset_ctrlr.i_cdc_reset_ctrlr_half_a.initiator_state_d$5784
    11/18: $u_control_shell.u_dtm.i_dmi_cdc.i_cdc_resp.i_cdc_reset_ctrlr.i_cdc_reset_ctrlr_half_a.initiator_state_d$5785
    12/18: $u_control_shell.u_dtm.i_dmi_cdc.i_cdc_resp.i_cdc_reset_ctrlr.i_cdc_reset_ctrlr_half_a.initiator_state_d$5786
    13/18: $u_control_shell.u_dtm.i_dmi_cdc.i_cdc_resp.i_cdc_reset_ctrlr.i_cdc_reset_ctrlr_half_a.initiator_state_d$5797
    14/18: $u_control_shell.u_dtm.i_dmi_cdc.i_cdc_resp.i_cdc_reset_ctrlr.i_cdc_reset_ctrlr_half_a.initiator_state_d$5782
    15/18: $u_control_shell.u_dtm.i_dmi_cdc.i_cdc_resp.i_cdc_reset_ctrlr.i_cdc_reset_ctrlr_half_a.initiator_clear_out$5801
    16/18: $u_control_shell.u_dtm.i_dmi_cdc.i_cdc_resp.i_cdc_reset_ctrlr.i_cdc_reset_ctrlr_half_a.initiator_isolate_out$5800
    17/18: $u_control_shell.u_dtm.i_dmi_cdc.i_cdc_resp.i_cdc_reset_ctrlr.i_cdc_reset_ctrlr_half_a.initiator_phase_transition_req$5799
    18/18: $u_control_shell.u_dtm.i_dmi_cdc.i_cdc_resp.i_cdc_reset_ctrlr.i_cdc_reset_ctrlr_half_a.initiator_clear_seq_phase$5798
Creating decoders for process `\agriasic_digital_rv32i_top.$5192'.
     1/7: $u_control_shell.u_dtm.dr_d$5202
     2/7: $u_control_shell.u_dtm.dr_d$5203
     3/7: $u_control_shell.u_dtm.dr_d$5198
     4/7: $u_control_shell.u_dtm.dr_d$5199
     5/7: $u_control_shell.u_dtm.dr_d$5200
     6/7: $u_control_shell.u_dtm.dr_d$5201
     7/7: $u_control_shell.u_dtm.dr_d$5204
Creating decoders for process `\agriasic_digital_rv32i_top.$5134'.
     1/38: $u_control_shell.u_dtm.error_d$5182
     2/38: $u_control_shell.u_dtm.error_d$5179
     3/38: $u_control_shell.u_dtm.error_d$5176
     4/38: $u_control_shell.u_dtm.error_dmi_busy$5173
     5/38: $u_control_shell.u_dtm.error_dmi_busy$5168
     6/38: $u_control_shell.u_dtm.state_d$5159
     7/38: $u_control_shell.u_dtm.error_dmi_op_failed$5155
     8/38: $u_control_shell.u_dtm.error_dmi_busy$5154
     9/38: $u_control_shell.u_dtm.error_dmi_op_failed$5158
    10/38: $u_control_shell.u_dtm.error_dmi_busy$5157
    11/38: $u_control_shell.u_dtm.state_d$5156
    12/38: $u_control_shell.u_dtm.state_d$5153
    13/38: $u_control_shell.u_dtm.data_d$5146
    14/38: $u_control_shell.u_dtm.error_dmi_op_failed$5148
    15/38: $u_control_shell.u_dtm.error_dmi_busy$5147
    16/38: $u_control_shell.u_dtm.error_dmi_op_failed$5152
    17/38: $u_control_shell.u_dtm.error_dmi_busy$5151
    18/38: $u_control_shell.u_dtm.data_d$5150
    19/38: $u_control_shell.u_dtm.state_d$5149
    20/38: $u_control_shell.u_dtm.state_d$5145
    21/38: $u_control_shell.u_dtm.state_d$5161
    22/38: $u_control_shell.u_dtm.state_d$5140
    23/38: $u_control_shell.u_dtm.state_d$5141
    24/38: $u_control_shell.u_dtm.data_d$5144
    25/38: $u_control_shell.u_dtm.address_d$5143
    26/38: $u_control_shell.u_dtm.state_d$5142
    27/38: $u_control_shell.u_dtm.error_dmi_op_failed$5165
    28/38: $u_control_shell.u_dtm.error_dmi_busy$5164
    29/38: $u_control_shell.u_dtm.data_d$5163
    30/38: $u_control_shell.u_dtm.address_d$5162
    31/38: $u_control_shell.u_dtm.dmi_req_valid$5160
    32/38: $u_control_shell.u_dtm.data_d$5187
    33/38: $u_control_shell.u_dtm.address_d$5186
    34/38: $u_control_shell.u_dtm.state_d$5185
    35/38: $u_control_shell.u_dtm.error_d$5183
    36/38: $u_control_shell.u_dtm.error_dmi_op_failed$5189
    37/38: $u_control_shell.u_dtm.error_dmi_busy$5188
    38/38: $u_control_shell.u_dtm.dmi_req_valid$5184
Creating decoders for process `\agriasic_digital_rv32i_top.$7193'.
     1/40: $u_measurement_top.u_measurement_fsm.state_d$7232
     2/40: $u_measurement_top.u_measurement_fsm.state_d$7228
     3/40: $u_measurement_top.u_measurement_fsm.q_shadow_d$7230
     4/40: $u_measurement_top.u_measurement_fsm.i_shadow_d$7229
     5/40: $u_measurement_top.u_measurement_fsm.state_d$7224
     6/40: $u_measurement_top.u_measurement_fsm.state_d$7223
     7/40: $u_measurement_top.u_measurement_fsm.sample_phase_o$7222
     8/40: $u_measurement_top.u_measurement_fsm.sample_req_o$7221
     9/40: $u_measurement_top.u_measurement_fsm.state_d$7219
    10/40: $u_measurement_top.u_measurement_fsm.state_d$7218
    11/40: $u_measurement_top.u_measurement_fsm.sample_phase_o$7217
    12/40: $u_measurement_top.u_measurement_fsm.sample_req_o$7216
    13/40: $u_measurement_top.u_measurement_fsm.state_d$7213
    14/40: $u_measurement_top.u_measurement_fsm.state_d$7212
    15/40: $u_measurement_top.u_measurement_fsm.sample_phase_o$7211
    16/40: $u_measurement_top.u_measurement_fsm.sample_req_o$7210
    17/40: $u_measurement_top.u_measurement_fsm.state_d$7208
    18/40: $u_measurement_top.u_measurement_fsm.state_d$7207
    19/40: $u_measurement_top.u_measurement_fsm.sample_phase_o$7206
    20/40: $u_measurement_top.u_measurement_fsm.sample_req_o$7205
    21/40: $u_measurement_top.u_measurement_fsm.settle_count_d$7201
    22/40: $u_measurement_top.u_measurement_fsm.settle_count_d$7203
    23/40: $u_measurement_top.u_measurement_fsm.state_d$7202
    24/40: $u_measurement_top.u_measurement_fsm.state_d$7238
    25/40: $u_measurement_top.u_measurement_fsm.settle_count_d$7198
    26/40: $u_measurement_top.u_measurement_fsm.q_acc_d$7197
    27/40: $u_measurement_top.u_measurement_fsm.i_acc_d$7196
    28/40: $u_measurement_top.u_measurement_fsm.pair_count_d$7195
    29/40: $u_measurement_top.u_measurement_fsm.state_d$7194
    30/40: $u_measurement_top.u_measurement_fsm.settle_count_d$7244
    31/40: $u_measurement_top.u_measurement_fsm.q_shadow_d$7243
    32/40: $u_measurement_top.u_measurement_fsm.i_shadow_d$7242
    33/40: $u_measurement_top.u_measurement_fsm.q_acc_d$7241
    34/40: $u_measurement_top.u_measurement_fsm.i_acc_d$7240
    35/40: $u_measurement_top.u_measurement_fsm.pair_count_d$7239
    36/40: $u_measurement_top.u_measurement_fsm.done_o$7237
    37/40: $u_measurement_top.u_measurement_fsm.busy_o$7236
    38/40: $u_measurement_top.u_measurement_fsm.sample_phase_o$7235
    39/40: $u_measurement_top.u_measurement_fsm.sample_req_o$7234
    40/40: $u_measurement_top.u_measurement_fsm.exc_enable_o$7233
Creating decoders for process `\agriasic_digital_rv32i_top.$5117'.
     1/4: $u_control_shell.u_dtm.dtmcs_d$5121
     2/4: $u_control_shell.u_dtm.dtmcs_d$5122
     3/4: $u_control_shell.u_dtm.dtmcs_d$5118
     4/4: $u_control_shell.u_dtm.dtmcs_d$5119
Creating decoders for process `\agriasic_digital_rv32i_top.$5060'.
     1/2: $u_control_shell.u_boot.fw_div_q$5064
     2/2: $u_control_shell.u_boot.fw_cs_n_q$5063
Creating decoders for process `\agriasic_digital_rv32i_top.$4972'.
     1/18: $u_control_shell.u_boot.fw_valid_q$5049
     2/18: $u_control_shell.u_boot.fw_valid_q$5050
     3/18: $u_control_shell.u_boot.fw_valid_q$5051
     4/18: $u_control_shell.u_boot.crc_q$5032
     5/18: $u_control_shell.u_boot.word_q$5031
     6/18: $u_control_shell.u_boot.off_q$5030
     7/18: $u_control_shell.u_boot.byte_idx_q$4989
     8/18: $u_control_shell.u_boot.byte_idx_q$4987
     9/18: $u_control_shell.u_boot.bus_err_q$5039
    10/18: $u_control_shell.u_boot.crc_q$5038
    11/18: $u_control_shell.u_boot.word_q$5037
    12/18: $u_control_shell.u_boot.off_q$5036
    13/18: $u_control_shell.u_boot.length_q$5035
    14/18: $u_control_shell.u_boot.byte_idx_q$5034
    15/18: $u_control_shell.u_boot.delay_q$5033
    16/18: $u_control_shell.u_boot.force_flash_q$4979
    17/18: $u_control_shell.u_boot.force_flash_q$4980
    18/18: $u_control_shell.u_boot.bus_err_q$4975
Creating decoders for process `\agriasic_digital_rv32i_top.$4899'.
     1/28: $u_control_shell.u_boot.err_d$4963
     2/28: $u_control_shell.u_boot.state_d$4962
     3/28: $u_control_shell.u_boot.state_d$4958
     4/28: $u_control_shell.u_boot.err_d$4959
     5/28: $u_control_shell.u_boot.err_d$4961
     6/28: $u_control_shell.u_boot.state_d$4960
     7/28: $u_control_shell.u_boot.state_d$4954
     8/28: $u_control_shell.u_boot.state_d$4951
     9/28: $u_control_shell.u_boot.boot_start$4948
    10/28: $u_control_shell.u_boot.state_d$4941
    11/28: $u_control_shell.u_boot.err_d$4942
    12/28: $u_control_shell.u_boot.err_d$4944
    13/28: $u_control_shell.u_boot.state_d$4943
    14/28: $u_control_shell.u_boot.state_d$4932
    15/28: $u_control_shell.u_boot.hdr_d$4934
    16/28: $u_control_shell.u_boot.state_d$4933
    17/28: $u_control_shell.u_boot.boot_start$4918
    18/28: $u_control_shell.u_boot.state_d$4914
    19/28: $u_control_shell.u_boot.boot_start$4911
    20/28: $u_control_shell.u_boot.state_d$4965
    21/28: $u_control_shell.u_boot.state_d$4904
    22/28: $u_control_shell.u_boot.state_d$4905
    23/28: $u_control_shell.u_boot.boot_tx$4970
    24/28: $u_control_shell.u_boot.boot_start$4969
    25/28: $u_control_shell.u_boot.boot_cs_n$4968
    26/28: $u_control_shell.u_boot.hdr_d$4967
    27/28: $u_control_shell.u_boot.err_d$4966
    28/28: $u_control_shell.u_boot.bus_req_o$4964
Creating decoders for process `\agriasic_digital_rv32i_top.$4858'.
     1/25: $u_control_shell.u_boot.div_cnt_q$4880
     2/25: $u_control_shell.u_boot.eng_rx$4870
     3/25: $u_control_shell.u_boot.eng_done$4869
     4/25: $u_control_shell.u_boot.sck_q$4874
     5/25: $u_control_shell.u_boot.sh_rx_q$4876
     6/25: $u_control_shell.u_boot.sh_tx_q$4875
     7/25: $u_control_shell.u_boot.bit_cnt_q$4873
     8/25: $u_control_shell.u_boot.eng_rx$4872
     9/25: $u_control_shell.u_boot.eng_done$4871
    10/25: $u_control_shell.u_boot.sh_rx_q$4884
    11/25: $u_control_shell.u_boot.sh_tx_q$4883
    12/25: $u_control_shell.u_boot.sck_q$4882
    13/25: $u_control_shell.u_boot.bit_cnt_q$4881
    14/25: $u_control_shell.u_boot.eng_rx$4879
    15/25: $u_control_shell.u_boot.eng_done$4878
    16/25: $u_control_shell.u_boot.sh_tx_q$4890
    17/25: $u_control_shell.u_boot.sck_q$4889
    18/25: $u_control_shell.u_boot.bit_cnt_q$4888
    19/25: $u_control_shell.u_boot.div_cnt_q$4887
    20/25: $u_control_shell.u_boot.sh_tx_q$4864
    21/25: $u_control_shell.u_boot.bit_cnt_q$4863
    22/25: $u_control_shell.u_boot.div_cnt_q$4862
    23/25: $u_control_shell.u_boot.sh_rx_q$4891
    24/25: $u_control_shell.u_boot.eng_rx$4886
    25/25: $u_control_shell.u_boot.eng_done$4885
Creating decoders for process `\agriasic_digital_rv32i_top.$4811'.
     1/1: $u_control_shell.u_mmio.periph_dout_q$4815
Creating decoders for process `\agriasic_digital_rv32i_top.$4808'.
     1/1: $u_control_shell.u_mmio.periph_rdata$4809
Creating decoders for process `\agriasic_digital_rv32i_top.$4798'.
     1/4: $u_control_shell.u_mmio.meas_done_q$4802
     2/4: $u_control_shell.u_mmio.meas_busy_q$4801
     3/4: $u_control_shell.u_mmio.meas_done_q$4804
     4/4: $u_control_shell.u_mmio.meas_busy_q$4803
Creating decoders for process `\agriasic_digital_rv32i_top.$4779'.
     1/2: $u_control_shell.u_mmio.spi_data_wdata_o$4793
     2/2: $u_control_shell.u_mmio.spi_ctrl_wdata_o$4792
Creating decoders for process `\agriasic_digital_rv32i_top.$4754'.
     1/22: $u_control_shell.u_mmio.trap_seen_q$4760
     2/22: $u_control_shell.u_mmio.fw_done_q$4759
     3/22: $u_control_shell.u_mmio.trap_seen_q$4762
     4/22: $u_control_shell.u_mmio.fw_done_q$4761
     5/22: $u_control_shell.u_mmio.trap_seen_q$4770
     6/22: $u_control_shell.u_mmio.fw_done_q$4769
     7/22: $u_control_shell.u_mmio.cfg_conv_q$4768
     8/22: $u_control_shell.u_mmio.cfg_divider_q$4767
     9/22: $u_control_shell.u_mmio.cfg_settle_q$4766
    10/22: $u_control_shell.u_mmio.cfg_pair_log2_q$4765
    11/22: $u_control_shell.u_mmio.clear_errors_o$4764
    12/22: $u_control_shell.u_mmio.start_pulse_o$4763
    13/22: $u_control_shell.u_mmio.trap_seen_q$4778
    14/22: $u_control_shell.u_mmio.fw_done_q$4777
    15/22: $u_control_shell.u_mmio.cfg_conv_q$4776
    16/22: $u_control_shell.u_mmio.cfg_divider_q$4775
    17/22: $u_control_shell.u_mmio.cfg_settle_q$4774
    18/22: $u_control_shell.u_mmio.cfg_pair_log2_q$4773
    19/22: $u_control_shell.u_mmio.clear_errors_o$4772
    20/22: $u_control_shell.u_mmio.start_pulse_o$4771
    21/22: $u_control_shell.u_mmio.trap_seen_q$4758
    22/22: $u_control_shell.u_mmio.fw_done_q$4757
Creating decoders for process `\agriasic_digital_rv32i_top.$4661'.
     1/2: $4660
     2/2: $u_control_shell.u_bus.rdata_mux.rdata_mux$4659
Creating decoders for process `\agriasic_digital_rv32i_top.$4650'.
     1/2: $4649
     2/2: $u_control_shell.u_bus.rdata_mux.rdata_mux$4648
Creating decoders for process `\agriasic_digital_rv32i_top.$4639'.
     1/2: $4638
     2/2: $u_control_shell.u_bus.rdata_mux.rdata_mux$4637
Creating decoders for process `\agriasic_digital_rv32i_top.$4631'.
     1/2: $4630
     2/2: $u_control_shell.u_bus.rdata_mux.rdata_mux$4629
Creating decoders for process `\agriasic_digital_rv32i_top.$7134'.
     1/31: $u_measurement_top.u_sar_controller.state_q$7160
     2/31: $u_measurement_top.u_sar_controller.d_minus_o$7153
     3/31: $u_measurement_top.u_sar_controller.d_plus_o$7152
     4/31: $u_measurement_top.u_sar_controller.bit_idx_q$7161
     5/31: $u_measurement_top.u_sar_controller.adc_enable_o$7159
     6/31: $u_measurement_top.u_sar_controller.d_minus_o$7158
     7/31: $u_measurement_top.u_sar_controller.d_plus_o$7157
     8/31: $u_measurement_top.u_sar_controller.busy_o$7156
     9/31: $u_measurement_top.u_sar_controller.sample_done_o$7155
    10/31: $u_measurement_top.u_sar_controller.regen_cnt_q$7150
    11/31: $u_measurement_top.u_sar_controller.state_q$7149
    12/31: $u_measurement_top.u_sar_controller.state_q$7169
    13/31: $u_measurement_top.u_sar_controller.phase_q$7146
    14/31: $u_measurement_top.u_sar_controller.dac_reg_q$7145
    15/31: $u_measurement_top.u_sar_controller.bit_idx_q$7144
    16/31: $u_measurement_top.u_sar_controller.state_q$7143
    17/31: $u_measurement_top.u_sar_controller.adc_sample_o$7142
    18/31: $u_measurement_top.u_sar_controller.adc_enable_o$7141
    19/31: $u_measurement_top.u_sar_controller.busy_o$7140
    20/31: $u_measurement_top.u_sar_controller.conv_start_o$7139
    21/31: $u_measurement_top.u_sar_controller.phase_q$7173
    22/31: $u_measurement_top.u_sar_controller.regen_cnt_q$7172
    23/31: $u_measurement_top.u_sar_controller.dac_reg_q$7171
    24/31: $u_measurement_top.u_sar_controller.bit_idx_q$7170
    25/31: $u_measurement_top.u_sar_controller.adc_sample_o$7168
    26/31: $u_measurement_top.u_sar_controller.adc_enable_o$7167
    27/31: $u_measurement_top.u_sar_controller.d_minus_o$7166
    28/31: $u_measurement_top.u_sar_controller.d_plus_o$7165
    29/31: $u_measurement_top.u_sar_controller.busy_o$7164
    30/31: $u_measurement_top.u_sar_controller.sample_done_o$7163
    31/31: $u_measurement_top.u_sar_controller.conv_start_o$7162
Creating decoders for process `\agriasic_digital_rv32i_top.$4406'.
     1/67: $4508
     2/67: $u_control_shell.u_bus.decode.decode$4507
     3/67: $4506
     4/67: $u_control_shell.u_bus.decode.decode$4505
     5/67: $4510
     6/67: $u_control_shell.u_bus.decode.decode$4509
     7/67: $4501
     8/67: $u_control_shell.u_bus.decode.decode$4500
     9/67: $4512
    10/67: $u_control_shell.u_bus.decode.decode$4511
    11/67: $4496
    12/67: $u_control_shell.u_bus.decode.decode$4495
    13/67: $u_control_shell.u_bus.m3_tgt$4516
    14/67: $4514
    15/67: $u_control_shell.u_bus.decode.decode$4513
    16/67: $4491
    17/67: $u_control_shell.u_bus.decode.decode$4490
    18/67: $4480
    19/67: $u_control_shell.u_bus.decode.decode$4479
    20/67: $4478
    21/67: $u_control_shell.u_bus.decode.decode$4477
    22/67: $4482
    23/67: $u_control_shell.u_bus.decode.decode$4481
    24/67: $4473
    25/67: $u_control_shell.u_bus.decode.decode$4472
    26/67: $4484
    27/67: $u_control_shell.u_bus.decode.decode$4483
    28/67: $4468
    29/67: $u_control_shell.u_bus.decode.decode$4467
    30/67: $u_control_shell.u_bus.m2_tgt$4488
    31/67: $4486
    32/67: $u_control_shell.u_bus.decode.decode$4485
    33/67: $4454
    34/67: $u_control_shell.u_bus.decode.decode$4453
    35/67: $4452
    36/67: $u_control_shell.u_bus.decode.decode$4451
    37/67: $4456
    38/67: $u_control_shell.u_bus.decode.decode$4455
    39/67: $4447
    40/67: $u_control_shell.u_bus.decode.decode$4446
    41/67: $4458
    42/67: $u_control_shell.u_bus.decode.decode$4457
    43/67: $4442
    44/67: $u_control_shell.u_bus.decode.decode$4441
    45/67: $4463
    46/67: $u_control_shell.u_bus.decode.decode$4462
    47/67: $4460
    48/67: $u_control_shell.u_bus.decode.decode$4459
    49/67: $4437
    50/67: $u_control_shell.u_bus.decode.decode$4436
    51/67: $4426
    52/67: $u_control_shell.u_bus.decode.decode$4425
    53/67: $4424
    54/67: $u_control_shell.u_bus.decode.decode$4423
    55/67: $4428
    56/67: $u_control_shell.u_bus.decode.decode$4427
    57/67: $4419
    58/67: $u_control_shell.u_bus.decode.decode$4418
    59/67: $4430
    60/67: $u_control_shell.u_bus.decode.decode$4429
    61/67: $4414
    62/67: $u_control_shell.u_bus.decode.decode$4413
    63/67: $u_control_shell.u_bus.m0_tgt$4434
    64/67: $4432
    65/67: $u_control_shell.u_bus.decode.decode$4431
    66/67: $4409
    67/67: $u_control_shell.u_bus.decode.decode$4408
Creating decoders for process `\agriasic_digital_rv32i_top.$4224'.
     1/1: $u_control_shell.u_core.gen_regfile_ff.register_file_i.g_plain_rf.g_rf_flops[31].rf_reg_q$4227
Creating decoders for process `\agriasic_digital_rv32i_top.$4219'.
     1/1: $u_control_shell.u_core.gen_regfile_ff.register_file_i.g_plain_rf.g_rf_flops[30].rf_reg_q$4222
Creating decoders for process `\agriasic_digital_rv32i_top.$4214'.
     1/1: $u_control_shell.u_core.gen_regfile_ff.register_file_i.g_plain_rf.g_rf_flops[29].rf_reg_q$4217
Creating decoders for process `\agriasic_digital_rv32i_top.$4209'.
     1/1: $u_control_shell.u_core.gen_regfile_ff.register_file_i.g_plain_rf.g_rf_flops[28].rf_reg_q$4212
Creating decoders for process `\agriasic_digital_rv32i_top.$4204'.
     1/1: $u_control_shell.u_core.gen_regfile_ff.register_file_i.g_plain_rf.g_rf_flops[27].rf_reg_q$4207
Creating decoders for process `\agriasic_digital_rv32i_top.$4199'.
     1/1: $u_control_shell.u_core.gen_regfile_ff.register_file_i.g_plain_rf.g_rf_flops[26].rf_reg_q$4202
Creating decoders for process `\agriasic_digital_rv32i_top.$4194'.
     1/1: $u_control_shell.u_core.gen_regfile_ff.register_file_i.g_plain_rf.g_rf_flops[25].rf_reg_q$4197
Creating decoders for process `\agriasic_digital_rv32i_top.$4189'.
     1/1: $u_control_shell.u_core.gen_regfile_ff.register_file_i.g_plain_rf.g_rf_flops[24].rf_reg_q$4192
Creating decoders for process `\agriasic_digital_rv32i_top.$4184'.
     1/1: $u_control_shell.u_core.gen_regfile_ff.register_file_i.g_plain_rf.g_rf_flops[23].rf_reg_q$4187
Creating decoders for process `\agriasic_digital_rv32i_top.$4179'.
     1/1: $u_control_shell.u_core.gen_regfile_ff.register_file_i.g_plain_rf.g_rf_flops[22].rf_reg_q$4182
Creating decoders for process `\agriasic_digital_rv32i_top.$4174'.
     1/1: $u_control_shell.u_core.gen_regfile_ff.register_file_i.g_plain_rf.g_rf_flops[21].rf_reg_q$4177
Creating decoders for process `\agriasic_digital_rv32i_top.$4169'.
     1/1: $u_control_shell.u_core.gen_regfile_ff.register_file_i.g_plain_rf.g_rf_flops[20].rf_reg_q$4172
Creating decoders for process `\agriasic_digital_rv32i_top.$4164'.
     1/1: $u_control_shell.u_core.gen_regfile_ff.register_file_i.g_plain_rf.g_rf_flops[19].rf_reg_q$4167
Creating decoders for process `\agriasic_digital_rv32i_top.$4159'.
     1/1: $u_control_shell.u_core.gen_regfile_ff.register_file_i.g_plain_rf.g_rf_flops[18].rf_reg_q$4162
Creating decoders for process `\agriasic_digital_rv32i_top.$4154'.
     1/1: $u_control_shell.u_core.gen_regfile_ff.register_file_i.g_plain_rf.g_rf_flops[17].rf_reg_q$4157
Creating decoders for process `\agriasic_digital_rv32i_top.$4149'.
     1/1: $u_control_shell.u_core.gen_regfile_ff.register_file_i.g_plain_rf.g_rf_flops[16].rf_reg_q$4152
Creating decoders for process `\agriasic_digital_rv32i_top.$4144'.
     1/1: $u_control_shell.u_core.gen_regfile_ff.register_file_i.g_plain_rf.g_rf_flops[15].rf_reg_q$4147
Creating decoders for process `\agriasic_digital_rv32i_top.$4139'.
     1/1: $u_control_shell.u_core.gen_regfile_ff.register_file_i.g_plain_rf.g_rf_flops[14].rf_reg_q$4142
Creating decoders for process `\agriasic_digital_rv32i_top.$4134'.
     1/1: $u_control_shell.u_core.gen_regfile_ff.register_file_i.g_plain_rf.g_rf_flops[13].rf_reg_q$4137
Creating decoders for process `\agriasic_digital_rv32i_top.$4129'.
     1/1: $u_control_shell.u_core.gen_regfile_ff.register_file_i.g_plain_rf.g_rf_flops[12].rf_reg_q$4132
Creating decoders for process `\agriasic_digital_rv32i_top.$4124'.
     1/1: $u_control_shell.u_core.gen_regfile_ff.register_file_i.g_plain_rf.g_rf_flops[11].rf_reg_q$4127
Creating decoders for process `\agriasic_digital_rv32i_top.$4119'.
     1/1: $u_control_shell.u_core.gen_regfile_ff.register_file_i.g_plain_rf.g_rf_flops[10].rf_reg_q$4122
Creating decoders for process `\agriasic_digital_rv32i_top.$4114'.
     1/1: $u_control_shell.u_core.gen_regfile_ff.register_file_i.g_plain_rf.g_rf_flops[9].rf_reg_q$4117
Creating decoders for process `\agriasic_digital_rv32i_top.$4109'.
     1/1: $u_control_shell.u_core.gen_regfile_ff.register_file_i.g_plain_rf.g_rf_flops[8].rf_reg_q$4112
Creating decoders for process `\agriasic_digital_rv32i_top.$4104'.
     1/1: $u_control_shell.u_core.gen_regfile_ff.register_file_i.g_plain_rf.g_rf_flops[7].rf_reg_q$4107
Creating decoders for process `\agriasic_digital_rv32i_top.$4099'.
     1/1: $u_control_shell.u_core.gen_regfile_ff.register_file_i.g_plain_rf.g_rf_flops[6].rf_reg_q$4102
Creating decoders for process `\agriasic_digital_rv32i_top.$4094'.
     1/1: $u_control_shell.u_core.gen_regfile_ff.register_file_i.g_plain_rf.g_rf_flops[5].rf_reg_q$4097
Creating decoders for process `\agriasic_digital_rv32i_top.$4089'.
     1/1: $u_control_shell.u_core.gen_regfile_ff.register_file_i.g_plain_rf.g_rf_flops[4].rf_reg_q$4092
Creating decoders for process `\agriasic_digital_rv32i_top.$4084'.
     1/1: $u_control_shell.u_core.gen_regfile_ff.register_file_i.g_plain_rf.g_rf_flops[3].rf_reg_q$4087
Creating decoders for process `\agriasic_digital_rv32i_top.$4079'.
     1/1: $u_control_shell.u_core.gen_regfile_ff.register_file_i.g_plain_rf.g_rf_flops[2].rf_reg_q$4082
Creating decoders for process `\agriasic_digital_rv32i_top.$4074'.
     1/1: $u_control_shell.u_core.gen_regfile_ff.register_file_i.g_plain_rf.g_rf_flops[1].rf_reg_q$4077
Creating decoders for process `\agriasic_digital_rv32i_top.$5753'.
     1/1: $u_control_shell.u_dtm.i_dmi_cdc.i_cdc_resp.i_dst.data_dst_d$5757
Creating decoders for process `\agriasic_digital_rv32i_top.$3778'.
     1/1: $u_control_shell.u_core.u_ibex_core.cs_registers_i.u_cpuctrlsts_part_csr.rdata_q$3781
Creating decoders for process `\agriasic_digital_rv32i_top.$3740'.
     1/1: $u_control_shell.u_core.u_ibex_core.cs_registers_i.u_mcounteren_csr.rdata_q$3743
Creating decoders for process `\agriasic_digital_rv32i_top.$5747'.
     1/2: $u_control_shell.u_dtm.i_dmi_cdc.i_cdc_resp.i_dst.ack_dst_d$5750
     2/2: $u_control_shell.u_dtm.i_dmi_cdc.i_cdc_resp.i_dst.ack_dst_d$5751
Creating decoders for process `\agriasic_digital_rv32i_top.$6149'.
     1/1: $u_control_shell.u_dm.i_dm_csrs.haltsum2$6154
Creating decoders for process `\agriasic_digital_rv32i_top.$3672'.
     1/3: $u_control_shell.u_core.u_ibex_core.cs_registers_i.minstret_counter_i.counter_d$3675
     2/3: $u_control_shell.u_core.u_ibex_core.cs_registers_i.minstret_counter_i.counter_d$3676
     3/3: $u_control_shell.u_core.u_ibex_core.cs_registers_i.minstret_counter_i.counter_load$3674
Creating decoders for process `\agriasic_digital_rv32i_top.$6142'.
     1/1: $u_control_shell.u_dm.i_dm_csrs.haltsum1$6147
Creating decoders for process `\agriasic_digital_rv32i_top.$3649'.
     1/3: $u_control_shell.u_core.u_ibex_core.cs_registers_i.mcycle_counter_i.counter_d$3652
     2/3: $u_control_shell.u_core.u_ibex_core.cs_registers_i.mcycle_counter_i.counter_d$3653
     3/3: $u_control_shell.u_core.u_ibex_core.cs_registers_i.mcycle_counter_i.counter_load$3651
Creating decoders for process `\agriasic_digital_rv32i_top.$6136'.
     1/1: $u_control_shell.u_dm.i_dm_csrs.haltsum0$6140
Creating decoders for process `\agriasic_digital_rv32i_top.$5709'.
     1/4: $u_control_shell.u_dtm.i_dmi_cdc.i_cdc_resp.i_src.data_src_d$5713
     2/4: $u_control_shell.u_dtm.i_dmi_cdc.i_cdc_resp.i_src.req_src_d$5712
     3/4: $u_control_shell.u_dtm.i_dmi_cdc.i_cdc_resp.i_src.req_src_d$5714
     4/4: $u_control_shell.u_dtm.i_dmi_cdc.i_cdc_resp.i_src.data_src_d$5715
Creating decoders for process `\agriasic_digital_rv32i_top.$3639'.
     1/1: $u_control_shell.u_core.u_ibex_core.cs_registers_i.mcounteren_d$3641
Creating decoders for process `\agriasic_digital_rv32i_top.$3635'.
     1/1: $u_control_shell.u_core.u_ibex_core.cs_registers_i.mcountinhibit_d$3637
Creating decoders for process `\agriasic_digital_rv32i_top.$3571'.
     1/1: $u_control_shell.u_core.u_ibex_core.cs_registers_i.u_mstack_cause_csr.rdata_q$3574
Creating decoders for process `\agriasic_digital_rv32i_top.$3560'.
     1/1: $u_control_shell.u_core.u_ibex_core.cs_registers_i.u_mstack_epc_csr.rdata_q$3563
Creating decoders for process `\agriasic_digital_rv32i_top.$3549'.
     1/1: $u_control_shell.u_core.u_ibex_core.cs_registers_i.u_mstack_csr.rdata_q$3552
Creating decoders for process `\agriasic_digital_rv32i_top.$3538'.
     1/1: $u_control_shell.u_core.u_ibex_core.cs_registers_i.u_dscratch1_csr.rdata_q$3541
Creating decoders for process `\agriasic_digital_rv32i_top.$3521'.
     1/1: $u_control_shell.u_core.u_ibex_core.cs_registers_i.u_dscratch0_csr.rdata_q$3524
Creating decoders for process `\agriasic_digital_rv32i_top.$3504'.
     1/1: $u_control_shell.u_core.u_ibex_core.cs_registers_i.u_depc_csr.rdata_q$3507
Creating decoders for process `\agriasic_digital_rv32i_top.$3487'.
     1/1: $u_control_shell.u_core.u_ibex_core.cs_registers_i.u_dcsr_csr.rdata_q$3490
Creating decoders for process `\agriasic_digital_rv32i_top.$3475'.
     1/1: $u_control_shell.u_core.u_ibex_core.cs_registers_i.u_mtvec_csr.rdata_q$3478
Creating decoders for process `\agriasic_digital_rv32i_top.$3458'.
     1/1: $u_control_shell.u_core.u_ibex_core.cs_registers_i.u_mtval_csr.rdata_q$3461
Creating decoders for process `\agriasic_digital_rv32i_top.$3447'.
     1/1: $u_control_shell.u_core.u_ibex_core.cs_registers_i.u_mcause_csr.rdata_q$3450
Creating decoders for process `\agriasic_digital_rv32i_top.$3436'.
     1/1: $u_control_shell.u_core.u_ibex_core.cs_registers_i.u_mscratch_csr.rdata_q$3439
Creating decoders for process `\agriasic_digital_rv32i_top.$3425'.
     1/1: $u_control_shell.u_core.u_ibex_core.cs_registers_i.u_mie_csr.rdata_q$3428
Creating decoders for process `\agriasic_digital_rv32i_top.$3410'.
     1/1: $u_control_shell.u_core.u_ibex_core.cs_registers_i.u_mepc_csr.rdata_q$3413
Creating decoders for process `\agriasic_digital_rv32i_top.$3392'.
     1/1: $u_control_shell.u_core.u_ibex_core.cs_registers_i.u_mstatus_csr.rdata_q$3395
Creating decoders for process `\agriasic_digital_rv32i_top.$6963'.
     1/1: $u_control_shell.u_dm.i_dm_mem.gen_rom_snd_scratch.i_debug_rom.rdata_o$6966
Creating decoders for process `\agriasic_digital_rv32i_top.$3342'.
     1/1: $u_control_shell.u_core.u_ibex_core.cs_registers_i.csr_wdata_int$3346
Creating decoders for process `\agriasic_digital_rv32i_top.$7102'.
     1/8: $u_measurement_top.u_excitation_ctrl.div_cnt_q$7112
     2/8: $u_measurement_top.u_excitation_ctrl.phase_q$7109
     3/8: $u_measurement_top.u_excitation_ctrl.period_tick_o$7108
     4/8: $u_measurement_top.u_excitation_ctrl.phase_q$7113
     5/8: $u_measurement_top.u_excitation_ctrl.period_tick_o$7111
     6/8: $u_measurement_top.u_excitation_ctrl.phase_q$7116
     7/8: $u_measurement_top.u_excitation_ctrl.div_cnt_q$7115
     8/8: $u_measurement_top.u_excitation_ctrl.period_tick_o$7114
Creating decoders for process `\agriasic_digital_rv32i_top.$3194'.
     1/108: $u_control_shell.u_core.u_ibex_core.cs_registers_i.cpuctrlsts_part_d[7:6]$3333 [1]
     2/108: $u_control_shell.u_core.u_ibex_core.cs_registers_i.cpuctrlsts_part_d[7:6]$3333 [0]
     3/108: $u_control_shell.u_core.u_ibex_core.cs_registers_i.mcause_en$3315
     4/108: $u_control_shell.u_core.u_ibex_core.cs_registers_i.mcause_d$3314
     5/108: $u_control_shell.u_core.u_ibex_core.cs_registers_i.mepc_en$3313
     6/108: $u_control_shell.u_core.u_ibex_core.cs_registers_i.mepc_d$3312
     7/108: $u_control_shell.u_core.u_ibex_core.cs_registers_i.mstatus_d[1]$3310
     8/108: $u_control_shell.u_core.u_ibex_core.cs_registers_i.mstatus_d[5:1]$3319 [0]
     9/108: $u_control_shell.u_core.u_ibex_core.cs_registers_i.mstatus_d[4:2]$3311
    10/108: $u_control_shell.u_core.u_ibex_core.cs_registers_i.double_fault_seen_o$3275
    11/108: $u_control_shell.u_core.u_ibex_core.cs_registers_i.cpuctrlsts_part_we$3279
    12/108: $u_control_shell.u_core.u_ibex_core.cs_registers_i.cpuctrlsts_part_d[7:6]$3278
    13/108: $u_control_shell.u_core.u_ibex_core.cs_registers_i.double_fault_seen_o$3277
    14/108: $u_control_shell.u_core.u_ibex_core.cs_registers_i.cpuctrlsts_part_we$3291
    15/108: $u_control_shell.u_core.u_ibex_core.cs_registers_i.cpuctrlsts_part_d[7:6]$3290
    16/108: $u_control_shell.u_core.u_ibex_core.cs_registers_i.mstack_en$3289
    17/108: $u_control_shell.u_core.u_ibex_core.cs_registers_i.mtval_en$3288
    18/108: $u_control_shell.u_core.u_ibex_core.cs_registers_i.mtval_d$3287
    19/108: $u_control_shell.u_core.u_ibex_core.cs_registers_i.mcause_en$3286
    20/108: $u_control_shell.u_core.u_ibex_core.cs_registers_i.mcause_d$3285
    21/108: $u_control_shell.u_core.u_ibex_core.cs_registers_i.mepc_en$3284
    22/108: $u_control_shell.u_core.u_ibex_core.cs_registers_i.mepc_d$3283
    23/108: $u_control_shell.u_core.u_ibex_core.cs_registers_i.mstatus_en$3282
    24/108: $u_control_shell.u_core.u_ibex_core.cs_registers_i.mstatus_d[5:2]$3281
    25/108: $u_control_shell.u_core.u_ibex_core.cs_registers_i.double_fault_seen_o$3280
    26/108: $u_control_shell.u_core.u_ibex_core.cs_registers_i.cpuctrlsts_part_we$3308
    27/108: $u_control_shell.u_core.u_ibex_core.cs_registers_i.cpuctrlsts_part_d[7:6]$3307
    28/108: $u_control_shell.u_core.u_ibex_core.cs_registers_i.mstack_en$3306
    29/108: $u_control_shell.u_core.u_ibex_core.cs_registers_i.depc_en$3305
    30/108: $u_control_shell.u_core.u_ibex_core.cs_registers_i.depc_d$3304
    31/108: $u_control_shell.u_core.u_ibex_core.cs_registers_i.dcsr_en$3303
    32/108: $u_control_shell.u_core.u_ibex_core.cs_registers_i.dcsr_d[8:6]$3302
    33/108: $u_control_shell.u_core.u_ibex_core.cs_registers_i.dcsr_d[1:0]$3301
    34/108: $u_control_shell.u_core.u_ibex_core.cs_registers_i.mtval_en$3300
    35/108: $u_control_shell.u_core.u_ibex_core.cs_registers_i.mtval_d$3299
    36/108: $u_control_shell.u_core.u_ibex_core.cs_registers_i.mcause_en$3298
    37/108: $u_control_shell.u_core.u_ibex_core.cs_registers_i.mcause_d$3297
    38/108: $u_control_shell.u_core.u_ibex_core.cs_registers_i.mepc_en$3296
    39/108: $u_control_shell.u_core.u_ibex_core.cs_registers_i.mepc_d$3295
    40/108: $u_control_shell.u_core.u_ibex_core.cs_registers_i.mstatus_en$3294
    41/108: $u_control_shell.u_core.u_ibex_core.cs_registers_i.mstatus_d[5:2]$3293
    42/108: $u_control_shell.u_core.u_ibex_core.cs_registers_i.double_fault_seen_o$3292
    43/108: $u_control_shell.u_core.u_ibex_core.cs_registers_i.exception_pc$3271
    44/108: $u_control_shell.u_core.u_ibex_core.cs_registers_i.cpuctrlsts_part_we$3334
    45/108: $u_control_shell.u_core.u_ibex_core.cs_registers_i.mstatus_d[5:1]$3319 [4:1]
    46/108: $u_control_shell.u_core.u_ibex_core.cs_registers_i.mstack_en$3332
    47/108: $u_control_shell.u_core.u_ibex_core.cs_registers_i.depc_en$3331
    48/108: $u_control_shell.u_core.u_ibex_core.cs_registers_i.depc_d$3330
    49/108: $u_control_shell.u_core.u_ibex_core.cs_registers_i.dcsr_en$3329
    50/108: $u_control_shell.u_core.u_ibex_core.cs_registers_i.dcsr_d[8:6]$3328
    51/108: $u_control_shell.u_core.u_ibex_core.cs_registers_i.dcsr_d[1:0]$3327
    52/108: $u_control_shell.u_core.u_ibex_core.cs_registers_i.mtval_en$3326
    53/108: $u_control_shell.u_core.u_ibex_core.cs_registers_i.mtval_d$3325
    54/108: $u_control_shell.u_core.u_ibex_core.cs_registers_i.mcause_en$3324
    55/108: $u_control_shell.u_core.u_ibex_core.cs_registers_i.mcause_d$3323
    56/108: $u_control_shell.u_core.u_ibex_core.cs_registers_i.mepc_en$3322
    57/108: $u_control_shell.u_core.u_ibex_core.cs_registers_i.mepc_d$3321
    58/108: $u_control_shell.u_core.u_ibex_core.cs_registers_i.mstatus_en$3320
    59/108: $u_control_shell.u_core.u_ibex_core.cs_registers_i.cpuctrlsts_part_d[7]$3276
    60/108: $u_control_shell.u_core.u_ibex_core.cs_registers_i.priv_lvl_d$3318
    61/108: $u_control_shell.u_core.u_ibex_core.cs_registers_i.exception_pc$3317
    62/108: $u_control_shell.u_core.u_ibex_core.cs_registers_i.double_fault_seen_o$3316
    63/108: $u_control_shell.u_core.u_ibex_core.cs_registers_i.dcsr_d[1:0]$3215
    64/108: $u_control_shell.u_core.u_ibex_core.cs_registers_i.mstatus_d[3:2]$3207
    65/108: $u_control_shell.u_core.u_ibex_core.cs_registers_i.cpuctrlsts_part_we$3248
    66/108: $u_control_shell.u_core.u_ibex_core.cs_registers_i.cpuctrlsts_part_d$3247
    67/108: $u_control_shell.u_core.u_ibex_core.cs_registers_i.mhpmcounterh_we$3246
    68/108: $u_control_shell.u_core.u_ibex_core.cs_registers_i.mhpmcounter_we$3245
    69/108: $u_control_shell.u_core.u_ibex_core.cs_registers_i.mcounteren_we$3244
    70/108: $u_control_shell.u_core.u_ibex_core.cs_registers_i.mcountinhibit_we$3243
    71/108: $u_control_shell.u_core.u_ibex_core.cs_registers_i.cdbg_ctrl_en$3242
    72/108: $u_control_shell.u_core.u_ibex_core.cs_registers_i.mshwmb_en$3241
    73/108: $u_control_shell.u_core.u_ibex_core.cs_registers_i.mshwm_en$3240
    74/108: $u_control_shell.u_core.u_ibex_core.cs_registers_i.dscratch1_en$3239
    75/108: $u_control_shell.u_core.u_ibex_core.cs_registers_i.dscratch0_en$3238
    76/108: $u_control_shell.u_core.u_ibex_core.cs_registers_i.depc_en$3237
    77/108: $u_control_shell.u_core.u_ibex_core.cs_registers_i.dcsr_en$3236
    78/108: $u_control_shell.u_core.u_ibex_core.cs_registers_i.dcsr_d$3235
    79/108: $u_control_shell.u_core.u_ibex_core.cs_registers_i.mtvec_en$3234
    80/108: $u_control_shell.u_core.u_ibex_core.cs_registers_i.mtval_en$3233
    81/108: $u_control_shell.u_core.u_ibex_core.cs_registers_i.mcause_en$3232
    82/108: $u_control_shell.u_core.u_ibex_core.cs_registers_i.mepc_en$3231
    83/108: $u_control_shell.u_core.u_ibex_core.cs_registers_i.mscratch_en$3230
    84/108: $u_control_shell.u_core.u_ibex_core.cs_registers_i.mie_en$3229
    85/108: $u_control_shell.u_core.u_ibex_core.cs_registers_i.mstatus_en$3228
    86/108: $u_control_shell.u_core.u_ibex_core.cs_registers_i.mstatus_d$3227
    87/108: $u_control_shell.u_core.u_ibex_core.cs_registers_i.cpuctrlsts_part_we$3270
    88/108: $u_control_shell.u_core.u_ibex_core.cs_registers_i.cpuctrlsts_part_d$3269
    89/108: $u_control_shell.u_core.u_ibex_core.cs_registers_i.mhpmcounterh_we$3268
    90/108: $u_control_shell.u_core.u_ibex_core.cs_registers_i.mhpmcounter_we$3267
    91/108: $u_control_shell.u_core.u_ibex_core.cs_registers_i.mcounteren_we$3266
    92/108: $u_control_shell.u_core.u_ibex_core.cs_registers_i.mcountinhibit_we$3265
    93/108: $u_control_shell.u_core.u_ibex_core.cs_registers_i.cdbg_ctrl_en$3264
    94/108: $u_control_shell.u_core.u_ibex_core.cs_registers_i.mshwmb_en$3263
    95/108: $u_control_shell.u_core.u_ibex_core.cs_registers_i.mshwm_en$3262
    96/108: $u_control_shell.u_core.u_ibex_core.cs_registers_i.dscratch1_en$3261
    97/108: $u_control_shell.u_core.u_ibex_core.cs_registers_i.dscratch0_en$3260
    98/108: $u_control_shell.u_core.u_ibex_core.cs_registers_i.depc_en$3259
    99/108: $u_control_shell.u_core.u_ibex_core.cs_registers_i.dcsr_en$3258
   100/108: $u_control_shell.u_core.u_ibex_core.cs_registers_i.dcsr_d$3257
   101/108: $u_control_shell.u_core.u_ibex_core.cs_registers_i.mtvec_en$3256
   102/108: $u_control_shell.u_core.u_ibex_core.cs_registers_i.mtval_en$3255
   103/108: $u_control_shell.u_core.u_ibex_core.cs_registers_i.mcause_en$3254
   104/108: $u_control_shell.u_core.u_ibex_core.cs_registers_i.mepc_en$3253
   105/108: $u_control_shell.u_core.u_ibex_core.cs_registers_i.mscratch_en$3252
   106/108: $u_control_shell.u_core.u_ibex_core.cs_registers_i.mie_en$3251
   107/108: $u_control_shell.u_core.u_ibex_core.cs_registers_i.mstatus_en$3250
   108/108: $u_control_shell.u_core.u_ibex_core.cs_registers_i.mstatus_d$3249
Creating decoders for process `\agriasic_digital_rv32i_top.$3120'.
     1/10: $u_control_shell.u_core.u_ibex_core.cs_registers_i.illegal_csr$3192
     2/10: $u_control_shell.u_core.u_ibex_core.cs_registers_i.illegal_csr$3167
     3/10: $u_control_shell.u_core.u_ibex_core.cs_registers_i.csr_rdata_int$3166
     4/10: $u_control_shell.u_core.u_ibex_core.cs_registers_i.illegal_csr$3164
     5/10: $u_control_shell.u_core.u_ibex_core.cs_registers_i.csr_rdata_int$3163
     6/10: $u_control_shell.u_core.u_ibex_core.cs_registers_i.illegal_csr$3161
     7/10: $u_control_shell.u_core.u_ibex_core.cs_registers_i.csr_rdata_int$3160
     8/10: $u_control_shell.u_core.u_ibex_core.cs_registers_i.illegal_csr$3170
     9/10: $u_control_shell.u_core.u_ibex_core.cs_registers_i.dbg_csr$3169
    10/10: $u_control_shell.u_core.u_ibex_core.cs_registers_i.csr_rdata_int$3168
Creating decoders for process `\agriasic_digital_rv32i_top.$6905'.
     1/27: $u_control_shell.u_dm.i_dm_mem.unsupported_command$6954
     2/27: $u_control_shell.u_dm.i_dm_mem.abstract_cmd[31:0]$6951
     3/27: $u_control_shell.u_dm.i_dm_mem.abstract_cmd[319:288]$6950
     4/27: $u_control_shell.u_dm.i_dm_mem.unsupported_command$6941
     5/27: $u_control_shell.u_dm.i_dm_mem.abstract_cmd[31:0]$6940
     6/27: $u_control_shell.u_dm.i_dm_mem.unsupported_command$6944
     7/27: $u_control_shell.u_dm.i_dm_mem.abstract_cmd[31:0]$6942
     8/27: $u_control_shell.u_dm.i_dm_mem.abstract_cmd[255:128]$6932 [127:32]
     9/27: $u_control_shell.u_dm.i_dm_mem.abstract_cmd[159:128]$6931
    10/27: $u_control_shell.u_dm.i_dm_mem.abstract_cmd[255:128]$6932 [31:0]
    11/27: $u_control_shell.u_dm.i_dm_mem.abstract_cmd[255:128]$6933
    12/27: $u_control_shell.u_dm.i_dm_mem.unsupported_command$6936
    13/27: $u_control_shell.u_dm.i_dm_mem.abstract_cmd[255:128]$6935
    14/27: $u_control_shell.u_dm.i_dm_mem.abstract_cmd[31:0]$6934
    15/27: $u_control_shell.u_dm.i_dm_mem.abstract_cmd[255:128]$6943
    16/27: $u_control_shell.u_dm.i_dm_mem.unsupported_command$6947
    17/27: $u_control_shell.u_dm.i_dm_mem.abstract_cmd[255:128]$6946
    18/27: $u_control_shell.u_dm.i_dm_mem.abstract_cmd[31:0]$6945
    19/27: $u_control_shell.u_dm.i_dm_mem.abstract_cmd[255:128]$6916 [127:32]
    20/27: $u_control_shell.u_dm.i_dm_mem.abstract_cmd[159:128]$6915
    21/27: $u_control_shell.u_dm.i_dm_mem.abstract_cmd[255:128]$6916 [31:0]
    22/27: $u_control_shell.u_dm.i_dm_mem.abstract_cmd[255:128]$6917
    23/27: $u_control_shell.u_dm.i_dm_mem.unsupported_command$6920
    24/27: $u_control_shell.u_dm.i_dm_mem.abstract_cmd[255:128]$6919
    25/27: $u_control_shell.u_dm.i_dm_mem.abstract_cmd[31:0]$6918
    26/27: $u_control_shell.u_dm.i_dm_mem.abstract_cmd[319:288]$6953
    27/27: $u_control_shell.u_dm.i_dm_mem.abstract_cmd[255:128]$6952
Creating decoders for process `\agriasic_digital_rv32i_top.$2949'.
     1/13: $u_control_shell.u_core.u_ibex_core.wb_stage_i.g_writeback_stage.cheriot_rf_wcap_q$2962
     2/13: $u_control_shell.u_core.u_ibex_core.wb_stage_i.g_writeback_stage.cheriot_rf_wdata_q$2961
     3/13: $u_control_shell.u_core.u_ibex_core.wb_stage_i.g_writeback_stage.cheriot_rf_we_q$2960
     4/13: $u_control_shell.u_core.u_ibex_core.wb_stage_i.g_writeback_stage.wb_cheriot_store_q$2959
     5/13: $u_control_shell.u_core.u_ibex_core.wb_stage_i.g_writeback_stage.wb_cheriot_load_q$2958
     6/13: $u_control_shell.u_core.u_ibex_core.wb_stage_i.g_writeback_stage.wb_is_cheriot_q$2957
     7/13: $u_control_shell.u_core.u_ibex_core.wb_stage_i.g_writeback_stage.wb_instr_type_q$2956
     8/13: $u_control_shell.u_core.u_ibex_core.wb_stage_i.g_writeback_stage.wb_count_q$2955
     9/13: $u_control_shell.u_core.u_ibex_core.wb_stage_i.g_writeback_stage.wb_compressed_q$2954
    10/13: $u_control_shell.u_core.u_ibex_core.wb_stage_i.g_writeback_stage.wb_pc_q$2953
    11/13: $u_control_shell.u_core.u_ibex_core.wb_stage_i.g_writeback_stage.rf_waddr_wb_q$2952
    12/13: $u_control_shell.u_core.u_ibex_core.wb_stage_i.g_writeback_stage.rf_we_wb_q$2951
    13/13: $u_control_shell.u_core.u_ibex_core.wb_stage_i.g_writeback_stage.rf_wdata_wb_q$2950
Creating decoders for process `\agriasic_digital_rv32i_top.$5638'.
     1/9: $u_control_shell.u_dtm.i_dmi_cdc.i_cdc_req.i_cdc_reset_ctrlr.i_cdc_reset_ctrlr_half_b.receiver_clear_out$5644
     2/9: $u_control_shell.u_dtm.i_dmi_cdc.i_cdc_req.i_cdc_reset_ctrlr.i_cdc_reset_ctrlr_half_b.receiver_isolate_out$5643
     3/9: $u_control_shell.u_dtm.i_dmi_cdc.i_cdc_req.i_cdc_reset_ctrlr.i_cdc_reset_ctrlr_half_b.receiver_phase_ack$5642
     4/9: $u_control_shell.u_dtm.i_dmi_cdc.i_cdc_req.i_cdc_reset_ctrlr.i_cdc_reset_ctrlr_half_b.receiver_clear_out$5647
     5/9: $u_control_shell.u_dtm.i_dmi_cdc.i_cdc_req.i_cdc_reset_ctrlr.i_cdc_reset_ctrlr_half_b.receiver_isolate_out$5646
     6/9: $u_control_shell.u_dtm.i_dmi_cdc.i_cdc_req.i_cdc_reset_ctrlr.i_cdc_reset_ctrlr_half_b.receiver_phase_ack$5645
     7/9: $u_control_shell.u_dtm.i_dmi_cdc.i_cdc_req.i_cdc_reset_ctrlr.i_cdc_reset_ctrlr_half_b.receiver_clear_out$5641
     8/9: $u_control_shell.u_dtm.i_dmi_cdc.i_cdc_req.i_cdc_reset_ctrlr.i_cdc_reset_ctrlr_half_b.receiver_isolate_out$5640
     9/9: $u_control_shell.u_dtm.i_dmi_cdc.i_cdc_req.i_cdc_reset_ctrlr.i_cdc_reset_ctrlr_half_b.receiver_phase_ack$5639
Creating decoders for process `\agriasic_digital_rv32i_top.$2819'.
     1/5: $u_control_shell.u_core.u_ibex_core.load_store_unit_i.cap_lsw_err_q$2838
     2/5: $u_control_shell.u_core.u_ibex_core.load_store_unit_i.cap_lsw_tag_q$2832
     3/5: $u_control_shell.u_core.u_ibex_core.load_store_unit_i.cap_lsw_data_q$2831
     4/5: $u_control_shell.u_core.u_ibex_core.load_store_unit_i.resp_lc_clrperm_q$2823
     5/5: $u_control_shell.u_core.u_ibex_core.load_store_unit_i.resp_is_cap_q$2822
Creating decoders for process `\agriasic_digital_rv32i_top.$2802'.
     1/5: $u_control_shell.u_core.u_ibex_core.load_store_unit_i.cap_rx_fsm_d$2809
     2/5: $u_control_shell.u_core.u_ibex_core.load_store_unit_i.cap_rx_fsm_d$2810
     3/5: $u_control_shell.u_core.u_ibex_core.load_store_unit_i.cap_rx_fsm_d$2807
     4/5: $u_control_shell.u_core.u_ibex_core.load_store_unit_i.cap_rx_fsm_d$2811
     5/5: $u_control_shell.u_core.u_ibex_core.load_store_unit_i.cap_rx_fsm_d$2806
Creating decoders for process `\agriasic_digital_rv32i_top.$2674'.
     1/94: $u_control_shell.u_core.u_ibex_core.load_store_unit_i.ls_fsm_ns$2786
     2/94: $u_control_shell.u_core.u_ibex_core.load_store_unit_i.ls_fsm_ns$2783
     3/94: $u_control_shell.u_core.u_ibex_core.load_store_unit_i.addr_incr_req_o$2785
     4/94: $u_control_shell.u_core.u_ibex_core.load_store_unit_i.data_req_o$2784
     5/94: $u_control_shell.u_core.u_ibex_core.load_store_unit_i.ls_fsm_ns$2781
     6/94: $u_control_shell.u_core.u_ibex_core.load_store_unit_i.ls_fsm_ns$2777
     7/94: $u_control_shell.u_core.u_ibex_core.load_store_unit_i.ls_fsm_ns$2778
     8/94: $u_control_shell.u_core.u_ibex_core.load_store_unit_i.addr_incr_req_o$2780
     9/94: $u_control_shell.u_core.u_ibex_core.load_store_unit_i.data_req_o$2779
    10/94: $u_control_shell.u_core.u_ibex_core.load_store_unit_i.ls_fsm_ns$2772
    11/94: $u_control_shell.u_core.u_ibex_core.load_store_unit_i.ls_fsm_ns$2767
    12/94: $u_control_shell.u_core.u_ibex_core.load_store_unit_i.ctrl_update$2766
    13/94: $u_control_shell.u_core.u_ibex_core.load_store_unit_i.addr_update$2765
    14/94: $u_control_shell.u_core.u_ibex_core.load_store_unit_i.ctrl_update$2771
    15/94: $u_control_shell.u_core.u_ibex_core.load_store_unit_i.addr_update$2770
    16/94: $u_control_shell.u_core.u_ibex_core.load_store_unit_i.addr_incr_req_o$2769
    17/94: $u_control_shell.u_core.u_ibex_core.load_store_unit_i.data_req_o$2768
    18/94: $u_control_shell.u_core.u_ibex_core.load_store_unit_i.ls_fsm_ns$2763
    19/94: $u_control_shell.u_core.u_ibex_core.load_store_unit_i.lsu_err_d$2762
    20/94: $u_control_shell.u_core.u_ibex_core.load_store_unit_i.pmp_err_d$2761
    21/94: $u_control_shell.u_core.u_ibex_core.load_store_unit_i.rdata_update$2760
    22/94: $u_control_shell.u_core.u_ibex_core.load_store_unit_i.addr_update$2759
    23/94: $u_control_shell.u_core.u_ibex_core.load_store_unit_i.ls_fsm_ns$2756
    24/94: $u_control_shell.u_core.u_ibex_core.load_store_unit_i.handle_misaligned_d$2755
    25/94: $u_control_shell.u_core.u_ibex_core.load_store_unit_i.ctrl_update$2754
    26/94: $u_control_shell.u_core.u_ibex_core.load_store_unit_i.addr_update$2753
    27/94: $u_control_shell.u_core.u_ibex_core.load_store_unit_i.ls_fsm_ns$2744
    28/94: $u_control_shell.u_core.u_ibex_core.load_store_unit_i.handle_misaligned_d$2743
    29/94: $u_control_shell.u_core.u_ibex_core.load_store_unit_i.ls_fsm_ns$2750
    30/94: $u_control_shell.u_core.u_ibex_core.load_store_unit_i.handle_misaligned_d$2747
    31/94: $u_control_shell.u_core.u_ibex_core.load_store_unit_i.lsu_err_d$2749
    32/94: $u_control_shell.u_core.u_ibex_core.load_store_unit_i.pmp_err_d$2748
    33/94: $u_control_shell.u_core.u_ibex_core.load_store_unit_i.rdata_update$2746
    34/94: $u_control_shell.u_core.u_ibex_core.load_store_unit_i.addr_update$2745
    35/94: $u_control_shell.u_core.u_ibex_core.load_store_unit_i.ls_fsm_ns$2734
    36/94: $u_control_shell.u_core.u_ibex_core.load_store_unit_i.handle_misaligned_d$2733
    37/94: $u_control_shell.u_core.u_ibex_core.load_store_unit_i.ctrl_update$2732
    38/94: $u_control_shell.u_core.u_ibex_core.load_store_unit_i.addr_update$2731
    39/94: $u_control_shell.u_core.u_ibex_core.load_store_unit_i.ls_fsm_ns$2800
    40/94: $u_control_shell.u_core.u_ibex_core.load_store_unit_i.ls_fsm_ns$2694
    41/94: $u_control_shell.u_core.u_ibex_core.load_store_unit_i.handle_misaligned_d$2693
    42/94: $u_control_shell.u_core.u_ibex_core.load_store_unit_i.ctrl_update$2692
    43/94: $u_control_shell.u_core.u_ibex_core.load_store_unit_i.addr_update$2691
    44/94: $u_control_shell.u_core.u_ibex_core.load_store_unit_i.ls_fsm_ns$2705
    45/94: $u_control_shell.u_core.u_ibex_core.load_store_unit_i.lsu_go$2704
    46/94: $u_control_shell.u_core.u_ibex_core.load_store_unit_i.cheriot_err_d$2703
    47/94: $u_control_shell.u_core.u_ibex_core.load_store_unit_i.lsu_err_d$2702
    48/94: $u_control_shell.u_core.u_ibex_core.load_store_unit_i.pmp_err_d$2701
    49/94: $u_control_shell.u_core.u_ibex_core.load_store_unit_i.handle_misaligned_d$2700
    50/94: $u_control_shell.u_core.u_ibex_core.load_store_unit_i.ctrl_update$2699
    51/94: $u_control_shell.u_core.u_ibex_core.load_store_unit_i.addr_update$2698
    52/94: $u_control_shell.u_core.u_ibex_core.load_store_unit_i.perf_store_o$2697
    53/94: $u_control_shell.u_core.u_ibex_core.load_store_unit_i.perf_load_o$2696
    54/94: $u_control_shell.u_core.u_ibex_core.load_store_unit_i.data_req_o$2695
    55/94: $u_control_shell.u_core.u_ibex_core.load_store_unit_i.ls_fsm_ns$2717
    56/94: $u_control_shell.u_core.u_ibex_core.load_store_unit_i.lsu_go$2715
    57/94: $u_control_shell.u_core.u_ibex_core.load_store_unit_i.cheriot_err_d$2714
    58/94: $u_control_shell.u_core.u_ibex_core.load_store_unit_i.lsu_err_d$2713
    59/94: $u_control_shell.u_core.u_ibex_core.load_store_unit_i.pmp_err_d$2712
    60/94: $u_control_shell.u_core.u_ibex_core.load_store_unit_i.ctrl_update$2710
    61/94: $u_control_shell.u_core.u_ibex_core.load_store_unit_i.addr_update$2709
    62/94: $u_control_shell.u_core.u_ibex_core.load_store_unit_i.perf_store_o$2708
    63/94: $u_control_shell.u_core.u_ibex_core.load_store_unit_i.perf_load_o$2707
    64/94: $u_control_shell.u_core.u_ibex_core.load_store_unit_i.data_req_o$2706
    65/94: $u_control_shell.u_core.u_ibex_core.load_store_unit_i.ls_fsm_ns$2687
    66/94: $u_control_shell.u_core.u_ibex_core.load_store_unit_i.ctrl_update$2686
    67/94: $u_control_shell.u_core.u_ibex_core.load_store_unit_i.addr_update$2685
    68/94: $u_control_shell.u_core.u_ibex_core.load_store_unit_i.lsu_go_goodcap$2716
    69/94: $u_control_shell.u_core.u_ibex_core.load_store_unit_i.handle_misaligned_d$2711
    70/94: $u_control_shell.u_core.u_ibex_core.load_store_unit_i.ls_fsm_ns$2729
    71/94: $u_control_shell.u_core.u_ibex_core.load_store_unit_i.lsu_go$2727
    72/94: $u_control_shell.u_core.u_ibex_core.load_store_unit_i.cheriot_err_d$2726
    73/94: $u_control_shell.u_core.u_ibex_core.load_store_unit_i.lsu_err_d$2725
    74/94: $u_control_shell.u_core.u_ibex_core.load_store_unit_i.pmp_err_d$2724
    75/94: $u_control_shell.u_core.u_ibex_core.load_store_unit_i.ctrl_update$2722
    76/94: $u_control_shell.u_core.u_ibex_core.load_store_unit_i.addr_update$2721
    77/94: $u_control_shell.u_core.u_ibex_core.load_store_unit_i.perf_load_o$2719
    78/94: $u_control_shell.u_core.u_ibex_core.load_store_unit_i.data_req_o$2718
    79/94: $u_control_shell.u_core.u_ibex_core.load_store_unit_i.lsu_go_goodcap$2728
    80/94: $u_control_shell.u_core.u_ibex_core.load_store_unit_i.handle_misaligned_d$2723
    81/94: $u_control_shell.u_core.u_ibex_core.load_store_unit_i.perf_store_o$2720
    82/94: $u_control_shell.u_core.u_ibex_core.load_store_unit_i.lsu_go_goodcap$2799
    83/94: $u_control_shell.u_core.u_ibex_core.load_store_unit_i.lsu_go$2798
    84/94: $u_control_shell.u_core.u_ibex_core.load_store_unit_i.cheriot_err_d$2797
    85/94: $u_control_shell.u_core.u_ibex_core.load_store_unit_i.lsu_err_d$2796
    86/94: $u_control_shell.u_core.u_ibex_core.load_store_unit_i.pmp_err_d$2795
    87/94: $u_control_shell.u_core.u_ibex_core.load_store_unit_i.handle_misaligned_d$2794
    88/94: $u_control_shell.u_core.u_ibex_core.load_store_unit_i.rdata_update$2793
    89/94: $u_control_shell.u_core.u_ibex_core.load_store_unit_i.ctrl_update$2792
    90/94: $u_control_shell.u_core.u_ibex_core.load_store_unit_i.addr_update$2791
    91/94: $u_control_shell.u_core.u_ibex_core.load_store_unit_i.perf_store_o$2790
    92/94: $u_control_shell.u_core.u_ibex_core.load_store_unit_i.perf_load_o$2789
    93/94: $u_control_shell.u_core.u_ibex_core.load_store_unit_i.addr_incr_req_o$2788
    94/94: $u_control_shell.u_core.u_ibex_core.load_store_unit_i.data_req_o$2787
Creating decoders for process `\agriasic_digital_rv32i_top.$2653'.
     1/1: $u_control_shell.u_core.u_ibex_core.load_store_unit_i.data_rdata_ext$2654
Creating decoders for process `\agriasic_digital_rv32i_top.$2642'.
     1/5: $u_control_shell.u_core.u_ibex_core.load_store_unit_i.rdata_b_ext$2650
     2/5: $u_control_shell.u_core.u_ibex_core.load_store_unit_i.rdata_b_ext$2648
     3/5: $u_control_shell.u_core.u_ibex_core.load_store_unit_i.rdata_b_ext$2646
     4/5: $u_control_shell.u_core.u_ibex_core.load_store_unit_i.rdata_b_ext$2651
     5/5: $u_control_shell.u_core.u_ibex_core.load_store_unit_i.rdata_b_ext$2644
Creating decoders for process `\agriasic_digital_rv32i_top.$2631'.
     1/5: $u_control_shell.u_core.u_ibex_core.load_store_unit_i.rdata_h_ext$2639
     2/5: $u_control_shell.u_core.u_ibex_core.load_store_unit_i.rdata_h_ext$2637
     3/5: $u_control_shell.u_core.u_ibex_core.load_store_unit_i.rdata_h_ext$2635
     4/5: $u_control_shell.u_core.u_ibex_core.load_store_unit_i.rdata_h_ext$2640
     5/5: $u_control_shell.u_core.u_ibex_core.load_store_unit_i.rdata_h_ext$2633
Creating decoders for process `\agriasic_digital_rv32i_top.$2628'.
     1/1: $u_control_shell.u_core.u_ibex_core.load_store_unit_i.rdata_w_ext$2629
Creating decoders for process `\agriasic_digital_rv32i_top.$2624'.
     1/1: $u_control_shell.u_core.u_ibex_core.load_store_unit_i.addr_last_q$2627
Creating decoders for process `\agriasic_digital_rv32i_top.$2615'.
     1/4: $u_control_shell.u_core.u_ibex_core.load_store_unit_i.data_we_q$2621
     2/4: $u_control_shell.u_core.u_ibex_core.load_store_unit_i.data_sign_ext_q$2620
     3/4: $u_control_shell.u_core.u_ibex_core.load_store_unit_i.data_type_q$2619
     4/4: $u_control_shell.u_core.u_ibex_core.load_store_unit_i.rdata_offset_q$2618
Creating decoders for process `\agriasic_digital_rv32i_top.$2611'.
     1/1: $u_control_shell.u_core.u_ibex_core.load_store_unit_i.rdata_q$2614
Creating decoders for process `\agriasic_digital_rv32i_top.$2597'.
     1/6: $u_control_shell.u_core.u_ibex_core.load_store_unit_i.data_wdata_tag$2608
     2/6: $u_control_shell.u_core.u_ibex_core.load_store_unit_i.data_wdata_data$2607
     3/6: $u_control_shell.u_core.u_ibex_core.load_store_unit_i.data_wdata_tag$2604
     4/6: $u_control_shell.u_core.u_ibex_core.load_store_unit_i.data_wdata_data$2603
     5/6: $u_control_shell.u_core.u_ibex_core.load_store_unit_i.data_wdata_tag$2606
     6/6: $u_control_shell.u_core.u_ibex_core.load_store_unit_i.data_wdata_data$2605
Creating decoders for process `\agriasic_digital_rv32i_top.$2594'.
     1/1: $u_control_shell.u_core.u_ibex_core.load_store_unit_i.wdata_int$2595
Creating decoders for process `\agriasic_digital_rv32i_top.$2579'.
     1/8: $u_control_shell.u_core.u_ibex_core.load_store_unit_i.data_be$2590
     2/8: $u_control_shell.u_core.u_ibex_core.load_store_unit_i.data_be$2589
     3/8: $u_control_shell.u_core.u_ibex_core.load_store_unit_i.data_be$2588
     4/8: $u_control_shell.u_core.u_ibex_core.load_store_unit_i.data_be$2591
     5/8: $u_control_shell.u_core.u_ibex_core.load_store_unit_i.data_be$2585
     6/8: $u_control_shell.u_core.u_ibex_core.load_store_unit_i.data_be$2586
     7/8: $u_control_shell.u_core.u_ibex_core.load_store_unit_i.data_be$2584
     8/8: $u_control_shell.u_core.u_ibex_core.load_store_unit_i.data_be$2592
Creating decoders for process `\agriasic_digital_rv32i_top.$2394'.
     1/16: $u_control_shell.u_core.u_ibex_core.ex_block_i.gen_multdiv_fast.multdiv_i.op_remainder_d$2422
     2/16: $u_control_shell.u_core.u_ibex_core.ex_block_i.gen_multdiv_fast.multdiv_i.op_remainder_d$2417
     3/16: $u_control_shell.u_core.u_ibex_core.ex_block_i.gen_multdiv_fast.multdiv_i.md_state_d$2435
     4/16: $u_control_shell.u_core.u_ibex_core.ex_block_i.gen_multdiv_fast.multdiv_i.md_state_d$2406
     5/16: $u_control_shell.u_core.u_ibex_core.ex_block_i.gen_multdiv_fast.multdiv_i.op_remainder_d$2404
     6/16: $u_control_shell.u_core.u_ibex_core.ex_block_i.gen_multdiv_fast.multdiv_i.div_by_zero_d$2405
     7/16: $u_control_shell.u_core.u_ibex_core.ex_block_i.gen_multdiv_fast.multdiv_i.div_by_zero_d$2434
     8/16: $u_control_shell.u_core.u_ibex_core.ex_block_i.gen_multdiv_fast.multdiv_i.div_hold$2433
     9/16: $u_control_shell.u_core.u_ibex_core.ex_block_i.gen_multdiv_fast.multdiv_i.div_counter_d$2432
    10/16: $u_control_shell.u_core.u_ibex_core.ex_block_i.gen_multdiv_fast.multdiv_i.div_valid$2431
    11/16: $u_control_shell.u_core.u_ibex_core.ex_block_i.gen_multdiv_fast.multdiv_i.op_quotient_d$2430
    12/16: $u_control_shell.u_core.u_ibex_core.ex_block_i.gen_multdiv_fast.multdiv_i.op_numerator_d$2429
    13/16: $u_control_shell.u_core.u_ibex_core.ex_block_i.gen_multdiv_fast.multdiv_i.op_denominator_d$2428
    14/16: $u_control_shell.u_core.u_ibex_core.ex_block_i.gen_multdiv_fast.multdiv_i.op_remainder_d$2427
    15/16: $u_control_shell.u_core.u_ibex_core.ex_block_i.gen_multdiv_fast.multdiv_i.alu_operand_b_o$2426
    16/16: $u_control_shell.u_core.u_ibex_core.ex_block_i.gen_multdiv_fast.multdiv_i.alu_operand_a_o$2425
Creating decoders for process `\agriasic_digital_rv32i_top.$2379'.
     1/1: $u_control_shell.u_core.u_ibex_core.ex_block_i.gen_multdiv_fast.multdiv_i.is_greater_equal$2383
Creating decoders for process `\agriasic_digital_rv32i_top.$2364'.
     1/1: $u_control_shell.u_core.u_ibex_core.ex_block_i.gen_multdiv_fast.multdiv_i.gen_mult_fast.mult_state_q$2367
Creating decoders for process `\agriasic_digital_rv32i_top.$2338'.
     1/15: $u_control_shell.u_core.u_ibex_core.ex_block_i.gen_multdiv_fast.multdiv_i.gen_mult_fast.mult_state_d$2349
     2/15: $u_control_shell.u_core.u_ibex_core.ex_block_i.gen_multdiv_fast.multdiv_i.mac_res_d$2347
     3/15: $u_control_shell.u_core.u_ibex_core.ex_block_i.gen_multdiv_fast.multdiv_i.accum$2345
     4/15: $u_control_shell.u_core.u_ibex_core.ex_block_i.gen_multdiv_fast.multdiv_i.mult_hold$2348
     5/15: $u_control_shell.u_core.u_ibex_core.ex_block_i.gen_multdiv_fast.multdiv_i.mult_valid$2346
     6/15: $u_control_shell.u_core.u_ibex_core.ex_block_i.gen_multdiv_fast.multdiv_i.mac_res_d$2341
     7/15: $u_control_shell.u_core.u_ibex_core.ex_block_i.gen_multdiv_fast.multdiv_i.gen_mult_fast.mult_state_d$2362
     8/15: $u_control_shell.u_core.u_ibex_core.ex_block_i.gen_multdiv_fast.multdiv_i.gen_mult_fast.mult_op_b$2361
     9/15: $u_control_shell.u_core.u_ibex_core.ex_block_i.gen_multdiv_fast.multdiv_i.gen_mult_fast.mult_op_a$2360
    10/15: $u_control_shell.u_core.u_ibex_core.ex_block_i.gen_multdiv_fast.multdiv_i.mac_res_d$2358
    11/15: $u_control_shell.u_core.u_ibex_core.ex_block_i.gen_multdiv_fast.multdiv_i.sign_b$2356
    12/15: $u_control_shell.u_core.u_ibex_core.ex_block_i.gen_multdiv_fast.multdiv_i.sign_a$2355
    13/15: $u_control_shell.u_core.u_ibex_core.ex_block_i.gen_multdiv_fast.multdiv_i.accum$2354
    14/15: $u_control_shell.u_core.u_ibex_core.ex_block_i.gen_multdiv_fast.multdiv_i.mult_hold$2359
    15/15: $u_control_shell.u_core.u_ibex_core.ex_block_i.gen_multdiv_fast.multdiv_i.mult_valid$2357
Creating decoders for process `\agriasic_digital_rv32i_top.$2311'.
     1/5: $u_control_shell.u_core.u_ibex_core.ex_block_i.gen_multdiv_fast.multdiv_i.md_state_q$2318
     2/5: $u_control_shell.u_core.u_ibex_core.ex_block_i.gen_multdiv_fast.multdiv_i.div_by_zero_q$2317
     3/5: $u_control_shell.u_core.u_ibex_core.ex_block_i.gen_multdiv_fast.multdiv_i.div_counter_q$2316
     4/5: $u_control_shell.u_core.u_ibex_core.ex_block_i.gen_multdiv_fast.multdiv_i.op_quotient_q$2315
     5/5: $u_control_shell.u_core.u_ibex_core.ex_block_i.gen_multdiv_fast.multdiv_i.op_numerator_q$2314
Creating decoders for process `\agriasic_digital_rv32i_top.$2285'.
     1/1: $u_control_shell.u_core.u_ibex_core.ex_block_i.alu_i.result_o$2286
Creating decoders for process `\agriasic_digital_rv32i_top.$2265'.
     1/1: $u_control_shell.u_core.u_ibex_core.ex_block_i.alu_i.bwlogic_result$2266
Creating decoders for process `\agriasic_digital_rv32i_top.$2246'.
     1/1: $u_control_shell.u_core.u_ibex_core.ex_block_i.alu_i.bwlogic_op_b_negate$2247
Creating decoders for process `\agriasic_digital_rv32i_top.$5633'.
     1/1: $u_control_shell.u_dtm.i_dmi_cdc.i_cdc_req.i_cdc_reset_ctrlr.i_cdc_reset_ctrlr_half_b.receiver_phase_q$5637
Creating decoders for process `\agriasic_digital_rv32i_top.$2231'.
     1/2: $u_control_shell.u_core.u_ibex_core.ex_block_i.alu_i.shift_left$2233
     2/2: $u_control_shell.u_core.u_ibex_core.ex_block_i.alu_i.shift_left$2232
Creating decoders for process `\agriasic_digital_rv32i_top.$2222'.
     1/1: $u_control_shell.u_core.u_ibex_core.ex_block_i.alu_i.shift_amt[4:0]$2228
Creating decoders for process `\agriasic_digital_rv32i_top.$2173'.
     1/1: $u_control_shell.u_core.u_ibex_core.ex_block_i.alu_i.cmp_result$2176
Creating decoders for process `\agriasic_digital_rv32i_top.$2166'.
     1/1: $u_control_shell.u_core.u_ibex_core.ex_block_i.alu_i.is_greater_equal$2171
Creating decoders for process `\agriasic_digital_rv32i_top.$2160'.
     1/1: $u_control_shell.u_core.u_ibex_core.ex_block_i.alu_i.cmp_signed$2161
Creating decoders for process `\agriasic_digital_rv32i_top.$2153'.
     1/1: $u_control_shell.u_core.u_ibex_core.ex_block_i.alu_i.adder_in_b$2154
Creating decoders for process `\agriasic_digital_rv32i_top.$2148'.
     1/1: $u_control_shell.u_core.u_ibex_core.ex_block_i.alu_i.adder_in_a$2149
Creating decoders for process `\agriasic_digital_rv32i_top.$2145'.
     1/1: $u_control_shell.u_core.u_ibex_core.ex_block_i.alu_i.adder_op_b_negate$2146
Creating decoders for process `\agriasic_digital_rv32i_top.$1758'.
     1/38: $u_control_shell.u_core.u_ibex_core.id_stage_i.id_fsm_d$1789
     2/38: $u_control_shell.u_core.u_ibex_core.id_stage_i.stall_jump$1788
     3/38: $u_control_shell.u_core.u_ibex_core.id_stage_i.stall_branch$1787
     4/38: $u_control_shell.u_core.u_ibex_core.id_stage_i.stall_multdiv$1786
     5/38: $u_control_shell.u_core.u_ibex_core.id_stage_i.rf_we_raw$1784
     6/38: $u_control_shell.u_core.u_ibex_core.id_stage_i.id_fsm_d$1798
     7/38: $u_control_shell.u_core.u_ibex_core.id_stage_i.rf_we_raw$1796
     8/38: $u_control_shell.u_core.u_ibex_core.id_stage_i.stall_jump$1795
     9/38: $u_control_shell.u_core.u_ibex_core.id_stage_i.stall_branch$1794
    10/38: $u_control_shell.u_core.u_ibex_core.id_stage_i.stall_multdiv$1793
    11/38: $u_control_shell.u_core.u_ibex_core.id_stage_i.id_fsm_d$1768
    12/38: $u_control_shell.u_core.u_ibex_core.id_stage_i.rf_we_raw$1767
    13/38: $u_control_shell.u_core.u_ibex_core.id_stage_i.stall_multdiv$1766
    14/38: $u_control_shell.u_core.u_ibex_core.id_stage_i.id_fsm_d$1763
    15/38: $u_control_shell.u_core.u_ibex_core.id_stage_i.id_fsm_d$1764
    16/38: $u_control_shell.u_core.u_ibex_core.id_stage_i.id_fsm_d$1782
    17/38: $u_control_shell.u_core.u_ibex_core.id_stage_i.id_fsm_d$1760
    18/38: $u_control_shell.u_core.u_ibex_core.id_stage_i.stall_alu$1781
    19/38: $u_control_shell.u_core.u_ibex_core.id_stage_i.rf_we_raw$1780
    20/38: $u_control_shell.u_core.u_ibex_core.id_stage_i.stall_jump$1779
    21/38: $u_control_shell.u_core.u_ibex_core.id_stage_i.stall_branch$1778
    22/38: $u_control_shell.u_core.u_ibex_core.id_stage_i.stall_multdiv$1777
    23/38: $u_control_shell.u_core.u_ibex_core.id_stage_i.jump_set_raw$1776
    24/38: $u_control_shell.u_core.u_ibex_core.id_stage_i.branch_set_raw_d$1775
    25/38: $u_control_shell.u_core.u_ibex_core.id_stage_i.perf_branch_o$1774
    26/38: $u_control_shell.u_core.u_ibex_core.id_stage_i.stall_alu$1797
    27/38: $u_control_shell.u_core.u_ibex_core.id_stage_i.jump_set_raw$1792
    28/38: $u_control_shell.u_core.u_ibex_core.id_stage_i.branch_set_raw_d$1791
    29/38: $u_control_shell.u_core.u_ibex_core.id_stage_i.perf_branch_o$1790
    30/38: $u_control_shell.u_core.u_ibex_core.id_stage_i.id_fsm_d$1807
    31/38: $u_control_shell.u_core.u_ibex_core.id_stage_i.stall_alu$1806
    32/38: $u_control_shell.u_core.u_ibex_core.id_stage_i.rf_we_raw$1805
    33/38: $u_control_shell.u_core.u_ibex_core.id_stage_i.stall_jump$1804
    34/38: $u_control_shell.u_core.u_ibex_core.id_stage_i.stall_branch$1803
    35/38: $u_control_shell.u_core.u_ibex_core.id_stage_i.stall_multdiv$1802
    36/38: $u_control_shell.u_core.u_ibex_core.id_stage_i.jump_set_raw$1801
    37/38: $u_control_shell.u_core.u_ibex_core.id_stage_i.branch_set_raw_d$1800
    38/38: $u_control_shell.u_core.u_ibex_core.id_stage_i.perf_branch_o$1799
Creating decoders for process `\agriasic_digital_rv32i_top.$1754'.
     1/1: $u_control_shell.u_core.u_ibex_core.id_stage_i.id_fsm_q$1757
Creating decoders for process `\agriasic_digital_rv32i_top.$6031'.
     1/9: $u_control_shell.u_dtm.i_dmi_cdc.i_cdc_resp.i_cdc_reset_ctrlr.i_cdc_reset_ctrlr_half_b.receiver_clear_out$6037
     2/9: $u_control_shell.u_dtm.i_dmi_cdc.i_cdc_resp.i_cdc_reset_ctrlr.i_cdc_reset_ctrlr_half_b.receiver_isolate_out$6036
     3/9: $u_control_shell.u_dtm.i_dmi_cdc.i_cdc_resp.i_cdc_reset_ctrlr.i_cdc_reset_ctrlr_half_b.receiver_phase_ack$6035
     4/9: $u_control_shell.u_dtm.i_dmi_cdc.i_cdc_resp.i_cdc_reset_ctrlr.i_cdc_reset_ctrlr_half_b.receiver_clear_out$6040
     5/9: $u_control_shell.u_dtm.i_dmi_cdc.i_cdc_resp.i_cdc_reset_ctrlr.i_cdc_reset_ctrlr_half_b.receiver_isolate_out$6039
     6/9: $u_control_shell.u_dtm.i_dmi_cdc.i_cdc_resp.i_cdc_reset_ctrlr.i_cdc_reset_ctrlr_half_b.receiver_phase_ack$6038
     7/9: $u_control_shell.u_dtm.i_dmi_cdc.i_cdc_resp.i_cdc_reset_ctrlr.i_cdc_reset_ctrlr_half_b.receiver_clear_out$6034
     8/9: $u_control_shell.u_dtm.i_dmi_cdc.i_cdc_resp.i_cdc_reset_ctrlr.i_cdc_reset_ctrlr_half_b.receiver_isolate_out$6033
     9/9: $u_control_shell.u_dtm.i_dmi_cdc.i_cdc_resp.i_cdc_reset_ctrlr.i_cdc_reset_ctrlr_half_b.receiver_phase_ack$6032
Creating decoders for process `\agriasic_digital_rv32i_top.$6026'.
     1/1: $u_control_shell.u_dtm.i_dmi_cdc.i_cdc_resp.i_cdc_reset_ctrlr.i_cdc_reset_ctrlr_half_b.receiver_phase_q$6030
Creating decoders for process `\agriasic_digital_rv32i_top.$1406'.
     1/126: $u_control_shell.u_core.u_ibex_core.id_stage_i.controller_i.halt_if$1597
     2/126: $u_control_shell.u_core.u_ibex_core.id_stage_i.controller_i.ctrl_fsm_ns$1570
     3/126: $u_control_shell.u_core.u_ibex_core.id_stage_i.controller_i.ctrl_fsm_ns$1539
     4/126: $u_control_shell.u_core.u_ibex_core.id_stage_i.controller_i.debug_mode_d$1544
     5/126: $u_control_shell.u_core.u_ibex_core.id_stage_i.controller_i.ctrl_fsm_ns$1543
     6/126: $u_control_shell.u_core.u_ibex_core.id_stage_i.controller_i.csr_restore_dret_id_o$1542
     7/126: $u_control_shell.u_core.u_ibex_core.id_stage_i.controller_i.pc_mux_o$1541
     8/126: $u_control_shell.u_core.u_ibex_core.id_stage_i.controller_i.pc_set_o$1540
     9/126: $u_control_shell.u_core.u_ibex_core.id_stage_i.controller_i.pc_mux_o$1546
    10/126: $u_control_shell.u_core.u_ibex_core.id_stage_i.controller_i.pc_set_o$1545
    11/126: $u_control_shell.u_core.u_ibex_core.id_stage_i.controller_i.nmi_mode_d$1538
    12/126: $u_control_shell.u_core.u_ibex_core.id_stage_i.controller_i.debug_mode_d$1551
    13/126: $u_control_shell.u_core.u_ibex_core.id_stage_i.controller_i.nmi_mode_d$1550
    14/126: $u_control_shell.u_core.u_ibex_core.id_stage_i.controller_i.ctrl_fsm_ns$1549
    15/126: $u_control_shell.u_core.u_ibex_core.id_stage_i.controller_i.csr_restore_dret_id_o$1548
    16/126: $u_control_shell.u_core.u_ibex_core.id_stage_i.controller_i.csr_restore_mret_id_o$1547
    17/126: $u_control_shell.u_core.u_ibex_core.id_stage_i.controller_i.ctrl_fsm_ns$1563
    18/126: $u_control_shell.u_core.u_ibex_core.id_stage_i.controller_i.pc_mux_o$1553
    19/126: $u_control_shell.u_core.u_ibex_core.id_stage_i.controller_i.pc_set_o$1552
    20/126: $u_control_shell.u_core.u_ibex_core.id_stage_i.controller_i.csr_mtval_o$1527
    21/126: $u_control_shell.u_core.u_ibex_core.id_stage_i.controller_i.exc_cause_o$1526
    22/126: $u_control_shell.u_core.u_ibex_core.id_stage_i.controller_i.csr_mtval_o$1529
    23/126: $u_control_shell.u_core.u_ibex_core.id_stage_i.controller_i.exc_cause_o$1528
    24/126: $u_control_shell.u_core.u_ibex_core.id_stage_i.controller_i.csr_mtval_o$1524
    25/126: $u_control_shell.u_core.u_ibex_core.id_stage_i.controller_i.exc_cause_o$1523
    26/126: $u_control_shell.u_core.u_ibex_core.id_stage_i.controller_i.csr_mtval_o$1521
    27/126: $u_control_shell.u_core.u_ibex_core.id_stage_i.controller_i.exc_cause_o$1520
    28/126: $u_control_shell.u_core.u_ibex_core.id_stage_i.controller_i.csr_mtval_o$1519
    29/126: $u_control_shell.u_core.u_ibex_core.id_stage_i.controller_i.exc_cause_o$1518
    30/126: $u_control_shell.u_core.u_ibex_core.id_stage_i.controller_i.csr_mtval_o$1515
    31/126: $u_control_shell.u_core.u_ibex_core.id_stage_i.controller_i.exc_cause_o$1514
    32/126: $u_control_shell.u_core.u_ibex_core.id_stage_i.controller_i.csr_mtval_o$1513
    33/126: $u_control_shell.u_core.u_ibex_core.id_stage_i.controller_i.exc_cause_o$1512
    34/126: $u_control_shell.u_core.u_ibex_core.id_stage_i.controller_i.flush_id$1509
    35/126: $u_control_shell.u_core.u_ibex_core.id_stage_i.controller_i.ctrl_fsm_ns$1508
    36/126: $u_control_shell.u_core.u_ibex_core.id_stage_i.controller_i.csr_save_cause_o$1507
    37/126: $u_control_shell.u_core.u_ibex_core.id_stage_i.controller_i.csr_save_id_o$1506
    38/126: $u_control_shell.u_core.u_ibex_core.id_stage_i.controller_i.exc_cause_o$1505
    39/126: $u_control_shell.u_core.u_ibex_core.id_stage_i.controller_i.pc_set_o$1504
    40/126: $u_control_shell.u_core.u_ibex_core.id_stage_i.controller_i.csr_mtval_o$1493
    41/126: $u_control_shell.u_core.u_ibex_core.id_stage_i.controller_i.exc_cause_o$1491
    42/126: $u_control_shell.u_core.u_ibex_core.id_stage_i.controller_i.csr_mepcc_clrtag_o$1492
    43/126: $u_control_shell.u_core.u_ibex_core.id_stage_i.controller_i.csr_mtval_o$1496
    44/126: $u_control_shell.u_core.u_ibex_core.id_stage_i.controller_i.exc_cause_o$1494
    45/126: $u_control_shell.u_core.u_ibex_core.id_stage_i.controller_i.csr_mepcc_clrtag_o$1495
    46/126: $u_control_shell.u_core.u_ibex_core.id_stage_i.controller_i.flush_id$1537
    47/126: $u_control_shell.u_core.u_ibex_core.id_stage_i.controller_i.ctrl_fsm_ns$1536
    48/126: $u_control_shell.u_core.u_ibex_core.id_stage_i.controller_i.csr_mtval_o$1535
    49/126: $u_control_shell.u_core.u_ibex_core.id_stage_i.controller_i.csr_mepcc_clrtag_o$1534
    50/126: $u_control_shell.u_core.u_ibex_core.id_stage_i.controller_i.csr_save_cause_o$1533
    51/126: $u_control_shell.u_core.u_ibex_core.id_stage_i.controller_i.csr_save_id_o$1532
    52/126: $u_control_shell.u_core.u_ibex_core.id_stage_i.controller_i.exc_cause_o$1531
    53/126: $u_control_shell.u_core.u_ibex_core.id_stage_i.controller_i.pc_set_o$1530
    54/126: $u_control_shell.u_core.u_ibex_core.id_stage_i.controller_i.flush_id$1566
    55/126: $u_control_shell.u_core.u_ibex_core.id_stage_i.controller_i.debug_mode_d$1565
    56/126: $u_control_shell.u_core.u_ibex_core.id_stage_i.controller_i.nmi_mode_d$1564
    57/126: $u_control_shell.u_core.u_ibex_core.id_stage_i.controller_i.csr_mtval_o$1562
    58/126: $u_control_shell.u_core.u_ibex_core.id_stage_i.controller_i.csr_mepcc_clrtag_o$1561
    59/126: $u_control_shell.u_core.u_ibex_core.id_stage_i.controller_i.csr_save_cause_o$1560
    60/126: $u_control_shell.u_core.u_ibex_core.id_stage_i.controller_i.csr_restore_dret_id_o$1559
    61/126: $u_control_shell.u_core.u_ibex_core.id_stage_i.controller_i.csr_restore_mret_id_o$1558
    62/126: $u_control_shell.u_core.u_ibex_core.id_stage_i.controller_i.csr_save_wb_o$1557
    63/126: $u_control_shell.u_core.u_ibex_core.id_stage_i.controller_i.csr_save_id_o$1556
    64/126: $u_control_shell.u_core.u_ibex_core.id_stage_i.controller_i.exc_cause_o$1555
    65/126: $u_control_shell.u_core.u_ibex_core.id_stage_i.controller_i.exc_pc_mux_o$1554
    66/126: $u_control_shell.u_core.u_ibex_core.id_stage_i.controller_i.csr_save_cause_o$1467
    67/126: $u_control_shell.u_core.u_ibex_core.id_stage_i.controller_i.csr_save_id_o$1466
    68/126: $u_control_shell.u_core.u_ibex_core.id_stage_i.controller_i.debug_csr_save_o$1465
    69/126: $u_control_shell.u_core.u_ibex_core.id_stage_i.controller_i.exc_cause_o$1451
    70/126: $u_control_shell.u_core.u_ibex_core.id_stage_i.controller_i.exc_cause_o$1452
    71/126: $u_control_shell.u_core.u_ibex_core.id_stage_i.controller_i.exc_cause_o$1453
    72/126: $u_control_shell.u_core.u_ibex_core.id_stage_i.controller_i.exc_cause_o$1454
    73/126: $u_control_shell.u_core.u_ibex_core.id_stage_i.controller_i.csr_mtval_o$1449
    74/126: $u_control_shell.u_core.u_ibex_core.id_stage_i.controller_i.nmi_mode_d$1456
    75/126: $u_control_shell.u_core.u_ibex_core.id_stage_i.controller_i.csr_mtval_o$1455
    76/126: $u_control_shell.u_core.u_ibex_core.id_stage_i.controller_i.nmi_mode_d$1462
    77/126: $u_control_shell.u_core.u_ibex_core.id_stage_i.controller_i.csr_mtval_o$1461
    78/126: $u_control_shell.u_core.u_ibex_core.id_stage_i.controller_i.csr_save_cause_o$1460
    79/126: $u_control_shell.u_core.u_ibex_core.id_stage_i.controller_i.csr_save_if_o$1459
    80/126: $u_control_shell.u_core.u_ibex_core.id_stage_i.controller_i.exc_cause_o$1458
    81/126: $u_control_shell.u_core.u_ibex_core.id_stage_i.controller_i.pc_set_o$1457
    82/126: $u_control_shell.u_core.u_ibex_core.id_stage_i.controller_i.halt_if$1439
    83/126: $u_control_shell.u_core.u_ibex_core.id_stage_i.controller_i.ctrl_fsm_ns$1438
    84/126: $u_control_shell.u_core.u_ibex_core.id_stage_i.controller_i.halt_if$1441
    85/126: $u_control_shell.u_core.u_ibex_core.id_stage_i.controller_i.ctrl_fsm_ns$1440
    86/126: $u_control_shell.u_core.u_ibex_core.id_stage_i.controller_i.halt_if$1443
    87/126: $u_control_shell.u_core.u_ibex_core.id_stage_i.controller_i.ctrl_fsm_ns$1442
    88/126: $u_control_shell.u_core.u_ibex_core.id_stage_i.controller_i.halt_if$1432
    89/126: $u_control_shell.u_core.u_ibex_core.id_stage_i.controller_i.perf_tbranch_o$1428
    90/126: $u_control_shell.u_core.u_ibex_core.id_stage_i.controller_i.perf_jump_o$1427
    91/126: $u_control_shell.u_core.u_ibex_core.id_stage_i.controller_i.pc_set_o$1426
    92/126: $u_control_shell.u_core.u_ibex_core.id_stage_i.controller_i.ctrl_fsm_ns$1419
    93/126: $u_control_shell.u_core.u_ibex_core.id_stage_i.controller_i.retain_id$1421
    94/126: $u_control_shell.u_core.u_ibex_core.id_stage_i.controller_i.ctrl_fsm_ns$1420
    95/126: $u_control_shell.u_core.u_ibex_core.id_stage_i.controller_i.halt_if$1417
    96/126: $u_control_shell.u_core.u_ibex_core.id_stage_i.controller_i.ctrl_fsm_ns$1416
    97/126: $u_control_shell.u_core.u_ibex_core.id_stage_i.controller_i.halt_if$1415
    98/126: $u_control_shell.u_core.u_ibex_core.id_stage_i.controller_i.ctrl_fsm_ns$1414
    99/126: $u_control_shell.u_core.u_ibex_core.id_stage_i.controller_i.ctrl_fsm_ns$1413
   100/126: $u_control_shell.u_core.u_ibex_core.id_stage_i.controller_i.ctrl_fsm_ns$1412
   101/126: $u_control_shell.u_core.u_ibex_core.id_stage_i.controller_i.ctrl_busy_o$1411
   102/126: $u_control_shell.u_core.u_ibex_core.id_stage_i.controller_i.ctrl_fsm_ns$1590
   103/126: $u_control_shell.u_core.u_ibex_core.id_stage_i.controller_i.flush_id$1595
   104/126: $u_control_shell.u_core.u_ibex_core.id_stage_i.controller_i.retain_id$1594
   105/126: $u_control_shell.u_core.u_ibex_core.id_stage_i.controller_i.halt_if$1593
   106/126: $u_control_shell.u_core.u_ibex_core.id_stage_i.controller_i.debug_mode_d$1592
   107/126: $u_control_shell.u_core.u_ibex_core.id_stage_i.controller_i.nmi_mode_d$1591
   108/126: $u_control_shell.u_core.u_ibex_core.id_stage_i.controller_i.perf_tbranch_o$1589
   109/126: $u_control_shell.u_core.u_ibex_core.id_stage_i.controller_i.perf_jump_o$1588
   110/126: $u_control_shell.u_core.u_ibex_core.id_stage_i.controller_i.csr_mtval_o$1587
   111/126: $u_control_shell.u_core.u_ibex_core.id_stage_i.controller_i.csr_mepcc_clrtag_o$1586
   112/126: $u_control_shell.u_core.u_ibex_core.id_stage_i.controller_i.csr_save_cause_o$1585
   113/126: $u_control_shell.u_core.u_ibex_core.id_stage_i.controller_i.csr_restore_dret_id_o$1584
   114/126: $u_control_shell.u_core.u_ibex_core.id_stage_i.controller_i.csr_restore_mret_id_o$1583
   115/126: $u_control_shell.u_core.u_ibex_core.id_stage_i.controller_i.csr_save_wb_o$1582
   116/126: $u_control_shell.u_core.u_ibex_core.id_stage_i.controller_i.csr_save_id_o$1581
   117/126: $u_control_shell.u_core.u_ibex_core.id_stage_i.controller_i.csr_save_if_o$1580
   118/126: $u_control_shell.u_core.u_ibex_core.id_stage_i.controller_i.debug_mode_entering_o$1579
   119/126: $u_control_shell.u_core.u_ibex_core.id_stage_i.controller_i.debug_csr_save_o$1578
   120/126: $u_control_shell.u_core.u_ibex_core.id_stage_i.controller_i.exc_cause_o$1577
   121/126: $u_control_shell.u_core.u_ibex_core.id_stage_i.controller_i.exc_pc_mux_o$1576
   122/126: $u_control_shell.u_core.u_ibex_core.id_stage_i.controller_i.pc_mux_o$1575
   123/126: $u_control_shell.u_core.u_ibex_core.id_stage_i.controller_i.pc_set_o$1574
   124/126: $u_control_shell.u_core.u_ibex_core.id_stage_i.controller_i.instr_req_o$1573
   125/126: $u_control_shell.u_core.u_ibex_core.id_stage_i.controller_i.controller_run_o$1572
   126/126: $u_control_shell.u_core.u_ibex_core.id_stage_i.controller_i.ctrl_busy_o$1571
Creating decoders for process `\agriasic_digital_rv32i_top.$5599'.
     1/10: $u_control_shell.u_dtm.i_dmi_cdc.i_cdc_req.i_cdc_reset_ctrlr.i_cdc_reset_ctrlr_half_b.i_state_transition_cdc_dst.state_d$5610
     2/10: $u_control_shell.u_dtm.i_dmi_cdc.i_cdc_req.i_cdc_reset_ctrlr.i_cdc_reset_ctrlr_half_b.i_state_transition_cdc_dst.ack_dst_d$5609
     3/10: $u_control_shell.u_dtm.i_dmi_cdc.i_cdc_req.i_cdc_reset_ctrlr.i_cdc_reset_ctrlr_half_b.i_state_transition_cdc_dst.state_d$5607
     4/10: $u_control_shell.u_dtm.i_dmi_cdc.i_cdc_req.i_cdc_reset_ctrlr.i_cdc_reset_ctrlr_half_b.i_state_transition_cdc_dst.ack_dst_d$5606
     5/10: $u_control_shell.u_dtm.i_dmi_cdc.i_cdc_req.i_cdc_reset_ctrlr.i_cdc_reset_ctrlr_half_b.i_state_transition_cdc_dst.state_d$5613
     6/10: $u_control_shell.u_dtm.i_dmi_cdc.i_cdc_req.i_cdc_reset_ctrlr.i_cdc_reset_ctrlr_half_b.i_state_transition_cdc_dst.state_d$5602
     7/10: $u_control_shell.u_dtm.i_dmi_cdc.i_cdc_req.i_cdc_reset_ctrlr.i_cdc_reset_ctrlr_half_b.i_state_transition_cdc_dst.state_d$5604
     8/10: $u_control_shell.u_dtm.i_dmi_cdc.i_cdc_req.i_cdc_reset_ctrlr.i_cdc_reset_ctrlr_half_b.i_state_transition_cdc_dst.data_valid$5603
     9/10: $u_control_shell.u_dtm.i_dmi_cdc.i_cdc_req.i_cdc_reset_ctrlr.i_cdc_reset_ctrlr_half_b.i_state_transition_cdc_dst.data_valid$5612
    10/10: $u_control_shell.u_dtm.i_dmi_cdc.i_cdc_req.i_cdc_reset_ctrlr.i_cdc_reset_ctrlr_half_b.i_state_transition_cdc_dst.ack_dst_d$5611
Creating decoders for process `\agriasic_digital_rv32i_top.$1378'.
     1/15: $u_control_shell.u_core.u_ibex_core.id_stage_i.controller_i.mfip_id$1393
     2/15: $u_control_shell.u_core.u_ibex_core.id_stage_i.controller_i.mfip_id$1392
     3/15: $u_control_shell.u_core.u_ibex_core.id_stage_i.controller_i.mfip_id$1391
     4/15: $u_control_shell.u_core.u_ibex_core.id_stage_i.controller_i.mfip_id$1390
     5/15: $u_control_shell.u_core.u_ibex_core.id_stage_i.controller_i.mfip_id$1389
     6/15: $u_control_shell.u_core.u_ibex_core.id_stage_i.controller_i.mfip_id$1388
     7/15: $u_control_shell.u_core.u_ibex_core.id_stage_i.controller_i.mfip_id$1387
     8/15: $u_control_shell.u_core.u_ibex_core.id_stage_i.controller_i.mfip_id$1386
     9/15: $u_control_shell.u_core.u_ibex_core.id_stage_i.controller_i.mfip_id$1385
    10/15: $u_control_shell.u_core.u_ibex_core.id_stage_i.controller_i.mfip_id$1384
    11/15: $u_control_shell.u_core.u_ibex_core.id_stage_i.controller_i.mfip_id$1383
    12/15: $u_control_shell.u_core.u_ibex_core.id_stage_i.controller_i.mfip_id$1382
    13/15: $u_control_shell.u_core.u_ibex_core.id_stage_i.controller_i.mfip_id$1381
    14/15: $u_control_shell.u_core.u_ibex_core.id_stage_i.controller_i.mfip_id$1380
    15/15: $u_control_shell.u_core.u_ibex_core.id_stage_i.controller_i.mfip_id$1379
Creating decoders for process `\agriasic_digital_rv32i_top.$1272'.
     1/45: $u_control_shell.u_core.u_ibex_core.id_stage_i.controller_i.cheriot_asr_err_prio$1277
     2/45: $u_control_shell.u_core.u_ibex_core.id_stage_i.controller_i.cheriot_asr_err_prio$1279
     3/45: $u_control_shell.u_core.u_ibex_core.id_stage_i.controller_i.cheriot_ex_err_prio$1278
     4/45: $u_control_shell.u_core.u_ibex_core.id_stage_i.controller_i.cheriot_asr_err_prio$1282
     5/45: $u_control_shell.u_core.u_ibex_core.id_stage_i.controller_i.cheriot_ex_err_prio$1281
     6/45: $u_control_shell.u_core.u_ibex_core.id_stage_i.controller_i.ebrk_insn_prio$1280
     7/45: $u_control_shell.u_core.u_ibex_core.id_stage_i.controller_i.cheriot_asr_err_prio$1286
     8/45: $u_control_shell.u_core.u_ibex_core.id_stage_i.controller_i.cheriot_ex_err_prio$1285
     9/45: $u_control_shell.u_core.u_ibex_core.id_stage_i.controller_i.ebrk_insn_prio$1284
    10/45: $u_control_shell.u_core.u_ibex_core.id_stage_i.controller_i.ecall_insn_prio$1283
    11/45: $u_control_shell.u_core.u_ibex_core.id_stage_i.controller_i.cheriot_asr_err_prio$1291
    12/45: $u_control_shell.u_core.u_ibex_core.id_stage_i.controller_i.cheriot_ex_err_prio$1290
    13/45: $u_control_shell.u_core.u_ibex_core.id_stage_i.controller_i.ebrk_insn_prio$1289
    14/45: $u_control_shell.u_core.u_ibex_core.id_stage_i.controller_i.ecall_insn_prio$1288
    15/45: $u_control_shell.u_core.u_ibex_core.id_stage_i.controller_i.illegal_insn_prio$1287
    16/45: $u_control_shell.u_core.u_ibex_core.id_stage_i.controller_i.cheriot_asr_err_prio$1297
    17/45: $u_control_shell.u_core.u_ibex_core.id_stage_i.controller_i.cheriot_ex_err_prio$1296
    18/45: $u_control_shell.u_core.u_ibex_core.id_stage_i.controller_i.ebrk_insn_prio$1295
    19/45: $u_control_shell.u_core.u_ibex_core.id_stage_i.controller_i.ecall_insn_prio$1294
    20/45: $u_control_shell.u_core.u_ibex_core.id_stage_i.controller_i.illegal_insn_prio$1293
    21/45: $u_control_shell.u_core.u_ibex_core.id_stage_i.controller_i.instr_fetch_err_prio$1292
    22/45: $u_control_shell.u_core.u_ibex_core.id_stage_i.controller_i.cheriot_asr_err_prio$1304
    23/45: $u_control_shell.u_core.u_ibex_core.id_stage_i.controller_i.cheriot_wb_err_prio$1303
    24/45: $u_control_shell.u_core.u_ibex_core.id_stage_i.controller_i.cheriot_ex_err_prio$1302
    25/45: $u_control_shell.u_core.u_ibex_core.id_stage_i.controller_i.ebrk_insn_prio$1301
    26/45: $u_control_shell.u_core.u_ibex_core.id_stage_i.controller_i.ecall_insn_prio$1300
    27/45: $u_control_shell.u_core.u_ibex_core.id_stage_i.controller_i.illegal_insn_prio$1299
    28/45: $u_control_shell.u_core.u_ibex_core.id_stage_i.controller_i.instr_fetch_err_prio$1298
    29/45: $u_control_shell.u_core.u_ibex_core.id_stage_i.controller_i.cheriot_asr_err_prio$1312
    30/45: $u_control_shell.u_core.u_ibex_core.id_stage_i.controller_i.cheriot_wb_err_prio$1311
    31/45: $u_control_shell.u_core.u_ibex_core.id_stage_i.controller_i.cheriot_ex_err_prio$1310
    32/45: $u_control_shell.u_core.u_ibex_core.id_stage_i.controller_i.load_err_prio$1309
    33/45: $u_control_shell.u_core.u_ibex_core.id_stage_i.controller_i.ebrk_insn_prio$1308
    34/45: $u_control_shell.u_core.u_ibex_core.id_stage_i.controller_i.ecall_insn_prio$1307
    35/45: $u_control_shell.u_core.u_ibex_core.id_stage_i.controller_i.illegal_insn_prio$1306
    36/45: $u_control_shell.u_core.u_ibex_core.id_stage_i.controller_i.instr_fetch_err_prio$1305
    37/45: $u_control_shell.u_core.u_ibex_core.id_stage_i.controller_i.cheriot_asr_err_prio$1321
    38/45: $u_control_shell.u_core.u_ibex_core.id_stage_i.controller_i.cheriot_wb_err_prio$1320
    39/45: $u_control_shell.u_core.u_ibex_core.id_stage_i.controller_i.cheriot_ex_err_prio$1319
    40/45: $u_control_shell.u_core.u_ibex_core.id_stage_i.controller_i.load_err_prio$1318
    41/45: $u_control_shell.u_core.u_ibex_core.id_stage_i.controller_i.store_err_prio$1317
    42/45: $u_control_shell.u_core.u_ibex_core.id_stage_i.controller_i.ebrk_insn_prio$1316
    43/45: $u_control_shell.u_core.u_ibex_core.id_stage_i.controller_i.ecall_insn_prio$1315
    44/45: $u_control_shell.u_core.u_ibex_core.id_stage_i.controller_i.illegal_insn_prio$1314
    45/45: $u_control_shell.u_core.u_ibex_core.id_stage_i.controller_i.instr_fetch_err_prio$1313
Creating decoders for process `\agriasic_digital_rv32i_top.$1032'.
     1/32: $u_control_shell.u_core.u_ibex_core.id_stage_i.decoder_i.alu_op_a_mux_sel_o$1057
     2/32: $u_control_shell.u_core.u_ibex_core.id_stage_i.decoder_i.alu_op_a_mux_sel_o$1059
     3/32: $u_control_shell.u_core.u_ibex_core.id_stage_i.decoder_i.alu_op_b_mux_sel_o$1060
     4/32: $u_control_shell.u_core.u_ibex_core.id_stage_i.decoder_i.imm_a_mux_sel_o$1058
     5/32: $u_control_shell.u_core.u_ibex_core.id_stage_i.decoder_i.alu_op_b_mux_sel_o$1055
     6/32: $u_control_shell.u_core.u_ibex_core.id_stage_i.decoder_i.alu_op_a_mux_sel_o$1054
     7/32: $u_control_shell.u_core.u_ibex_core.id_stage_i.decoder_i.alu_operator_o$1053
     8/32: $u_control_shell.u_core.u_ibex_core.id_stage_i.decoder_i.bt_b_mux_sel_o$1052
     9/32: $u_control_shell.u_core.u_ibex_core.id_stage_i.decoder_i.bt_a_mux_sel_o$1051
    10/32: $u_control_shell.u_core.u_ibex_core.id_stage_i.decoder_i.div_sel_o$1047
    11/32: $u_control_shell.u_core.u_ibex_core.id_stage_i.decoder_i.mult_sel_o$1046
    12/32: $u_control_shell.u_core.u_ibex_core.id_stage_i.decoder_i.alu_operator_o$1045
    13/32: $u_control_shell.u_core.u_ibex_core.id_stage_i.decoder_i.div_sel_o$1050
    14/32: $u_control_shell.u_core.u_ibex_core.id_stage_i.decoder_i.mult_sel_o$1049
    15/32: $u_control_shell.u_core.u_ibex_core.id_stage_i.decoder_i.alu_operator_o$1048
    16/32: $u_control_shell.u_core.u_ibex_core.id_stage_i.decoder_i.alu_operator_o$1042
    17/32: $u_control_shell.u_core.u_ibex_core.id_stage_i.decoder_i.alu_operator_o$1043
    18/32: $u_control_shell.u_core.u_ibex_core.id_stage_i.decoder_i.alu_operator_o$1044
    19/32: $u_control_shell.u_core.u_ibex_core.id_stage_i.decoder_i.alu_op_b_mux_sel_o$1039
    20/32: $u_control_shell.u_core.u_ibex_core.id_stage_i.decoder_i.imm_b_mux_sel_o$1038
    21/32: $u_control_shell.u_core.u_ibex_core.id_stage_i.decoder_i.alu_op_b_mux_sel_o$1036
    22/32: $u_control_shell.u_core.u_ibex_core.id_stage_i.decoder_i.alu_op_a_mux_sel_o$1035
    23/32: $u_control_shell.u_core.u_ibex_core.id_stage_i.decoder_i.alu_operator_o$1033
    24/32: $u_control_shell.u_core.u_ibex_core.id_stage_i.decoder_i.div_sel_o$1069
    25/32: $u_control_shell.u_core.u_ibex_core.id_stage_i.decoder_i.mult_sel_o$1068
    26/32: $u_control_shell.u_core.u_ibex_core.id_stage_i.decoder_i.alu_op_b_mux_sel_o$1067
    27/32: $u_control_shell.u_core.u_ibex_core.id_stage_i.decoder_i.alu_op_a_mux_sel_o$1066
    28/32: $u_control_shell.u_core.u_ibex_core.id_stage_i.decoder_i.alu_operator_o$1065
    29/32: $u_control_shell.u_core.u_ibex_core.id_stage_i.decoder_i.bt_b_mux_sel_o$1064
    30/32: $u_control_shell.u_core.u_ibex_core.id_stage_i.decoder_i.bt_a_mux_sel_o$1063
    31/32: $u_control_shell.u_core.u_ibex_core.id_stage_i.decoder_i.imm_b_mux_sel_o$1062
    32/32: $u_control_shell.u_core.u_ibex_core.id_stage_i.decoder_i.imm_a_mux_sel_o$1061
Creating decoders for process `\agriasic_digital_rv32i_top.$737'.
     1/257: $u_control_shell.u_core.u_ibex_core.id_stage_i.decoder_i.rf_we$1030
     2/257: $u_control_shell.u_core.u_ibex_core.id_stage_i.decoder_i.branch_in_dec_o$1029
     3/257: $u_control_shell.u_core.u_ibex_core.id_stage_i.decoder_i.jump_in_dec_o$1028
     4/257: $u_control_shell.u_core.u_ibex_core.id_stage_i.decoder_i.data_we_o$1027
     5/257: $u_control_shell.u_core.u_ibex_core.id_stage_i.decoder_i.data_req_o$1026
     6/257: $u_control_shell.u_core.u_ibex_core.id_stage_i.decoder_i.csr_access_o$1025
     7/257: $u_control_shell.u_core.u_ibex_core.id_stage_i.decoder_i.jump_set_o$1024
     8/257: $u_control_shell.u_core.u_ibex_core.id_stage_i.decoder_i.illegal_insn$1023
     9/257: $u_control_shell.u_core.u_ibex_core.id_stage_i.decoder_i.illegal_insn$989
    10/257: $u_control_shell.u_core.u_ibex_core.id_stage_i.decoder_i.rf_we$990
    11/257: $u_control_shell.u_core.u_ibex_core.id_stage_i.decoder_i.cheriot_setaddr_sel_o$988
    12/257: $u_control_shell.u_core.u_ibex_core.id_stage_i.decoder_i.cheriot_adder_b_sel_o$987
    13/257: $u_control_shell.u_core.u_ibex_core.id_stage_i.decoder_i.cheriot_adder_a_sel_o$986
    14/257: $u_control_shell.u_core.u_ibex_core.id_stage_i.decoder_i.cheriot_operator_o[22]$985
    15/257: $u_control_shell.u_core.u_ibex_core.id_stage_i.decoder_i.instr_is_cheriot_o$984
    16/257: $u_control_shell.u_core.u_ibex_core.id_stage_i.decoder_i.rf_ren_a_o$983
    17/257: $u_control_shell.u_core.u_ibex_core.id_stage_i.decoder_i.cheriot_operator_o$1013 [25:23]
    18/257: $u_control_shell.u_core.u_ibex_core.id_stage_i.decoder_i.cheriot_operator_o$1013 [22]
    19/257: $u_control_shell.u_core.u_ibex_core.id_stage_i.decoder_i.illegal_insn$946
    20/257: $u_control_shell.u_core.u_ibex_core.id_stage_i.decoder_i.cheriot_setbounds_sel_o$945
    21/257: $u_control_shell.u_core.u_ibex_core.id_stage_i.decoder_i.cheriot_operator_o[9]$944
    22/257: $u_control_shell.u_core.u_ibex_core.id_stage_i.decoder_i.illegal_insn$953
    23/257: $u_control_shell.u_core.u_ibex_core.id_stage_i.decoder_i.cheriot_setbounds_sel_o$952
    24/257: $u_control_shell.u_core.u_ibex_core.id_stage_i.decoder_i.cheriot_setaddr_sel_o$951
    25/257: $u_control_shell.u_core.u_ibex_core.id_stage_i.decoder_i.cheriot_adder_b_sel_o$950
    26/257: $u_control_shell.u_core.u_ibex_core.id_stage_i.decoder_i.cheriot_adder_a_sel_o$949
    27/257: $u_control_shell.u_core.u_ibex_core.id_stage_i.decoder_i.cheriot_operator_o[9]$948
    28/257: $u_control_shell.u_core.u_ibex_core.id_stage_i.decoder_i.cheriot_operator_o[6]$947
    29/257: $u_control_shell.u_core.u_ibex_core.id_stage_i.decoder_i.illegal_insn$964
    30/257: $u_control_shell.u_core.u_ibex_core.id_stage_i.decoder_i.cheriot_setbounds_sel_o$963
    31/257: $u_control_shell.u_core.u_ibex_core.id_stage_i.decoder_i.cheriot_setaddr_sel_o$962
    32/257: $u_control_shell.u_core.u_ibex_core.id_stage_i.decoder_i.cheriot_adder_b_sel_o$961
    33/257: $u_control_shell.u_core.u_ibex_core.id_stage_i.decoder_i.cheriot_adder_a_sel_o$960
    34/257: $u_control_shell.u_core.u_ibex_core.id_stage_i.decoder_i.cheriot_operator_o[14:0]$955 [14:10]
    35/257: $u_control_shell.u_core.u_ibex_core.id_stage_i.decoder_i.cheriot_operator_o[14:0]$955 [9]
    36/257: $u_control_shell.u_core.u_ibex_core.id_stage_i.decoder_i.cheriot_operator_o[14:0]$955 [8:7]
    37/257: $u_control_shell.u_core.u_ibex_core.id_stage_i.decoder_i.cheriot_operator_o[14:0]$955 [6]
    38/257: $u_control_shell.u_core.u_ibex_core.id_stage_i.decoder_i.cheriot_operator_o[14:0]$955 [5:0]
    39/257: $u_control_shell.u_core.u_ibex_core.id_stage_i.decoder_i.cheriot_operator_o[11:10]$907 [0]
    40/257: $u_control_shell.u_core.u_ibex_core.id_stage_i.decoder_i.cheriot_operator_o[5:1]$905 [3]
    41/257: $u_control_shell.u_core.u_ibex_core.id_stage_i.decoder_i.cheriot_operator_o[5:1]$905 [2]
    42/257: $u_control_shell.u_core.u_ibex_core.id_stage_i.decoder_i.cheriot_operator_o[5:1]$905 [1]
    43/257: $u_control_shell.u_core.u_ibex_core.id_stage_i.decoder_i.cheriot_operator_o[5:1]$905 [0]
    44/257: $u_control_shell.u_core.u_ibex_core.id_stage_i.decoder_i.cheriot_operator_o[8:7]$906 [0]
    45/257: $u_control_shell.u_core.u_ibex_core.id_stage_i.decoder_i.cheriot_setbounds_sel_o$914
    46/257: $u_control_shell.u_core.u_ibex_core.id_stage_i.decoder_i.cheriot_setaddr_sel_o$913
    47/257: $u_control_shell.u_core.u_ibex_core.id_stage_i.decoder_i.cheriot_adder_b_sel_o$912
    48/257: $u_control_shell.u_core.u_ibex_core.id_stage_i.decoder_i.cheriot_adder_a_sel_o$911
    49/257: $u_control_shell.u_core.u_ibex_core.id_stage_i.decoder_i.cheriot_operator_o[25]$910
    50/257: $u_control_shell.u_core.u_ibex_core.id_stage_i.decoder_i.cheriot_operator_o[16]$909
    51/257: $u_control_shell.u_core.u_ibex_core.id_stage_i.decoder_i.cheriot_operator_o[13]$908
    52/257: $u_control_shell.u_core.u_ibex_core.id_stage_i.decoder_i.cheriot_operator_o[5:1]$905 [4]
    53/257: $u_control_shell.u_core.u_ibex_core.id_stage_i.decoder_i.illegal_insn$915
    54/257: $u_control_shell.u_core.u_ibex_core.id_stage_i.decoder_i.cheriot_operator_o[8:7]$906 [1]
    55/257: $u_control_shell.u_core.u_ibex_core.id_stage_i.decoder_i.cheriot_setaddr_sel_o$926
    56/257: $u_control_shell.u_core.u_ibex_core.id_stage_i.decoder_i.illegal_insn$928
    57/257: $u_control_shell.u_core.u_ibex_core.id_stage_i.decoder_i.cheriot_setbounds_sel_o$927
    58/257: $u_control_shell.u_core.u_ibex_core.id_stage_i.decoder_i.cheriot_adder_b_sel_o$925
    59/257: $u_control_shell.u_core.u_ibex_core.id_stage_i.decoder_i.cheriot_adder_a_sel_o$924
    60/257: $u_control_shell.u_core.u_ibex_core.id_stage_i.decoder_i.cheriot_operator_o[25]$923
    61/257: $u_control_shell.u_core.u_ibex_core.id_stage_i.decoder_i.cheriot_operator_o[18]$922
    62/257: $u_control_shell.u_core.u_ibex_core.id_stage_i.decoder_i.cheriot_operator_o[16]$921
    63/257: $u_control_shell.u_core.u_ibex_core.id_stage_i.decoder_i.cheriot_operator_o[13]$920
    64/257: $u_control_shell.u_core.u_ibex_core.id_stage_i.decoder_i.cheriot_operator_o[11:10]$919
    65/257: $u_control_shell.u_core.u_ibex_core.id_stage_i.decoder_i.cheriot_operator_o[8:7]$918
    66/257: $u_control_shell.u_core.u_ibex_core.id_stage_i.decoder_i.cheriot_operator_o[5:1]$917
    67/257: $u_control_shell.u_core.u_ibex_core.id_stage_i.decoder_i.rf_ren_b_o$916
    68/257: $u_control_shell.u_core.u_ibex_core.id_stage_i.decoder_i.illegal_insn$941
    69/257: $u_control_shell.u_core.u_ibex_core.id_stage_i.decoder_i.cheriot_setbounds_sel_o$940
    70/257: $u_control_shell.u_core.u_ibex_core.id_stage_i.decoder_i.cheriot_operator_o[25:23]$935 [2]
    71/257: $u_control_shell.u_core.u_ibex_core.id_stage_i.decoder_i.cheriot_operator_o[25:23]$935 [1:0]
    72/257: $u_control_shell.u_core.u_ibex_core.id_stage_i.decoder_i.cheriot_operator_o[14:10]$932 [3]
    73/257: $u_control_shell.u_core.u_ibex_core.id_stage_i.decoder_i.cheriot_operator_o[14:10]$932 [2]
    74/257: $u_control_shell.u_core.u_ibex_core.id_stage_i.decoder_i.cheriot_operator_o[14:10]$932 [1:0]
    75/257: $u_control_shell.u_core.u_ibex_core.id_stage_i.decoder_i.cheriot_operator_o[5:0]$930 [0]
    76/257: $u_control_shell.u_core.u_ibex_core.id_stage_i.decoder_i.cheriot_operator_o[24:23]$900 [0]
    77/257: $u_control_shell.u_core.u_ibex_core.id_stage_i.decoder_i.cheriot_setbounds_sel_o$902
    78/257: $u_control_shell.u_core.u_ibex_core.id_stage_i.decoder_i.cheriot_cap_field_sel_o$901
    79/257: $u_control_shell.u_core.u_ibex_core.id_stage_i.decoder_i.illegal_insn$903
    80/257: $u_control_shell.u_core.u_ibex_core.id_stage_i.decoder_i.cheriot_operator_o[14]$899
    81/257: $u_control_shell.u_core.u_ibex_core.id_stage_i.decoder_i.cheriot_operator_o[12]$898
    82/257: $u_control_shell.u_core.u_ibex_core.id_stage_i.decoder_i.cheriot_operator_o[0]$897
    83/257: $u_control_shell.u_core.u_ibex_core.id_stage_i.decoder_i.cheriot_setaddr_sel_o$939
    84/257: $u_control_shell.u_core.u_ibex_core.id_stage_i.decoder_i.cheriot_adder_b_sel_o$938
    85/257: $u_control_shell.u_core.u_ibex_core.id_stage_i.decoder_i.cheriot_adder_a_sel_o$937
    86/257: $u_control_shell.u_core.u_ibex_core.id_stage_i.decoder_i.cheriot_cap_field_sel_o$936
    87/257: $u_control_shell.u_core.u_ibex_core.id_stage_i.decoder_i.cheriot_operator_o[14:10]$932 [4]
    88/257: $u_control_shell.u_core.u_ibex_core.id_stage_i.decoder_i.cheriot_operator_o[18]$934
    89/257: $u_control_shell.u_core.u_ibex_core.id_stage_i.decoder_i.cheriot_operator_o[16]$933
    90/257: $u_control_shell.u_core.u_ibex_core.id_stage_i.decoder_i.cheriot_operator_o[5:0]$930 [5:1]
    91/257: $u_control_shell.u_core.u_ibex_core.id_stage_i.decoder_i.cheriot_operator_o[8:7]$931
    92/257: $u_control_shell.u_core.u_ibex_core.id_stage_i.decoder_i.cheriot_operator_o[24:23]$900 [1]
    93/257: $u_control_shell.u_core.u_ibex_core.id_stage_i.decoder_i.rf_ren_b_o$929
    94/257: $u_control_shell.u_core.u_ibex_core.id_stage_i.decoder_i.cheriot_cap_field_sel_o$959
    95/257: $u_control_shell.u_core.u_ibex_core.id_stage_i.decoder_i.cheriot_operator_o[25:23]$958
    96/257: $u_control_shell.u_core.u_ibex_core.id_stage_i.decoder_i.cheriot_operator_o[18]$957
    97/257: $u_control_shell.u_core.u_ibex_core.id_stage_i.decoder_i.cheriot_operator_o[16]$956
    98/257: $u_control_shell.u_core.u_ibex_core.id_stage_i.decoder_i.cheriot_operator_o[11:10]$907 [1]
    99/257: $u_control_shell.u_core.u_ibex_core.id_stage_i.decoder_i.rf_ren_b_o$954
   100/257: $u_control_shell.u_core.u_ibex_core.id_stage_i.decoder_i.rf_we$978
   101/257: $u_control_shell.u_core.u_ibex_core.id_stage_i.decoder_i.cheriot_setbounds_sel_o$976
   102/257: $u_control_shell.u_core.u_ibex_core.id_stage_i.decoder_i.cheriot_setaddr_sel_o$975
   103/257: $u_control_shell.u_core.u_ibex_core.id_stage_i.decoder_i.cheriot_adder_b_sel_o$974
   104/257: $u_control_shell.u_core.u_ibex_core.id_stage_i.decoder_i.cheriot_adder_a_sel_o$973
   105/257: $u_control_shell.u_core.u_ibex_core.id_stage_i.decoder_i.cheriot_cap_field_sel_o$972
   106/257: $u_control_shell.u_core.u_ibex_core.id_stage_i.decoder_i.cheriot_operator_o[25:23]$971
   107/257: $u_control_shell.u_core.u_ibex_core.id_stage_i.decoder_i.cheriot_operator_o[18]$970
   108/257: $u_control_shell.u_core.u_ibex_core.id_stage_i.decoder_i.cheriot_operator_o[16]$969
   109/257: $u_control_shell.u_core.u_ibex_core.id_stage_i.decoder_i.cheriot_operator_o[14:0]$968
   110/257: $u_control_shell.u_core.u_ibex_core.id_stage_i.decoder_i.instr_is_cheriot_o$967
   111/257: $u_control_shell.u_core.u_ibex_core.id_stage_i.decoder_i.rf_ren_b_o$966
   112/257: $u_control_shell.u_core.u_ibex_core.id_stage_i.decoder_i.rf_ren_a_o$965
   113/257: $u_control_shell.u_core.u_ibex_core.id_stage_i.decoder_i.csr_op$869
   114/257: $u_control_shell.u_core.u_ibex_core.id_stage_i.decoder_i.csr_illegal$868
   115/257: $u_control_shell.u_core.u_ibex_core.id_stage_i.decoder_i.rf_ren_a_o$867
   116/257: $u_control_shell.u_core.u_ibex_core.id_stage_i.decoder_i.illegal_insn$887
   117/257: $u_control_shell.u_core.u_ibex_core.id_stage_i.decoder_i.illegal_insn$865
   118/257: $u_control_shell.u_core.u_ibex_core.id_stage_i.decoder_i.illegal_insn$861
   119/257: $u_control_shell.u_core.u_ibex_core.id_stage_i.decoder_i.wfi_insn_o$860
   120/257: $u_control_shell.u_core.u_ibex_core.id_stage_i.decoder_i.ecall_insn_o$859
   121/257: $u_control_shell.u_core.u_ibex_core.id_stage_i.decoder_i.dret_insn_o$858
   122/257: $u_control_shell.u_core.u_ibex_core.id_stage_i.decoder_i.mret_insn_o$857
   123/257: $u_control_shell.u_core.u_ibex_core.id_stage_i.decoder_i.ebrk_insn_o$856
   124/257: $u_control_shell.u_core.u_ibex_core.id_stage_i.decoder_i.csr_op$890
   125/257: $u_control_shell.u_core.u_ibex_core.id_stage_i.decoder_i.rf_we$889
   126/257: $u_control_shell.u_core.u_ibex_core.id_stage_i.decoder_i.csr_illegal$888
   127/257: $u_control_shell.u_core.u_ibex_core.id_stage_i.decoder_i.csr_cheriot_always_ok_o$886
   128/257: $u_control_shell.u_core.u_ibex_core.id_stage_i.decoder_i.csr_access_o$885
   129/257: $u_control_shell.u_core.u_ibex_core.id_stage_i.decoder_i.rf_ren_a_o$884
   130/257: $u_control_shell.u_core.u_ibex_core.id_stage_i.decoder_i.rf_wdata_sel_o$883
   131/257: $u_control_shell.u_core.u_ibex_core.id_stage_i.decoder_i.wfi_insn_o$882
   132/257: $u_control_shell.u_core.u_ibex_core.id_stage_i.decoder_i.ecall_insn_o$881
   133/257: $u_control_shell.u_core.u_ibex_core.id_stage_i.decoder_i.dret_insn_o$880
   134/257: $u_control_shell.u_core.u_ibex_core.id_stage_i.decoder_i.mret_insn_o$879
   135/257: $u_control_shell.u_core.u_ibex_core.id_stage_i.decoder_i.ebrk_insn_o$878
   136/257: $u_control_shell.u_core.u_ibex_core.id_stage_i.decoder_i.icache_inval_o$849
   137/257: $u_control_shell.u_core.u_ibex_core.id_stage_i.decoder_i.jump_set_o$848
   138/257: $u_control_shell.u_core.u_ibex_core.id_stage_i.decoder_i.rf_we$854
   139/257: $u_control_shell.u_core.u_ibex_core.id_stage_i.decoder_i.illegal_insn$853
   140/257: $u_control_shell.u_core.u_ibex_core.id_stage_i.decoder_i.jump_in_dec_o$852
   141/257: $u_control_shell.u_core.u_ibex_core.id_stage_i.decoder_i.icache_inval_o$851
   142/257: $u_control_shell.u_core.u_ibex_core.id_stage_i.decoder_i.jump_set_o$850
   143/257: $u_control_shell.u_core.u_ibex_core.id_stage_i.decoder_i.illegal_insn$844
   144/257: $u_control_shell.u_core.u_ibex_core.id_stage_i.decoder_i.multdiv_signed_mode_o$843
   145/257: $u_control_shell.u_core.u_ibex_core.id_stage_i.decoder_i.multdiv_operator_o$842
   146/257: $u_control_shell.u_core.u_ibex_core.id_stage_i.decoder_i.illegal_insn$847
   147/257: $u_control_shell.u_core.u_ibex_core.id_stage_i.decoder_i.multdiv_signed_mode_o$846
   148/257: $u_control_shell.u_core.u_ibex_core.id_stage_i.decoder_i.multdiv_operator_o$845
   149/257: $u_control_shell.u_core.u_ibex_core.id_stage_i.decoder_i.illegal_insn$837
   150/257: $u_control_shell.u_core.u_ibex_core.id_stage_i.decoder_i.illegal_insn$838
   151/257: $u_control_shell.u_core.u_ibex_core.id_stage_i.decoder_i.illegal_insn$839
   152/257: $u_control_shell.u_core.u_ibex_core.id_stage_i.decoder_i.illegal_insn$832
   153/257: $u_control_shell.u_core.u_ibex_core.id_stage_i.decoder_i.illegal_insn$831
   154/257: $u_control_shell.u_core.u_ibex_core.id_stage_i.decoder_i.illegal_insn$833
   155/257: $u_control_shell.u_core.u_ibex_core.id_stage_i.decoder_i.illegal_insn$840
   156/257: $u_control_shell.u_core.u_ibex_core.id_stage_i.decoder_i.illegal_insn$977
   157/257: $u_control_shell.u_core.u_ibex_core.id_stage_i.decoder_i.cheriot_operator_o$1013 [21]
   158/257: $u_control_shell.u_core.u_ibex_core.id_stage_i.decoder_i.illegal_insn$826
   159/257: $u_control_shell.u_core.u_ibex_core.id_stage_i.decoder_i.cheriot_setaddr_sel_o$825
   160/257: $u_control_shell.u_core.u_ibex_core.id_stage_i.decoder_i.cheriot_adder_b_sel_o$824
   161/257: $u_control_shell.u_core.u_ibex_core.id_stage_i.decoder_i.cheriot_adder_a_sel_o$823
   162/257: $u_control_shell.u_core.u_ibex_core.id_stage_i.decoder_i.cheriot_operator_o[21]$822
   163/257: $u_control_shell.u_core.u_ibex_core.id_stage_i.decoder_i.instr_is_cheriot_o$821
   164/257: $u_control_shell.u_core.u_ibex_core.id_stage_i.decoder_i.cheriot_operator_o$1013 [16]
   165/257: $u_control_shell.u_core.u_ibex_core.id_stage_i.decoder_i.cheriot_operator_o$1013 [15]
   166/257: $u_control_shell.u_core.u_ibex_core.id_stage_i.decoder_i.cheriot_operator_o$1013 [14:0]
   167/257: $u_control_shell.u_core.u_ibex_core.id_stage_i.decoder_i.cheriot_data_req_o$807
   168/257: $u_control_shell.u_core.u_ibex_core.id_stage_i.decoder_i.cheriot_operator_o[15]$809
   169/257: $u_control_shell.u_core.u_ibex_core.id_stage_i.decoder_i.instr_is_cheriot_o$808
   170/257: $u_control_shell.u_core.u_ibex_core.id_stage_i.decoder_i.data_req_o$806
   171/257: $u_control_shell.u_core.u_ibex_core.id_stage_i.decoder_i.illegal_insn$799
   172/257: $u_control_shell.u_core.u_ibex_core.id_stage_i.decoder_i.illegal_insn$816
   173/257: $u_control_shell.u_core.u_ibex_core.id_stage_i.decoder_i.cheriot_operator_o[15]$815
   174/257: $u_control_shell.u_core.u_ibex_core.id_stage_i.decoder_i.instr_is_cheriot_o$814
   175/257: $u_control_shell.u_core.u_ibex_core.id_stage_i.decoder_i.data_type_o$813
   176/257: $u_control_shell.u_core.u_ibex_core.id_stage_i.decoder_i.cheriot_data_req_o$812
   177/257: $u_control_shell.u_core.u_ibex_core.id_stage_i.decoder_i.data_req_o$811
   178/257: $u_control_shell.u_core.u_ibex_core.id_stage_i.decoder_i.cheriot_operator_o$1013 [18]
   179/257: $u_control_shell.u_core.u_ibex_core.id_stage_i.decoder_i.cheriot_operator_o$1013 [17]
   180/257: $u_control_shell.u_core.u_ibex_core.id_stage_i.decoder_i.illegal_insn$810
   181/257: $u_control_shell.u_core.u_ibex_core.id_stage_i.decoder_i.illegal_insn$786
   182/257: $u_control_shell.u_core.u_ibex_core.id_stage_i.decoder_i.cheriot_data_req_o$783
   183/257: $u_control_shell.u_core.u_ibex_core.id_stage_i.decoder_i.cheriot_operator_o[17]$785
   184/257: $u_control_shell.u_core.u_ibex_core.id_stage_i.decoder_i.instr_is_cheriot_o$784
   185/257: $u_control_shell.u_core.u_ibex_core.id_stage_i.decoder_i.data_req_o$782
   186/257: $u_control_shell.u_core.u_ibex_core.id_stage_i.decoder_i.illegal_insn$791
   187/257: $u_control_shell.u_core.u_ibex_core.id_stage_i.decoder_i.cheriot_operator_o[17]$790
   188/257: $u_control_shell.u_core.u_ibex_core.id_stage_i.decoder_i.instr_is_cheriot_o$789
   189/257: $u_control_shell.u_core.u_ibex_core.id_stage_i.decoder_i.cheriot_data_req_o$788
   190/257: $u_control_shell.u_core.u_ibex_core.id_stage_i.decoder_i.data_req_o$787
   191/257: $u_control_shell.u_core.u_ibex_core.id_stage_i.decoder_i.illegal_insn$796
   192/257: $u_control_shell.u_core.u_ibex_core.id_stage_i.decoder_i.cheriot_operator_o[17]$795
   193/257: $u_control_shell.u_core.u_ibex_core.id_stage_i.decoder_i.instr_is_cheriot_o$794
   194/257: $u_control_shell.u_core.u_ibex_core.id_stage_i.decoder_i.cheriot_data_req_o$793
   195/257: $u_control_shell.u_core.u_ibex_core.id_stage_i.decoder_i.data_req_o$792
   196/257: $u_control_shell.u_core.u_ibex_core.id_stage_i.decoder_i.illegal_insn$775
   197/257: $u_control_shell.u_core.u_ibex_core.id_stage_i.decoder_i.cheriot_operator_o$1013 [19]
   198/257: $u_control_shell.u_core.u_ibex_core.id_stage_i.decoder_i.data_type_o$797
   199/257: $u_control_shell.u_core.u_ibex_core.id_stage_i.decoder_i.rf_we$762
   200/257: $u_control_shell.u_core.u_ibex_core.id_stage_i.decoder_i.jump_set_o$761
   201/257: $u_control_shell.u_core.u_ibex_core.id_stage_i.decoder_i.rf_we$774
   202/257: $u_control_shell.u_core.u_ibex_core.id_stage_i.decoder_i.illegal_insn$773
   203/257: $u_control_shell.u_core.u_ibex_core.id_stage_i.decoder_i.rf_ren_a_o$766
   204/257: $u_control_shell.u_core.u_ibex_core.id_stage_i.decoder_i.illegal_insn$760
   205/257: $u_control_shell.u_core.u_ibex_core.id_stage_i.decoder_i.cheriot_operator_o[19]$758
   206/257: $u_control_shell.u_core.u_ibex_core.id_stage_i.decoder_i.cheriot_setaddr_sel_o$772
   207/257: $u_control_shell.u_core.u_ibex_core.id_stage_i.decoder_i.cheriot_adder_b_sel_o$771
   208/257: $u_control_shell.u_core.u_ibex_core.id_stage_i.decoder_i.cheriot_adder_a_sel_o$770
   209/257: $u_control_shell.u_core.u_ibex_core.id_stage_i.decoder_i.cheriot_operator_o[19]$769
   210/257: $u_control_shell.u_core.u_ibex_core.id_stage_i.decoder_i.instr_is_cheriot_o$768
   211/257: $u_control_shell.u_core.u_ibex_core.id_stage_i.decoder_i.jump_in_dec_o$767
   212/257: $u_control_shell.u_core.u_ibex_core.id_stage_i.decoder_i.jump_set_o$765
   213/257: $u_control_shell.u_core.u_ibex_core.id_stage_i.decoder_i.rf_we$827
   214/257: $u_control_shell.u_core.u_ibex_core.id_stage_i.decoder_i.cheriot_operator_o$1013 [20]
   215/257: $u_control_shell.u_core.u_ibex_core.id_stage_i.decoder_i.illegal_insn$764
   216/257: $u_control_shell.u_core.u_ibex_core.id_stage_i.decoder_i.jump_set_o$742
   217/257: $u_control_shell.u_core.u_ibex_core.id_stage_i.decoder_i.rf_we$752
   218/257: $u_control_shell.u_core.u_ibex_core.id_stage_i.decoder_i.illegal_insn$751
   219/257: $u_control_shell.u_core.u_ibex_core.id_stage_i.decoder_i.cheriot_setaddr_sel_o$750
   220/257: $u_control_shell.u_core.u_ibex_core.id_stage_i.decoder_i.cheriot_adder_b_sel_o$749
   221/257: $u_control_shell.u_core.u_ibex_core.id_stage_i.decoder_i.cheriot_adder_a_sel_o$748
   222/257: $u_control_shell.u_core.u_ibex_core.id_stage_i.decoder_i.cheriot_operator_o[20]$747
   223/257: $u_control_shell.u_core.u_ibex_core.id_stage_i.decoder_i.instr_is_cheriot_o$746
   224/257: $u_control_shell.u_core.u_ibex_core.id_stage_i.decoder_i.jump_in_dec_o$745
   225/257: $u_control_shell.u_core.u_ibex_core.id_stage_i.decoder_i.jump_set_o$744
   226/257: $u_control_shell.u_core.u_ibex_core.id_stage_i.decoder_i.csr_op$1022
   227/257: $u_control_shell.u_core.u_ibex_core.id_stage_i.decoder_i.rf_we$1021
   228/257: $u_control_shell.u_core.u_ibex_core.id_stage_i.decoder_i.csr_illegal$1020
   229/257: $u_control_shell.u_core.u_ibex_core.id_stage_i.decoder_i.illegal_insn$1019
   230/257: $u_control_shell.u_core.u_ibex_core.id_stage_i.decoder_i.cheriot_setbounds_sel_o$1018
   231/257: $u_control_shell.u_core.u_ibex_core.id_stage_i.decoder_i.cheriot_setaddr_sel_o$1017
   232/257: $u_control_shell.u_core.u_ibex_core.id_stage_i.decoder_i.cheriot_adder_b_sel_o$1016
   233/257: $u_control_shell.u_core.u_ibex_core.id_stage_i.decoder_i.cheriot_adder_a_sel_o$1015
   234/257: $u_control_shell.u_core.u_ibex_core.id_stage_i.decoder_i.cheriot_cap_field_sel_o$1014
   235/257: $u_control_shell.u_core.u_ibex_core.id_stage_i.decoder_i.rf_we$743
   236/257: $u_control_shell.u_core.u_ibex_core.id_stage_i.decoder_i.instr_is_cheriot_o$1012
   237/257: $u_control_shell.u_core.u_ibex_core.id_stage_i.decoder_i.branch_in_dec_o$1011
   238/257: $u_control_shell.u_core.u_ibex_core.id_stage_i.decoder_i.jump_in_dec_o$1010
   239/257: $u_control_shell.u_core.u_ibex_core.id_stage_i.decoder_i.data_sign_extension_o$1009
   240/257: $u_control_shell.u_core.u_ibex_core.id_stage_i.decoder_i.data_type_o$1008
   241/257: $u_control_shell.u_core.u_ibex_core.id_stage_i.decoder_i.data_we_o$1007
   242/257: $u_control_shell.u_core.u_ibex_core.id_stage_i.decoder_i.cheriot_data_req_o$1006
   243/257: $u_control_shell.u_core.u_ibex_core.id_stage_i.decoder_i.data_req_o$1005
   244/257: $u_control_shell.u_core.u_ibex_core.id_stage_i.decoder_i.csr_cheriot_always_ok_o$1004
   245/257: $u_control_shell.u_core.u_ibex_core.id_stage_i.decoder_i.csr_access_o$1003
   246/257: $u_control_shell.u_core.u_ibex_core.id_stage_i.decoder_i.multdiv_signed_mode_o$1002
   247/257: $u_control_shell.u_core.u_ibex_core.id_stage_i.decoder_i.multdiv_operator_o$1001
   248/257: $u_control_shell.u_core.u_ibex_core.id_stage_i.decoder_i.rf_ren_b_o$1000
   249/257: $u_control_shell.u_core.u_ibex_core.id_stage_i.decoder_i.rf_ren_a_o$999
   250/257: $u_control_shell.u_core.u_ibex_core.id_stage_i.decoder_i.rf_wdata_sel_o$998
   251/257: $u_control_shell.u_core.u_ibex_core.id_stage_i.decoder_i.icache_inval_o$997
   252/257: $u_control_shell.u_core.u_ibex_core.id_stage_i.decoder_i.jump_set_o$996
   253/257: $u_control_shell.u_core.u_ibex_core.id_stage_i.decoder_i.wfi_insn_o$995
   254/257: $u_control_shell.u_core.u_ibex_core.id_stage_i.decoder_i.ecall_insn_o$994
   255/257: $u_control_shell.u_core.u_ibex_core.id_stage_i.decoder_i.dret_insn_o$993
   256/257: $u_control_shell.u_core.u_ibex_core.id_stage_i.decoder_i.mret_insn_o$992
   257/257: $u_control_shell.u_core.u_ibex_core.id_stage_i.decoder_i.ebrk_insn_o$991
Creating decoders for process `\agriasic_digital_rv32i_top.$729'.
     1/1: $u_control_shell.u_core.u_ibex_core.id_stage_i.decoder_i.csr_op_o$735
Creating decoders for process `\agriasic_digital_rv32i_top.$696'.
     1/1: $u_control_shell.u_core.u_ibex_core.id_stage_i.rf_wdata_id_o$697
Creating decoders for process `\agriasic_digital_rv32i_top.$687'.
     1/1: $u_control_shell.u_core.u_ibex_core.id_stage_i.imd_val_q[33:0]$690
Creating decoders for process `\agriasic_digital_rv32i_top.$683'.
     1/1: $u_control_shell.u_core.u_ibex_core.id_stage_i.imd_val_q[67:34]$686
Creating decoders for process `\agriasic_digital_rv32i_top.$676'.
     1/1: $u_control_shell.u_core.u_ibex_core.id_stage_i.imm_b$678
Creating decoders for process `\agriasic_digital_rv32i_top.$671'.
     1/1: $u_control_shell.u_core.u_ibex_core.id_stage_i.bt_b_operand_o$674
Creating decoders for process `\agriasic_digital_rv32i_top.$668'.
     1/1: $u_control_shell.u_core.u_ibex_core.id_stage_i.bt_a_operand_o$669
Creating decoders for process `\agriasic_digital_rv32i_top.$665'.
     1/1: $u_control_shell.u_core.u_ibex_core.id_stage_i.alu_operand_a$666
Creating decoders for process `\agriasic_digital_rv32i_top.$538'.
     1/10: $u_control_shell.u_core.u_ibex_core.if_stage_i.pc_id_o$548
     2/10: $u_control_shell.u_core.u_ibex_core.if_stage_i.illegal_c_insn_id_o$547
     3/10: $u_control_shell.u_core.u_ibex_core.if_stage_i.instr_fetch_err_plus2_o$546
     4/10: $u_control_shell.u_core.u_ibex_core.if_stage_i.instr_fetch_err_o$545
     5/10: $u_control_shell.u_core.u_ibex_core.if_stage_i.instr_expanded_id_o$544
     6/10: $u_control_shell.u_core.u_ibex_core.if_stage_i.instr_gets_expanded_id_o$543
     7/10: $u_control_shell.u_core.u_ibex_core.if_stage_i.instr_is_compressed_id_o$542
     8/10: $u_control_shell.u_core.u_ibex_core.if_stage_i.instr_rdata_c_id_o$541
     9/10: $u_control_shell.u_core.u_ibex_core.if_stage_i.instr_rdata_alu_id_o$540
    10/10: $u_control_shell.u_core.u_ibex_core.if_stage_i.instr_rdata_id_o$539
Creating decoders for process `\agriasic_digital_rv32i_top.$6823'.
     1/26: $u_control_shell.u_dm.i_dm_mem.halted_d$6903
     2/26: $u_control_shell.u_dm.i_dm_mem.rdata$6888
     3/26: $u_control_shell.u_dm.i_dm_mem.rdata_d$6851
     4/26: $u_control_shell.u_dm.i_dm_mem.rdata_d$6852
     5/26: $u_control_shell.u_dm.i_dm_mem.rdata_d$6846
     6/26: $u_control_shell.u_dm.i_dm_mem.rdata$6890
     7/26: $u_control_shell.u_dm.i_dm_mem.rdata_d$6889
     8/26: $u_control_shell.u_dm.i_dm_mem.halted_d$6837
     9/26: $u_control_shell.u_dm.i_dm_mem.halted_aligned$6831
    10/26: $u_control_shell.u_dm.i_dm_mem.halted_d$6830
    11/26: $u_control_shell.u_dm.i_dm_mem.halted_aligned$6842
    12/26: $u_control_shell.u_dm.i_dm_mem.exception$6841
    13/26: $u_control_shell.u_dm.i_dm_mem.going$6840
    14/26: $u_control_shell.u_dm.i_dm_mem.halted_d$6839
    15/26: $u_control_shell.u_dm.i_dm_mem.rdata$6896
    16/26: $u_control_shell.u_dm.i_dm_mem.halted_aligned$6895
    17/26: $u_control_shell.u_dm.i_dm_mem.rdata_d$6894
    18/26: $u_control_shell.u_dm.i_dm_mem.exception$6893
    19/26: $u_control_shell.u_dm.i_dm_mem.going$6892
    20/26: $u_control_shell.u_dm.i_dm_mem.halted_d$6891
    21/26: $u_control_shell.u_dm.i_dm_mem.rdata$6902
    22/26: $u_control_shell.u_dm.i_dm_mem.halted_aligned$6901
    23/26: $u_control_shell.u_dm.i_dm_mem.rdata_d$6900
    24/26: $u_control_shell.u_dm.i_dm_mem.exception$6899
    25/26: $u_control_shell.u_dm.i_dm_mem.going$6898
    26/26: $u_control_shell.u_dm.i_dm_mem.halted_d$6897
Creating decoders for process `\agriasic_digital_rv32i_top.$6809'.
     1/2: $u_control_shell.u_dm.i_dm_mem.resuming_d$6821
     2/2: $u_control_shell.u_dm.i_dm_mem.resuming_d$6819
Creating decoders for process `\agriasic_digital_rv32i_top.$5992'.
     1/10: $u_control_shell.u_dtm.i_dmi_cdc.i_cdc_resp.i_cdc_reset_ctrlr.i_cdc_reset_ctrlr_half_b.i_state_transition_cdc_dst.state_d$6003
     2/10: $u_control_shell.u_dtm.i_dmi_cdc.i_cdc_resp.i_cdc_reset_ctrlr.i_cdc_reset_ctrlr_half_b.i_state_transition_cdc_dst.ack_dst_d$6002
     3/10: $u_control_shell.u_dtm.i_dmi_cdc.i_cdc_resp.i_cdc_reset_ctrlr.i_cdc_reset_ctrlr_half_b.i_state_transition_cdc_dst.state_d$6000
     4/10: $u_control_shell.u_dtm.i_dmi_cdc.i_cdc_resp.i_cdc_reset_ctrlr.i_cdc_reset_ctrlr_half_b.i_state_transition_cdc_dst.ack_dst_d$5999
     5/10: $u_control_shell.u_dtm.i_dmi_cdc.i_cdc_resp.i_cdc_reset_ctrlr.i_cdc_reset_ctrlr_half_b.i_state_transition_cdc_dst.state_d$6006
     6/10: $u_control_shell.u_dtm.i_dmi_cdc.i_cdc_resp.i_cdc_reset_ctrlr.i_cdc_reset_ctrlr_half_b.i_state_transition_cdc_dst.state_d$5995
     7/10: $u_control_shell.u_dtm.i_dmi_cdc.i_cdc_resp.i_cdc_reset_ctrlr.i_cdc_reset_ctrlr_half_b.i_state_transition_cdc_dst.state_d$5997
     8/10: $u_control_shell.u_dtm.i_dmi_cdc.i_cdc_resp.i_cdc_reset_ctrlr.i_cdc_reset_ctrlr_half_b.i_state_transition_cdc_dst.data_valid$5996
     9/10: $u_control_shell.u_dtm.i_dmi_cdc.i_cdc_resp.i_cdc_reset_ctrlr.i_cdc_reset_ctrlr_half_b.i_state_transition_cdc_dst.data_valid$6005
    10/10: $u_control_shell.u_dtm.i_dmi_cdc.i_cdc_resp.i_cdc_reset_ctrlr.i_cdc_reset_ctrlr_half_b.i_state_transition_cdc_dst.ack_dst_d$6004
Creating decoders for process `\agriasic_digital_rv32i_top.$447'.
     1/25: $u_control_shell.u_core.u_ibex_core.if_stage_i.compressed_decoder_i.instr_o$477
     2/25: $u_control_shell.u_core.u_ibex_core.if_stage_i.compressed_decoder_i.instr_o$478
     3/25: $u_control_shell.u_core.u_ibex_core.if_stage_i.compressed_decoder_i.instr_o$479
     4/25: $u_control_shell.u_core.u_ibex_core.if_stage_i.compressed_decoder_i.illegal_instr_o$472
     5/25: $u_control_shell.u_core.u_ibex_core.if_stage_i.compressed_decoder_i.instr_o$473
     6/25: $u_control_shell.u_core.u_ibex_core.if_stage_i.compressed_decoder_i.illegal_instr_o$474
     7/25: $u_control_shell.u_core.u_ibex_core.if_stage_i.compressed_decoder_i.illegal_instr_o$480
     8/25: $u_control_shell.u_core.u_ibex_core.if_stage_i.compressed_decoder_i.illegal_instr_o$468
     9/25: $u_control_shell.u_core.u_ibex_core.if_stage_i.compressed_decoder_i.illegal_instr_o$466
    10/25: $u_control_shell.u_core.u_ibex_core.if_stage_i.compressed_decoder_i.illegal_instr_o$482
    11/25: $u_control_shell.u_core.u_ibex_core.if_stage_i.compressed_decoder_i.instr_o$481
    12/25: $u_control_shell.u_core.u_ibex_core.if_stage_i.compressed_decoder_i.illegal_instr_o$460
    13/25: $u_control_shell.u_core.u_ibex_core.if_stage_i.compressed_decoder_i.instr_o$459
    14/25: $u_control_shell.u_core.u_ibex_core.if_stage_i.compressed_decoder_i.instr_o$461
    15/25: $u_control_shell.u_core.u_ibex_core.if_stage_i.compressed_decoder_i.illegal_instr_o$458
    16/25: $u_control_shell.u_core.u_ibex_core.if_stage_i.compressed_decoder_i.illegal_instr_o$462
    17/25: $u_control_shell.u_core.u_ibex_core.if_stage_i.compressed_decoder_i.illegal_instr_o$456
    18/25: $u_control_shell.u_core.u_ibex_core.if_stage_i.compressed_decoder_i.instr_o$454
    19/25: $u_control_shell.u_core.u_ibex_core.if_stage_i.compressed_decoder_i.instr_o$463
    20/25: $u_control_shell.u_core.u_ibex_core.if_stage_i.compressed_decoder_i.illegal_instr_o$464
    21/25: $u_control_shell.u_core.u_ibex_core.if_stage_i.compressed_decoder_i.illegal_instr_o$449
    22/25: $u_control_shell.u_core.u_ibex_core.if_stage_i.compressed_decoder_i.illegal_instr_o$451
    23/25: $u_control_shell.u_core.u_ibex_core.if_stage_i.compressed_decoder_i.instr_o$450
    24/25: $u_control_shell.u_core.u_ibex_core.if_stage_i.compressed_decoder_i.illegal_instr_o$484
    25/25: $u_control_shell.u_core.u_ibex_core.if_stage_i.compressed_decoder_i.instr_o$483
Creating decoders for process `\agriasic_digital_rv32i_top.$5560'.
     1/11: $u_control_shell.u_dtm.i_dmi_cdc.i_cdc_req.i_cdc_reset_ctrlr.i_cdc_reset_ctrlr_half_b.i_state_transition_cdc_src.state_d$5569
     2/11: $u_control_shell.u_dtm.i_dmi_cdc.i_cdc_req.i_cdc_reset_ctrlr.i_cdc_reset_ctrlr_half_b.i_state_transition_cdc_src.ready_o$5568
     3/11: $u_control_shell.u_dtm.i_dmi_cdc.i_cdc_req.i_cdc_reset_ctrlr.i_cdc_reset_ctrlr_half_b.i_state_transition_cdc_src.state_d$5566
     4/11: $u_control_shell.u_dtm.i_dmi_cdc.i_cdc_req.i_cdc_reset_ctrlr.i_cdc_reset_ctrlr_half_b.i_state_transition_cdc_src.req_src_d$5565
     5/11: $u_control_shell.u_dtm.i_dmi_cdc.i_cdc_req.i_cdc_reset_ctrlr.i_cdc_reset_ctrlr_half_b.i_state_transition_cdc_src.state_d$5573
     6/11: $u_control_shell.u_dtm.i_dmi_cdc.i_cdc_req.i_cdc_reset_ctrlr.i_cdc_reset_ctrlr_half_b.i_state_transition_cdc_src.state_d$5563
     7/11: $u_control_shell.u_dtm.i_dmi_cdc.i_cdc_req.i_cdc_reset_ctrlr.i_cdc_reset_ctrlr_half_b.i_state_transition_cdc_src.data_src_d$5562
     8/11: $u_control_shell.u_dtm.i_dmi_cdc.i_cdc_req.i_cdc_reset_ctrlr.i_cdc_reset_ctrlr_half_b.i_state_transition_cdc_src.req_src_d$5561
     9/11: $u_control_shell.u_dtm.i_dmi_cdc.i_cdc_req.i_cdc_reset_ctrlr.i_cdc_reset_ctrlr_half_b.i_state_transition_cdc_src.data_src_d$5572
    10/11: $u_control_shell.u_dtm.i_dmi_cdc.i_cdc_req.i_cdc_reset_ctrlr.i_cdc_reset_ctrlr_half_b.i_state_transition_cdc_src.req_src_d$5571
    11/11: $u_control_shell.u_dtm.i_dmi_cdc.i_cdc_req.i_cdc_reset_ctrlr.i_cdc_reset_ctrlr_half_b.i_state_transition_cdc_src.ready_o$5570
Creating decoders for process `\agriasic_digital_rv32i_top.$297'.
     1/1: $u_control_shell.u_core.u_ibex_core.if_stage_i.gen_prefetch_buffer.prefetch_buffer_i.fetch_addr_q$298
Creating decoders for process `\agriasic_digital_rv32i_top.$286'.
     1/1: $u_control_shell.u_core.u_ibex_core.if_stage_i.gen_prefetch_buffer.prefetch_buffer_i.stored_addr_q$287
Creating decoders for process `\agriasic_digital_rv32i_top.$249'.
     1/2: $u_control_shell.u_core.u_ibex_core.if_stage_i.gen_prefetch_buffer.prefetch_buffer_i.fifo_i.err_q[2]$251
     2/2: $u_control_shell.u_core.u_ibex_core.if_stage_i.gen_prefetch_buffer.prefetch_buffer_i.fifo_i.rdata_q[95:64]$250
Creating decoders for process `\agriasic_digital_rv32i_top.$246'.
     1/2: $u_control_shell.u_core.u_ibex_core.if_stage_i.gen_prefetch_buffer.prefetch_buffer_i.fifo_i.err_q[1]$248
     2/2: $u_control_shell.u_core.u_ibex_core.if_stage_i.gen_prefetch_buffer.prefetch_buffer_i.fifo_i.rdata_q[63:32]$247
Creating decoders for process `\agriasic_digital_rv32i_top.$243'.
     1/2: $u_control_shell.u_core.u_ibex_core.if_stage_i.gen_prefetch_buffer.prefetch_buffer_i.fifo_i.err_q[0]$245
     2/2: $u_control_shell.u_core.u_ibex_core.if_stage_i.gen_prefetch_buffer.prefetch_buffer_i.fifo_i.rdata_q[31:0]$244
Creating decoders for process `\agriasic_digital_rv32i_top.$6762'.
     1/8: $u_control_shell.u_dm.i_dm_mem.data_bits$6803
     2/8: $u_control_shell.u_dm.i_dm_mem.data_bits$6794
     3/8: $u_control_shell.u_dm.i_dm_mem.data_bits$6785
     4/8: $u_control_shell.u_dm.i_dm_mem.data_bits$6776
     5/8: $u_control_shell.u_dm.i_dm_mem.data_bits$6805
     6/8: $u_control_shell.u_dm.i_dm_mem.data_valid_o$6804
     7/8: $u_control_shell.u_dm.i_dm_mem.data_bits$6807
     8/8: $u_control_shell.u_dm.i_dm_mem.data_valid_o$6806
Creating decoders for process `\agriasic_digital_rv32i_top.$174'.
     1/1: $u_control_shell.u_core.u_ibex_core.if_stage_i.gen_prefetch_buffer.prefetch_buffer_i.fifo_i.instr_addr_q$175
Creating decoders for process `\agriasic_digital_rv32i_top.$157'.
     1/5: $u_control_shell.u_core.u_ibex_core.if_stage_i.gen_prefetch_buffer.prefetch_buffer_i.fifo_i.out_err_plus2_o$162
     2/5: $u_control_shell.u_core.u_ibex_core.if_stage_i.gen_prefetch_buffer.prefetch_buffer_i.fifo_i.out_err_o$161
     3/5: $u_control_shell.u_core.u_ibex_core.if_stage_i.gen_prefetch_buffer.prefetch_buffer_i.fifo_i.out_rdata_o$160
     4/5: $u_control_shell.u_core.u_ibex_core.if_stage_i.gen_prefetch_buffer.prefetch_buffer_i.fifo_i.out_valid_o$159
     5/5: $u_control_shell.u_core.u_ibex_core.if_stage_i.gen_prefetch_buffer.prefetch_buffer_i.fifo_i.out_valid_o$158
Creating decoders for process `\agriasic_digital_rv32i_top.$91'.
     1/1: $u_control_shell.u_core.u_ibex_core.if_stage_i.fetch_addr_n$92
Creating decoders for process `\agriasic_digital_rv32i_top.$80'.
     1/2: $u_control_shell.u_core.u_ibex_core.if_stage_i.exc_pc$88
     2/2: $u_control_shell.u_core.u_ibex_core.if_stage_i.irq_vec$81
Creating decoders for process `\agriasic_digital_rv32i_top.$6727'.
     1/20: $u_control_shell.u_dm.i_dm_mem.state_d$6756
     2/20: $u_control_shell.u_dm.i_dm_mem.go$6755
     3/20: $u_control_shell.u_dm.i_dm_mem.cmderror_o$6754
     4/20: $u_control_shell.u_dm.i_dm_mem.cmderror_valid_o$6753
     5/20: $u_control_shell.u_dm.i_dm_mem.cmderror_o$6752
     6/20: $u_control_shell.u_dm.i_dm_mem.cmderror_valid_o$6751
     7/20: $u_control_shell.u_dm.i_dm_mem.state_d$6743
     8/20: $u_control_shell.u_dm.i_dm_mem.state_d$6741
     9/20: $u_control_shell.u_dm.i_dm_mem.cmderror_o$6736
    10/20: $u_control_shell.u_dm.i_dm_mem.cmderror_valid_o$6735
    11/20: $u_control_shell.u_dm.i_dm_mem.state_d$6740
    12/20: $u_control_shell.u_dm.i_dm_mem.cmd_hartsel_d$6739
    13/20: $u_control_shell.u_dm.i_dm_mem.cmderror_o$6738
    14/20: $u_control_shell.u_dm.i_dm_mem.cmderror_valid_o$6737
    15/20: $u_control_shell.u_dm.i_dm_mem.state_d$6749
    16/20: $u_control_shell.u_dm.i_dm_mem.cmd_hartsel_d$6748
    17/20: $u_control_shell.u_dm.i_dm_mem.go$6747
    18/20: $u_control_shell.u_dm.i_dm_mem.cmdbusy_o$6746
    19/20: $u_control_shell.u_dm.i_dm_mem.cmderror_o$6745
    20/20: $u_control_shell.u_dm.i_dm_mem.cmderror_valid_o$6744
Creating decoders for process `\agriasic_digital_rv32i_top.$5527'.
     1/18: $u_control_shell.u_dtm.i_dmi_cdc.i_cdc_req.i_cdc_reset_ctrlr.i_cdc_reset_ctrlr_half_b.initiator_state_d$5542
     2/18: $u_control_shell.u_dtm.i_dmi_cdc.i_cdc_req.i_cdc_reset_ctrlr.i_cdc_reset_ctrlr_half_b.initiator_state_d$5541
     3/18: $u_control_shell.u_dtm.i_dmi_cdc.i_cdc_req.i_cdc_reset_ctrlr.i_cdc_reset_ctrlr_half_b.initiator_state_d$5540
     4/18: $u_control_shell.u_dtm.i_dmi_cdc.i_cdc_req.i_cdc_reset_ctrlr.i_cdc_reset_ctrlr_half_b.initiator_state_d$5539
     5/18: $u_control_shell.u_dtm.i_dmi_cdc.i_cdc_req.i_cdc_reset_ctrlr.i_cdc_reset_ctrlr_half_b.initiator_state_d$5536
     6/18: $u_control_shell.u_dtm.i_dmi_cdc.i_cdc_req.i_cdc_reset_ctrlr.i_cdc_reset_ctrlr_half_b.initiator_state_d$5537
     7/18: $u_control_shell.u_dtm.i_dmi_cdc.i_cdc_req.i_cdc_reset_ctrlr.i_cdc_reset_ctrlr_half_b.initiator_state_d$5538
     8/18: $u_control_shell.u_dtm.i_dmi_cdc.i_cdc_req.i_cdc_reset_ctrlr.i_cdc_reset_ctrlr_half_b.initiator_state_d$5534
     9/18: $u_control_shell.u_dtm.i_dmi_cdc.i_cdc_req.i_cdc_reset_ctrlr.i_cdc_reset_ctrlr_half_b.initiator_state_d$5533
    10/18: $u_control_shell.u_dtm.i_dmi_cdc.i_cdc_req.i_cdc_reset_ctrlr.i_cdc_reset_ctrlr_half_b.initiator_state_d$5530
    11/18: $u_control_shell.u_dtm.i_dmi_cdc.i_cdc_req.i_cdc_reset_ctrlr.i_cdc_reset_ctrlr_half_b.initiator_state_d$5531
    12/18: $u_control_shell.u_dtm.i_dmi_cdc.i_cdc_req.i_cdc_reset_ctrlr.i_cdc_reset_ctrlr_half_b.initiator_state_d$5532
    13/18: $u_control_shell.u_dtm.i_dmi_cdc.i_cdc_req.i_cdc_reset_ctrlr.i_cdc_reset_ctrlr_half_b.initiator_state_d$5543
    14/18: $u_control_shell.u_dtm.i_dmi_cdc.i_cdc_req.i_cdc_reset_ctrlr.i_cdc_reset_ctrlr_half_b.initiator_state_d$5528
    15/18: $u_control_shell.u_dtm.i_dmi_cdc.i_cdc_req.i_cdc_reset_ctrlr.i_cdc_reset_ctrlr_half_b.initiator_clear_out$5547
    16/18: $u_control_shell.u_dtm.i_dmi_cdc.i_cdc_req.i_cdc_reset_ctrlr.i_cdc_reset_ctrlr_half_b.initiator_isolate_out$5546
    17/18: $u_control_shell.u_dtm.i_dmi_cdc.i_cdc_req.i_cdc_reset_ctrlr.i_cdc_reset_ctrlr_half_b.initiator_phase_transition_req$5545
    18/18: $u_control_shell.u_dtm.i_dmi_cdc.i_cdc_req.i_cdc_reset_ctrlr.i_cdc_reset_ctrlr_half_b.initiator_clear_seq_phase$5544
Creating decoders for process `\agriasic_digital_rv32i_top.$34'.
     1/3: $u_control_shell.u_core.core_clock_gate_i.en_latch$37
     2/3: $39
     3/3: $38
Creating decoders for process `\agriasic_digital_rv32i_top.$5499'.
     1/9: $u_control_shell.u_dtm.i_dmi_cdc.i_cdc_req.i_cdc_reset_ctrlr.i_cdc_reset_ctrlr_half_a.receiver_clear_out$5505
     2/9: $u_control_shell.u_dtm.i_dmi_cdc.i_cdc_req.i_cdc_reset_ctrlr.i_cdc_reset_ctrlr_half_a.receiver_isolate_out$5504
     3/9: $u_control_shell.u_dtm.i_dmi_cdc.i_cdc_req.i_cdc_reset_ctrlr.i_cdc_reset_ctrlr_half_a.receiver_phase_ack$5503
     4/9: $u_control_shell.u_dtm.i_dmi_cdc.i_cdc_req.i_cdc_reset_ctrlr.i_cdc_reset_ctrlr_half_a.receiver_clear_out$5508
     5/9: $u_control_shell.u_dtm.i_dmi_cdc.i_cdc_req.i_cdc_reset_ctrlr.i_cdc_reset_ctrlr_half_a.receiver_isolate_out$5507
     6/9: $u_control_shell.u_dtm.i_dmi_cdc.i_cdc_req.i_cdc_reset_ctrlr.i_cdc_reset_ctrlr_half_a.receiver_phase_ack$5506
     7/9: $u_control_shell.u_dtm.i_dmi_cdc.i_cdc_req.i_cdc_reset_ctrlr.i_cdc_reset_ctrlr_half_a.receiver_clear_out$5502
     8/9: $u_control_shell.u_dtm.i_dmi_cdc.i_cdc_req.i_cdc_reset_ctrlr.i_cdc_reset_ctrlr_half_a.receiver_isolate_out$5501
     9/9: $u_control_shell.u_dtm.i_dmi_cdc.i_cdc_req.i_cdc_reset_ctrlr.i_cdc_reset_ctrlr_half_a.receiver_phase_ack$5500
Creating decoders for process `\agriasic_digital_rv32i_top.$5494'.
     1/1: $u_control_shell.u_dtm.i_dmi_cdc.i_cdc_req.i_cdc_reset_ctrlr.i_cdc_reset_ctrlr_half_a.receiver_phase_q$5498
Creating decoders for process `\agriasic_digital_rv32i_top.$7041'.
     1/4: $u_control_shell.result_q_q$7046
     2/4: $u_control_shell.result_i_q$7045
     3/4: $u_control_shell.result_q_q$7048
     4/4: $u_control_shell.result_i_q$7047
Creating decoders for process `\agriasic_digital_rv32i_top.$5953'.
     1/11: $u_control_shell.u_dtm.i_dmi_cdc.i_cdc_resp.i_cdc_reset_ctrlr.i_cdc_reset_ctrlr_half_b.i_state_transition_cdc_src.state_d$5962
     2/11: $u_control_shell.u_dtm.i_dmi_cdc.i_cdc_resp.i_cdc_reset_ctrlr.i_cdc_reset_ctrlr_half_b.i_state_transition_cdc_src.ready_o$5961
     3/11: $u_control_shell.u_dtm.i_dmi_cdc.i_cdc_resp.i_cdc_reset_ctrlr.i_cdc_reset_ctrlr_half_b.i_state_transition_cdc_src.state_d$5959
     4/11: $u_control_shell.u_dtm.i_dmi_cdc.i_cdc_resp.i_cdc_reset_ctrlr.i_cdc_reset_ctrlr_half_b.i_state_transition_cdc_src.req_src_d$5958
     5/11: $u_control_shell.u_dtm.i_dmi_cdc.i_cdc_resp.i_cdc_reset_ctrlr.i_cdc_reset_ctrlr_half_b.i_state_transition_cdc_src.state_d$5966
     6/11: $u_control_shell.u_dtm.i_dmi_cdc.i_cdc_resp.i_cdc_reset_ctrlr.i_cdc_reset_ctrlr_half_b.i_state_transition_cdc_src.state_d$5956
     7/11: $u_control_shell.u_dtm.i_dmi_cdc.i_cdc_resp.i_cdc_reset_ctrlr.i_cdc_reset_ctrlr_half_b.i_state_transition_cdc_src.data_src_d$5955
     8/11: $u_control_shell.u_dtm.i_dmi_cdc.i_cdc_resp.i_cdc_reset_ctrlr.i_cdc_reset_ctrlr_half_b.i_state_transition_cdc_src.req_src_d$5954
     9/11: $u_control_shell.u_dtm.i_dmi_cdc.i_cdc_resp.i_cdc_reset_ctrlr.i_cdc_reset_ctrlr_half_b.i_state_transition_cdc_src.data_src_d$5965
    10/11: $u_control_shell.u_dtm.i_dmi_cdc.i_cdc_resp.i_cdc_reset_ctrlr.i_cdc_reset_ctrlr_half_b.i_state_transition_cdc_src.req_src_d$5964
    11/11: $u_control_shell.u_dtm.i_dmi_cdc.i_cdc_resp.i_cdc_reset_ctrlr.i_cdc_reset_ctrlr_half_b.i_state_transition_cdc_src.ready_o$5963

1.7. Executing PROC_CLEAN pass (remove empty switches from decision trees).
Found and cleaned up 9 empty switches in `\agriasic_digital_rv32i_top.$5460'.
Removing empty process `agriasic_digital_rv32i_top.$5460'.
Found and cleaned up 27 empty switches in `\agriasic_digital_rv32i_top.$6620'.
Removing empty process `agriasic_digital_rv32i_top.$6620'.
Found and cleaned up 1 empty switch in `\agriasic_digital_rv32i_top.$6603'.
Removing empty process `agriasic_digital_rv32i_top.$6603'.
Found and cleaned up 27 empty switches in `\agriasic_digital_rv32i_top.$5920'.
Removing empty process `agriasic_digital_rv32i_top.$5920'.
Found and cleaned up 7 empty switches in `\agriasic_digital_rv32i_top.$5421'.
Removing empty process `agriasic_digital_rv32i_top.$5421'.
Found and cleaned up 5 empty switches in `\agriasic_digital_rv32i_top.$5892'.
Removing empty process `agriasic_digital_rv32i_top.$5892'.
Found and cleaned up 1 empty switch in `\agriasic_digital_rv32i_top.$5887'.
Removing empty process `agriasic_digital_rv32i_top.$5887'.
Found and cleaned up 27 empty switches in `\agriasic_digital_rv32i_top.$5388'.
Removing empty process `agriasic_digital_rv32i_top.$5388'.
Found and cleaned up 1 empty switch in `\agriasic_digital_rv32i_top.$6538'.
Removing empty process `agriasic_digital_rv32i_top.$6538'.
Found and cleaned up 1 empty switch in `\agriasic_digital_rv32i_top.$6522'.
Removing empty process `agriasic_digital_rv32i_top.$6522'.
Found and cleaned up 1 empty switch in `\agriasic_digital_rv32i_top.$5360'.
Removing empty process `agriasic_digital_rv32i_top.$5360'.
Found and cleaned up 3 empty switches in `\agriasic_digital_rv32i_top.$5354'.
Removing empty process `agriasic_digital_rv32i_top.$5354'.
Found and cleaned up 9 empty switches in `\agriasic_digital_rv32i_top.$5853'.
Removing empty process `agriasic_digital_rv32i_top.$5853'.
Found and cleaned up 1 empty switch in `\agriasic_digital_rv32i_top.$6516'.
Removing empty process `agriasic_digital_rv32i_top.$6516'.
Found and cleaned up 9 empty switches in `\agriasic_digital_rv32i_top.$6487'.
Removing empty process `agriasic_digital_rv32i_top.$6487'.
Found and cleaned up 3 empty switches in `\agriasic_digital_rv32i_top.$5316'.
Removing empty process `agriasic_digital_rv32i_top.$5316'.
Found and cleaned up 1 empty switch in `\agriasic_digital_rv32i_top.$6464'.
Removing empty process `agriasic_digital_rv32i_top.$6464'.
Found and cleaned up 7 empty switches in `\agriasic_digital_rv32i_top.$5814'.
Removing empty process `agriasic_digital_rv32i_top.$5814'.
Found and cleaned up 1 empty switch in `\agriasic_digital_rv32i_top.$5256'.
Removing empty process `agriasic_digital_rv32i_top.$5256'.
Found and cleaned up 75 empty switches in `\agriasic_digital_rv32i_top.$6213'.
Removing empty process `agriasic_digital_rv32i_top.$6213'.
Found and cleaned up 3 empty switches in `\agriasic_digital_rv32i_top.$5238'.
Removing empty process `agriasic_digital_rv32i_top.$5238'.
Found and cleaned up 1 empty switch in `\agriasic_digital_rv32i_top.$5232'.
Removing empty process `agriasic_digital_rv32i_top.$5232'.
Found and cleaned up 13 empty switches in `\agriasic_digital_rv32i_top.$5219'.
Removing empty process `agriasic_digital_rv32i_top.$5219'.
Found and cleaned up 1 empty switch in `\agriasic_digital_rv32i_top.$6201'.
Removing empty process `agriasic_digital_rv32i_top.$6201'.
Found and cleaned up 7 empty switches in `\agriasic_digital_rv32i_top.$5209'.
Removing empty process `agriasic_digital_rv32i_top.$5209'.
Found and cleaned up 27 empty switches in `\agriasic_digital_rv32i_top.$5781'.
Removing empty process `agriasic_digital_rv32i_top.$5781'.
Found and cleaned up 13 empty switches in `\agriasic_digital_rv32i_top.$5192'.
Removing empty process `agriasic_digital_rv32i_top.$5192'.
Found and cleaned up 33 empty switches in `\agriasic_digital_rv32i_top.$5134'.
Removing empty process `agriasic_digital_rv32i_top.$5134'.
Found and cleaned up 27 empty switches in `\agriasic_digital_rv32i_top.$7193'.
Removing empty process `agriasic_digital_rv32i_top.$7193'.
Found and cleaned up 7 empty switches in `\agriasic_digital_rv32i_top.$5117'.
Removing empty process `agriasic_digital_rv32i_top.$5117'.
Found and cleaned up 1 empty switch in `\agriasic_digital_rv32i_top.$5060'.
Removing empty process `agriasic_digital_rv32i_top.$5060'.
Found and cleaned up 19 empty switches in `\agriasic_digital_rv32i_top.$4972'.
Removing empty process `agriasic_digital_rv32i_top.$4972'.
Found and cleaned up 31 empty switches in `\agriasic_digital_rv32i_top.$4899'.
Removing empty process `agriasic_digital_rv32i_top.$4899'.
Found and cleaned up 9 empty switches in `\agriasic_digital_rv32i_top.$4858'.
Removing empty process `agriasic_digital_rv32i_top.$4858'.
Found and cleaned up 1 empty switch in `\agriasic_digital_rv32i_top.$4811'.
Removing empty process `agriasic_digital_rv32i_top.$4811'.
Found and cleaned up 1 empty switch in `\agriasic_digital_rv32i_top.$4808'.
Removing empty process `agriasic_digital_rv32i_top.$4808'.
Found and cleaned up 3 empty switches in `\agriasic_digital_rv32i_top.$4798'.
Removing empty process `agriasic_digital_rv32i_top.$4798'.
Found and cleaned up 1 empty switch in `\agriasic_digital_rv32i_top.$4779'.
Removing empty process `agriasic_digital_rv32i_top.$4779'.
Found and cleaned up 11 empty switches in `\agriasic_digital_rv32i_top.$4754'.
Removing empty process `agriasic_digital_rv32i_top.$4754'.
Found and cleaned up 1 empty switch in `\agriasic_digital_rv32i_top.$4661'.
Removing empty process `agriasic_digital_rv32i_top.$4661'.
Found and cleaned up 1 empty switch in `\agriasic_digital_rv32i_top.$4650'.
Removing empty process `agriasic_digital_rv32i_top.$4650'.
Found and cleaned up 1 empty switch in `\agriasic_digital_rv32i_top.$4639'.
Removing empty process `agriasic_digital_rv32i_top.$4639'.
Found and cleaned up 1 empty switch in `\agriasic_digital_rv32i_top.$4631'.
Removing empty process `agriasic_digital_rv32i_top.$4631'.
Found and cleaned up 9 empty switches in `\agriasic_digital_rv32i_top.$7134'.
Removing empty process `agriasic_digital_rv32i_top.$7134'.
Found and cleaned up 53 empty switches in `\agriasic_digital_rv32i_top.$4406'.
Removing empty process `agriasic_digital_rv32i_top.$4406'.
Found and cleaned up 1 empty switch in `\agriasic_digital_rv32i_top.$4224'.
Removing empty process `agriasic_digital_rv32i_top.$4224'.
Found and cleaned up 1 empty switch in `\agriasic_digital_rv32i_top.$4219'.
Removing empty process `agriasic_digital_rv32i_top.$4219'.
Found and cleaned up 1 empty switch in `\agriasic_digital_rv32i_top.$4214'.
Removing empty process `agriasic_digital_rv32i_top.$4214'.
Found and cleaned up 1 empty switch in `\agriasic_digital_rv32i_top.$4209'.
Removing empty process `agriasic_digital_rv32i_top.$4209'.
Found and cleaned up 1 empty switch in `\agriasic_digital_rv32i_top.$4204'.
Removing empty process `agriasic_digital_rv32i_top.$4204'.
Found and cleaned up 1 empty switch in `\agriasic_digital_rv32i_top.$4199'.
Removing empty process `agriasic_digital_rv32i_top.$4199'.
Found and cleaned up 1 empty switch in `\agriasic_digital_rv32i_top.$4194'.
Removing empty process `agriasic_digital_rv32i_top.$4194'.
Found and cleaned up 1 empty switch in `\agriasic_digital_rv32i_top.$4189'.
Removing empty process `agriasic_digital_rv32i_top.$4189'.
Found and cleaned up 1 empty switch in `\agriasic_digital_rv32i_top.$4184'.
Removing empty process `agriasic_digital_rv32i_top.$4184'.
Found and cleaned up 1 empty switch in `\agriasic_digital_rv32i_top.$4179'.
Removing empty process `agriasic_digital_rv32i_top.$4179'.
Found and cleaned up 1 empty switch in `\agriasic_digital_rv32i_top.$4174'.
Removing empty process `agriasic_digital_rv32i_top.$4174'.
Found and cleaned up 1 empty switch in `\agriasic_digital_rv32i_top.$4169'.
Removing empty process `agriasic_digital_rv32i_top.$4169'.
Found and cleaned up 1 empty switch in `\agriasic_digital_rv32i_top.$4164'.
Removing empty process `agriasic_digital_rv32i_top.$4164'.
Found and cleaned up 1 empty switch in `\agriasic_digital_rv32i_top.$4159'.
Removing empty process `agriasic_digital_rv32i_top.$4159'.
Found and cleaned up 1 empty switch in `\agriasic_digital_rv32i_top.$4154'.
Removing empty process `agriasic_digital_rv32i_top.$4154'.
Found and cleaned up 1 empty switch in `\agriasic_digital_rv32i_top.$4149'.
Removing empty process `agriasic_digital_rv32i_top.$4149'.
Found and cleaned up 1 empty switch in `\agriasic_digital_rv32i_top.$4144'.
Removing empty process `agriasic_digital_rv32i_top.$4144'.
Found and cleaned up 1 empty switch in `\agriasic_digital_rv32i_top.$4139'.
Removing empty process `agriasic_digital_rv32i_top.$4139'.
Found and cleaned up 1 empty switch in `\agriasic_digital_rv32i_top.$4134'.
Removing empty process `agriasic_digital_rv32i_top.$4134'.
Found and cleaned up 1 empty switch in `\agriasic_digital_rv32i_top.$4129'.
Removing empty process `agriasic_digital_rv32i_top.$4129'.
Found and cleaned up 1 empty switch in `\agriasic_digital_rv32i_top.$4124'.
Removing empty process `agriasic_digital_rv32i_top.$4124'.
Found and cleaned up 1 empty switch in `\agriasic_digital_rv32i_top.$4119'.
Removing empty process `agriasic_digital_rv32i_top.$4119'.
Found and cleaned up 1 empty switch in `\agriasic_digital_rv32i_top.$4114'.
Removing empty process `agriasic_digital_rv32i_top.$4114'.
Found and cleaned up 1 empty switch in `\agriasic_digital_rv32i_top.$4109'.
Removing empty process `agriasic_digital_rv32i_top.$4109'.
Found and cleaned up 1 empty switch in `\agriasic_digital_rv32i_top.$4104'.
Removing empty process `agriasic_digital_rv32i_top.$4104'.
Found and cleaned up 1 empty switch in `\agriasic_digital_rv32i_top.$4099'.
Removing empty process `agriasic_digital_rv32i_top.$4099'.
Found and cleaned up 1 empty switch in `\agriasic_digital_rv32i_top.$4094'.
Removing empty process `agriasic_digital_rv32i_top.$4094'.
Found and cleaned up 1 empty switch in `\agriasic_digital_rv32i_top.$4089'.
Removing empty process `agriasic_digital_rv32i_top.$4089'.
Found and cleaned up 1 empty switch in `\agriasic_digital_rv32i_top.$4084'.
Removing empty process `agriasic_digital_rv32i_top.$4084'.
Found and cleaned up 1 empty switch in `\agriasic_digital_rv32i_top.$4079'.
Removing empty process `agriasic_digital_rv32i_top.$4079'.
Found and cleaned up 1 empty switch in `\agriasic_digital_rv32i_top.$4074'.
Removing empty process `agriasic_digital_rv32i_top.$4074'.
Found and cleaned up 1 empty switch in `\agriasic_digital_rv32i_top.$5753'.
Removing empty process `agriasic_digital_rv32i_top.$5753'.
Found and cleaned up 1 empty switch in `\agriasic_digital_rv32i_top.$3778'.
Removing empty process `agriasic_digital_rv32i_top.$3778'.
Found and cleaned up 1 empty switch in `\agriasic_digital_rv32i_top.$3740'.
Removing empty process `agriasic_digital_rv32i_top.$3740'.
Found and cleaned up 3 empty switches in `\agriasic_digital_rv32i_top.$5747'.
Removing empty process `agriasic_digital_rv32i_top.$5747'.
Found and cleaned up 1 empty switch in `\agriasic_digital_rv32i_top.$6149'.
Removing empty process `agriasic_digital_rv32i_top.$6149'.
Found and cleaned up 5 empty switches in `\agriasic_digital_rv32i_top.$3672'.
Removing empty process `agriasic_digital_rv32i_top.$3672'.
Found and cleaned up 1 empty switch in `\agriasic_digital_rv32i_top.$6142'.
Removing empty process `agriasic_digital_rv32i_top.$6142'.
Found and cleaned up 5 empty switches in `\agriasic_digital_rv32i_top.$3649'.
Removing empty process `agriasic_digital_rv32i_top.$3649'.
Found and cleaned up 1 empty switch in `\agriasic_digital_rv32i_top.$6136'.
Removing empty process `agriasic_digital_rv32i_top.$6136'.
Found and cleaned up 3 empty switches in `\agriasic_digital_rv32i_top.$5709'.
Removing empty process `agriasic_digital_rv32i_top.$5709'.
Found and cleaned up 1 empty switch in `\agriasic_digital_rv32i_top.$3639'.
Removing empty process `agriasic_digital_rv32i_top.$3639'.
Found and cleaned up 1 empty switch in `\agriasic_digital_rv32i_top.$3635'.
Removing empty process `agriasic_digital_rv32i_top.$3635'.
Found and cleaned up 1 empty switch in `\agriasic_digital_rv32i_top.$3571'.
Removing empty process `agriasic_digital_rv32i_top.$3571'.
Found and cleaned up 1 empty switch in `\agriasic_digital_rv32i_top.$3560'.
Removing empty process `agriasic_digital_rv32i_top.$3560'.
Found and cleaned up 1 empty switch in `\agriasic_digital_rv32i_top.$3549'.
Removing empty process `agriasic_digital_rv32i_top.$3549'.
Found and cleaned up 1 empty switch in `\agriasic_digital_rv32i_top.$3538'.
Removing empty process `agriasic_digital_rv32i_top.$3538'.
Found and cleaned up 1 empty switch in `\agriasic_digital_rv32i_top.$3521'.
Removing empty process `agriasic_digital_rv32i_top.$3521'.
Found and cleaned up 1 empty switch in `\agriasic_digital_rv32i_top.$3504'.
Removing empty process `agriasic_digital_rv32i_top.$3504'.
Found and cleaned up 1 empty switch in `\agriasic_digital_rv32i_top.$3487'.
Removing empty process `agriasic_digital_rv32i_top.$3487'.
Found and cleaned up 1 empty switch in `\agriasic_digital_rv32i_top.$3475'.
Removing empty process `agriasic_digital_rv32i_top.$3475'.
Found and cleaned up 1 empty switch in `\agriasic_digital_rv32i_top.$3458'.
Removing empty process `agriasic_digital_rv32i_top.$3458'.
Found and cleaned up 1 empty switch in `\agriasic_digital_rv32i_top.$3447'.
Removing empty process `agriasic_digital_rv32i_top.$3447'.
Found and cleaned up 1 empty switch in `\agriasic_digital_rv32i_top.$3436'.
Removing empty process `agriasic_digital_rv32i_top.$3436'.
Found and cleaned up 1 empty switch in `\agriasic_digital_rv32i_top.$3425'.
Removing empty process `agriasic_digital_rv32i_top.$3425'.
Found and cleaned up 1 empty switch in `\agriasic_digital_rv32i_top.$3410'.
Removing empty process `agriasic_digital_rv32i_top.$3410'.
Found and cleaned up 1 empty switch in `\agriasic_digital_rv32i_top.$3392'.
Removing empty process `agriasic_digital_rv32i_top.$3392'.
Found and cleaned up 1 empty switch in `\agriasic_digital_rv32i_top.$6963'.
Removing empty process `agriasic_digital_rv32i_top.$6963'.
Found and cleaned up 1 empty switch in `\agriasic_digital_rv32i_top.$3342'.
Removing empty process `agriasic_digital_rv32i_top.$3342'.
Found and cleaned up 5 empty switches in `\agriasic_digital_rv32i_top.$7102'.
Removing empty process `agriasic_digital_rv32i_top.$7102'.
Found and cleaned up 23 empty switches in `\agriasic_digital_rv32i_top.$3194'.
Removing empty process `agriasic_digital_rv32i_top.$3194'.
Found and cleaned up 9 empty switches in `\agriasic_digital_rv32i_top.$3120'.
Removing empty process `agriasic_digital_rv32i_top.$3120'.
Found and cleaned up 25 empty switches in `\agriasic_digital_rv32i_top.$6905'.
Removing empty process `agriasic_digital_rv32i_top.$6905'.
Found and cleaned up 1 empty switch in `\agriasic_digital_rv32i_top.$2949'.
Removing empty process `agriasic_digital_rv32i_top.$2949'.
Found and cleaned up 5 empty switches in `\agriasic_digital_rv32i_top.$5638'.
Removing empty process `agriasic_digital_rv32i_top.$5638'.
Found and cleaned up 5 empty switches in `\agriasic_digital_rv32i_top.$2819'.
Removing empty process `agriasic_digital_rv32i_top.$2819'.
Found and cleaned up 9 empty switches in `\agriasic_digital_rv32i_top.$2802'.
Removing empty process `agriasic_digital_rv32i_top.$2802'.
Found and cleaned up 35 empty switches in `\agriasic_digital_rv32i_top.$2674'.
Removing empty process `agriasic_digital_rv32i_top.$2674'.
Found and cleaned up 1 empty switch in `\agriasic_digital_rv32i_top.$2653'.
Removing empty process `agriasic_digital_rv32i_top.$2653'.
Found and cleaned up 9 empty switches in `\agriasic_digital_rv32i_top.$2642'.
Removing empty process `agriasic_digital_rv32i_top.$2642'.
Found and cleaned up 9 empty switches in `\agriasic_digital_rv32i_top.$2631'.
Removing empty process `agriasic_digital_rv32i_top.$2631'.
Found and cleaned up 1 empty switch in `\agriasic_digital_rv32i_top.$2628'.
Removing empty process `agriasic_digital_rv32i_top.$2628'.
Found and cleaned up 1 empty switch in `\agriasic_digital_rv32i_top.$2624'.
Removing empty process `agriasic_digital_rv32i_top.$2624'.
Found and cleaned up 1 empty switch in `\agriasic_digital_rv32i_top.$2615'.
Removing empty process `agriasic_digital_rv32i_top.$2615'.
Found and cleaned up 1 empty switch in `\agriasic_digital_rv32i_top.$2611'.
Removing empty process `agriasic_digital_rv32i_top.$2611'.
Found and cleaned up 5 empty switches in `\agriasic_digital_rv32i_top.$2597'.
Removing empty process `agriasic_digital_rv32i_top.$2597'.
Found and cleaned up 1 empty switch in `\agriasic_digital_rv32i_top.$2594'.
Removing empty process `agriasic_digital_rv32i_top.$2594'.
Found and cleaned up 15 empty switches in `\agriasic_digital_rv32i_top.$2579'.
Removing empty process `agriasic_digital_rv32i_top.$2579'.
Found and cleaned up 7 empty switches in `\agriasic_digital_rv32i_top.$2394'.
Removing empty process `agriasic_digital_rv32i_top.$2394'.
Found and cleaned up 1 empty switch in `\agriasic_digital_rv32i_top.$2379'.
Removing empty process `agriasic_digital_rv32i_top.$2379'.
Found and cleaned up 1 empty switch in `\agriasic_digital_rv32i_top.$2364'.
Removing empty process `agriasic_digital_rv32i_top.$2364'.
Found and cleaned up 5 empty switches in `\agriasic_digital_rv32i_top.$2338'.
Removing empty process `agriasic_digital_rv32i_top.$2338'.
Found and cleaned up 1 empty switch in `\agriasic_digital_rv32i_top.$2311'.
Removing empty process `agriasic_digital_rv32i_top.$2311'.
Found and cleaned up 1 empty switch in `\agriasic_digital_rv32i_top.$2285'.
Removing empty process `agriasic_digital_rv32i_top.$2285'.
Found and cleaned up 1 empty switch in `\agriasic_digital_rv32i_top.$2265'.
Removing empty process `agriasic_digital_rv32i_top.$2265'.
Found and cleaned up 1 empty switch in `\agriasic_digital_rv32i_top.$2246'.
Removing empty process `agriasic_digital_rv32i_top.$2246'.
Found and cleaned up 1 empty switch in `\agriasic_digital_rv32i_top.$5633'.
Removing empty process `agriasic_digital_rv32i_top.$5633'.
Found and cleaned up 3 empty switches in `\agriasic_digital_rv32i_top.$2231'.
Removing empty process `agriasic_digital_rv32i_top.$2231'.
Found and cleaned up 1 empty switch in `\agriasic_digital_rv32i_top.$2222'.
Removing empty process `agriasic_digital_rv32i_top.$2222'.
Found and cleaned up 1 empty switch in `\agriasic_digital_rv32i_top.$2173'.
Removing empty process `agriasic_digital_rv32i_top.$2173'.
Found and cleaned up 1 empty switch in `\agriasic_digital_rv32i_top.$2166'.
Removing empty process `agriasic_digital_rv32i_top.$2166'.
Found and cleaned up 1 empty switch in `\agriasic_digital_rv32i_top.$2160'.
Removing empty process `agriasic_digital_rv32i_top.$2160'.
Found and cleaned up 1 empty switch in `\agriasic_digital_rv32i_top.$2153'.
Removing empty process `agriasic_digital_rv32i_top.$2153'.
Found and cleaned up 1 empty switch in `\agriasic_digital_rv32i_top.$2148'.
Removing empty process `agriasic_digital_rv32i_top.$2148'.
Found and cleaned up 1 empty switch in `\agriasic_digital_rv32i_top.$2145'.
Removing empty process `agriasic_digital_rv32i_top.$2145'.
Found and cleaned up 17 empty switches in `\agriasic_digital_rv32i_top.$1758'.
Removing empty process `agriasic_digital_rv32i_top.$1758'.
Found and cleaned up 1 empty switch in `\agriasic_digital_rv32i_top.$1754'.
Removing empty process `agriasic_digital_rv32i_top.$1754'.
Found and cleaned up 5 empty switches in `\agriasic_digital_rv32i_top.$6031'.
Removing empty process `agriasic_digital_rv32i_top.$6031'.
Found and cleaned up 1 empty switch in `\agriasic_digital_rv32i_top.$6026'.
Removing empty process `agriasic_digital_rv32i_top.$6026'.
Found and cleaned up 73 empty switches in `\agriasic_digital_rv32i_top.$1406'.
Removing empty process `agriasic_digital_rv32i_top.$1406'.
Found and cleaned up 9 empty switches in `\agriasic_digital_rv32i_top.$5599'.
Removing empty process `agriasic_digital_rv32i_top.$5599'.
Found and cleaned up 29 empty switches in `\agriasic_digital_rv32i_top.$1378'.
Removing empty process `agriasic_digital_rv32i_top.$1378'.
Found and cleaned up 17 empty switches in `\agriasic_digital_rv32i_top.$1272'.
Removing empty process `agriasic_digital_rv32i_top.$1272'.
Found and cleaned up 23 empty switches in `\agriasic_digital_rv32i_top.$1032'.
Removing empty process `agriasic_digital_rv32i_top.$1032'.
Found and cleaned up 87 empty switches in `\agriasic_digital_rv32i_top.$737'.
Removing empty process `agriasic_digital_rv32i_top.$737'.
Found and cleaned up 1 empty switch in `\agriasic_digital_rv32i_top.$729'.
Removing empty process `agriasic_digital_rv32i_top.$729'.
Found and cleaned up 1 empty switch in `\agriasic_digital_rv32i_top.$696'.
Removing empty process `agriasic_digital_rv32i_top.$696'.
Found and cleaned up 1 empty switch in `\agriasic_digital_rv32i_top.$687'.
Removing empty process `agriasic_digital_rv32i_top.$687'.
Found and cleaned up 1 empty switch in `\agriasic_digital_rv32i_top.$683'.
Removing empty process `agriasic_digital_rv32i_top.$683'.
Found and cleaned up 1 empty switch in `\agriasic_digital_rv32i_top.$676'.
Removing empty process `agriasic_digital_rv32i_top.$676'.
Found and cleaned up 1 empty switch in `\agriasic_digital_rv32i_top.$671'.
Removing empty process `agriasic_digital_rv32i_top.$671'.
Found and cleaned up 1 empty switch in `\agriasic_digital_rv32i_top.$668'.
Removing empty process `agriasic_digital_rv32i_top.$668'.
Found and cleaned up 1 empty switch in `\agriasic_digital_rv32i_top.$665'.
Removing empty process `agriasic_digital_rv32i_top.$665'.
Found and cleaned up 1 empty switch in `\agriasic_digital_rv32i_top.$538'.
Removing empty process `agriasic_digital_rv32i_top.$538'.
Found and cleaned up 21 empty switches in `\agriasic_digital_rv32i_top.$6823'.
Removing empty process `agriasic_digital_rv32i_top.$6823'.
Found and cleaned up 3 empty switches in `\agriasic_digital_rv32i_top.$6809'.
Removing empty process `agriasic_digital_rv32i_top.$6809'.
Found and cleaned up 9 empty switches in `\agriasic_digital_rv32i_top.$5992'.
Removing empty process `agriasic_digital_rv32i_top.$5992'.
Found and cleaned up 33 empty switches in `\agriasic_digital_rv32i_top.$447'.
Removing empty process `agriasic_digital_rv32i_top.$447'.
Found and cleaned up 7 empty switches in `\agriasic_digital_rv32i_top.$5560'.
Removing empty process `agriasic_digital_rv32i_top.$5560'.
Found and cleaned up 1 empty switch in `\agriasic_digital_rv32i_top.$297'.
Removing empty process `agriasic_digital_rv32i_top.$297'.
Found and cleaned up 1 empty switch in `\agriasic_digital_rv32i_top.$286'.
Removing empty process `agriasic_digital_rv32i_top.$286'.
Found and cleaned up 1 empty switch in `\agriasic_digital_rv32i_top.$249'.
Removing empty process `agriasic_digital_rv32i_top.$249'.
Found and cleaned up 1 empty switch in `\agriasic_digital_rv32i_top.$246'.
Removing empty process `agriasic_digital_rv32i_top.$246'.
Found and cleaned up 1 empty switch in `\agriasic_digital_rv32i_top.$243'.
Removing empty process `agriasic_digital_rv32i_top.$243'.
Found and cleaned up 11 empty switches in `\agriasic_digital_rv32i_top.$6762'.
Removing empty process `agriasic_digital_rv32i_top.$6762'.
Found and cleaned up 1 empty switch in `\agriasic_digital_rv32i_top.$174'.
Removing empty process `agriasic_digital_rv32i_top.$174'.
Found and cleaned up 3 empty switches in `\agriasic_digital_rv32i_top.$157'.
Removing empty process `agriasic_digital_rv32i_top.$157'.
Found and cleaned up 1 empty switch in `\agriasic_digital_rv32i_top.$91'.
Removing empty process `agriasic_digital_rv32i_top.$91'.
Found and cleaned up 3 empty switches in `\agriasic_digital_rv32i_top.$80'.
Removing empty process `agriasic_digital_rv32i_top.$80'.
Found and cleaned up 15 empty switches in `\agriasic_digital_rv32i_top.$6727'.
Removing empty process `agriasic_digital_rv32i_top.$6727'.
Found and cleaned up 27 empty switches in `\agriasic_digital_rv32i_top.$5527'.
Removing empty process `agriasic_digital_rv32i_top.$5527'.
Found and cleaned up 1 empty switch in `\agriasic_digital_rv32i_top.$34'.
Removing empty process `agriasic_digital_rv32i_top.$34'.
Found and cleaned up 5 empty switches in `\agriasic_digital_rv32i_top.$5499'.
Removing empty process `agriasic_digital_rv32i_top.$5499'.
Found and cleaned up 1 empty switch in `\agriasic_digital_rv32i_top.$5494'.
Removing empty process `agriasic_digital_rv32i_top.$5494'.
Found and cleaned up 3 empty switches in `\agriasic_digital_rv32i_top.$7041'.
Removing empty process `agriasic_digital_rv32i_top.$7041'.
Found and cleaned up 7 empty switches in `\agriasic_digital_rv32i_top.$5953'.
Removing empty process `agriasic_digital_rv32i_top.$5953'.
Cleaned up 1179 empty switches.

1.8. Executing OPT_EXPR pass (perform const folding).
Optimizing module agriasic_digital_rv32i_top.
Couldn't topologically sort cells, optimizing module agriasic_digital_rv32i_top may take a longer time.
Couldn't topologically sort cells, optimizing module agriasic_digital_rv32i_top may take a longer time.
Couldn't topologically sort cells, optimizing module agriasic_digital_rv32i_top may take a longer time.
<suppressed ~1807 debug messages>

2. Executing HIERARCHY pass (managing design hierarchy).

2.1. Analyzing design hierarchy..
Top module:  \agriasic_digital_rv32i_top

2.2. Analyzing design hierarchy..
Top module:  \agriasic_digital_rv32i_top
Removed 0 unused modules.

3. Executing PROC pass (convert processes to netlists).

3.1. Executing PROC_CLEAN pass (remove empty switches from decision trees).
Cleaned up 0 empty switches.

3.2. Executing PROC_RMDEAD pass (remove dead branches from decision trees).
Removed a total of 0 dead cases.

3.3. Executing PROC_PRUNE pass (remove redundant assignments in processes).
Removed 0 redundant assignments.
Promoted 0 assignments to connections.

3.4. Executing PROC_INIT pass (extract init attributes).

3.5. Executing PROC_ARST pass (detect async resets in processes).

3.6. Executing PROC_ROM pass (convert switches to ROMs).
Converted 0 switches.

3.7. Executing PROC_MUX pass (convert decision trees to multiplexers).

3.8. Executing PROC_DLATCH pass (convert process syncs to latches).

3.9. Executing PROC_DFF pass (convert process syncs to FFs).

3.10. Executing PROC_MEMWR pass (convert process memory writes to cells).

3.11. Executing PROC_CLEAN pass (remove empty switches from decision trees).
Cleaned up 0 empty switches.

3.12. Executing OPT_EXPR pass (perform const folding).
Optimizing module agriasic_digital_rv32i_top.
Couldn't topologically sort cells, optimizing module agriasic_digital_rv32i_top may take a longer time.

4. Executing OPT pass (performing simple optimizations).

4.1. Executing OPT_EXPR pass (perform const folding).
Optimizing module agriasic_digital_rv32i_top.
Couldn't topologically sort cells, optimizing module agriasic_digital_rv32i_top may take a longer time.
Couldn't topologically sort cells, optimizing module agriasic_digital_rv32i_top may take a longer time.
Couldn't topologically sort cells, optimizing module agriasic_digital_rv32i_top may take a longer time.
Couldn't topologically sort cells, optimizing module agriasic_digital_rv32i_top may take a longer time.
Couldn't topologically sort cells, optimizing module agriasic_digital_rv32i_top may take a longer time.
Couldn't topologically sort cells, optimizing module agriasic_digital_rv32i_top may take a longer time.
<suppressed ~16 debug messages>

4.2. Executing OPT_MERGE pass (detect identical cells).
Finding identical cells in module `\agriasic_digital_rv32i_top'.
Computing hashes of 11504 cells of `\agriasic_digital_rv32i_top'.
Finding duplicate cells in `\agriasic_digital_rv32i_top'.
Computing hashes of 8763 cells of `\agriasic_digital_rv32i_top'.
Finding duplicate cells in `\agriasic_digital_rv32i_top'.
Computing hashes of 8530 cells of `\agriasic_digital_rv32i_top'.
Finding duplicate cells in `\agriasic_digital_rv32i_top'.
Computing hashes of 8449 cells of `\agriasic_digital_rv32i_top'.
Finding duplicate cells in `\agriasic_digital_rv32i_top'.
Computing hashes of 8421 cells of `\agriasic_digital_rv32i_top'.
Finding duplicate cells in `\agriasic_digital_rv32i_top'.
Computing hashes of 8411 cells of `\agriasic_digital_rv32i_top'.
Finding duplicate cells in `\agriasic_digital_rv32i_top'.
Computing hashes of 8407 cells of `\agriasic_digital_rv32i_top'.
Finding duplicate cells in `\agriasic_digital_rv32i_top'.
Computing hashes of 8406 cells of `\agriasic_digital_rv32i_top'.
Finding duplicate cells in `\agriasic_digital_rv32i_top'.
Computing hashes of 8405 cells of `\agriasic_digital_rv32i_top'.
Finding duplicate cells in `\agriasic_digital_rv32i_top'.
<suppressed ~9297 debug messages>
Removed a total of 3099 cells.

4.3. Executing OPT_MUXTREE pass (detect dead branches in mux trees).
Running muxtree optimizer on module \agriasic_digital_rv32i_top..
  Creating internal representation of mux trees.
  Evaluating internal representation of mux trees.
      Replacing known input bits on port A of cell $procmux$9463: \u_control_shell.u_core.u_ibex_core.id_stage_i.controller_i.nmi_mode_q -> 1'0
      Replacing known input bits on port A of cell $procmux$8990: \u_control_shell.u_core.u_ibex_core.id_stage_i.id_fsm_q -> 1'1
      Replacing known input bits on port B of cell $procmux$9066: \u_control_shell.u_core.u_ibex_core.id_stage_i.id_fsm_q -> 1'0
      Replacing known input bits on port A of cell $procmux$9123: \u_control_shell.u_core.u_ibex_core.id_stage_i.id_fsm_q -> 1'0
      Replacing known input bits on port B of cell $procmux$9106: \u_control_shell.u_core.u_ibex_core.id_stage_i.id_fsm_q -> 1'0
      Replacing known input bits on port B of cell $procmux$9153: \u_control_shell.u_core.u_ibex_core.id_stage_i.id_fsm_q -> 1'0
  Analyzing evaluation results.
    dead port 2/2 on $mux $procmux$13333.
    dead port 2/2 on $mux $procmux$14228.
    dead port 2/2 on $mux $procmux$13325.
    dead port 2/2 on $mux $procmux$13817.
    dead port 2/2 on $mux $procmux$13317.
    dead port 2/2 on $mux $procmux$13309.
    dead port 2/2 on $mux $procmux$13815.
    dead port 1/2 on $mux $procmux$16269.
    dead port 2/2 on $mux $procmux$13301.
    dead port 2/2 on $mux $procmux$14005.
    dead port 2/2 on $mux $procmux$13293.
    dead port 2/2 on $mux $procmux$11724.
    dead port 1/2 on $mux $procmux$13813.
    dead port 2/2 on $mux $procmux$11705.
    dead port 2/2 on $mux $procmux$11691.
    dead port 2/2 on $mux $procmux$11677.
    dead port 2/2 on $mux $procmux$13810.
    dead port 2/2 on $mux $procmux$11665.
    dead port 1/2 on $mux $procmux$13832.
    dead port 2/2 on $mux $procmux$11653.
    dead port 1/2 on $mux $procmux$13281.
    dead port 2/2 on $mux $procmux$13281.
    dead port 2/2 on $mux $procmux$13798.
    dead port 1/2 on $mux $procmux$13270.
    dead port 2/2 on $mux $procmux$13270.
    dead port 1/2 on $mux $procmux$13268.
    dead port 2/2 on $mux $procmux$13268.
    dead port 1/2 on $mux $procmux$13265.
    dead port 2/2 on $mux $procmux$13265.
    dead port 2/2 on $mux $procmux$11637.
    dead port 1/2 on $mux $procmux$13262.
    dead port 2/2 on $mux $procmux$13262.
    dead port 2/2 on $mux $procmux$11635.
    dead port 2/2 on $mux $procmux$11625.
    dead port 2/2 on $mux $procmux$11623.
    dead port 1/2 on $mux $procmux$11621.
    dead port 2/2 on $mux $procmux$11612.
    dead port 2/2 on $mux $procmux$13787.
    dead port 2/2 on $mux $procmux$11603.
    dead port 1/2 on $mux $procmux$13251.
    dead port 2/2 on $mux $procmux$13251.
    dead port 2/2 on $mux $procmux$16653.
    dead port 2/2 on $mux $procmux$11594.
    dead port 2/2 on $mux $procmux$11585.
    dead port 1/2 on $mux $procmux$11583.
    dead port 2/2 on $mux $procmux$11558.
    dead port 2/2 on $mux $procmux$16366.
    dead port 1/2 on $mux $procmux$11556.
    dead port 1/2 on $mux $procmux$13240.
    dead port 2/2 on $mux $procmux$13240.
    dead port 2/2 on $mux $procmux$13776.
    dead port 2/2 on $mux $procmux$11847.
    dead port 1/2 on $mux $procmux$16603.
    dead port 2/2 on $mux $procmux$11540.
    dead port 1/2 on $mux $procmux$13229.
    dead port 2/2 on $mux $procmux$13229.
    dead port 1/2 on $mux $procmux$11538.
    dead port 2/2 on $mux $procmux$13993.
    dead port 1/2 on $mux $procmux$13218.
    dead port 2/2 on $mux $procmux$13218.
    dead port 2/2 on $mux $procmux$11526.
    dead port 2/2 on $mux $procmux$11519.
    dead port 2/2 on $mux $procmux$11512.
    dead port 1/2 on $mux $procmux$13207.
    dead port 2/2 on $mux $procmux$13207.
    dead port 1/2 on $mux $procmux$13205.
    dead port 2/2 on $mux $procmux$13205.
    dead port 2/2 on $mux $procmux$11504.
    dead port 2/2 on $mux $procmux$13765.
    dead port 2/2 on $mux $procmux$11496.
    dead port 2/2 on $mux $procmux$14075.
    dead port 2/2 on $mux $procmux$11489.
    dead port 1/2 on $mux $procmux$13193.
    dead port 2/2 on $mux $procmux$13193.
    dead port 2/2 on $mux $procmux$11482.
    dead port 1/2 on $mux $procmux$13191.
    dead port 2/2 on $mux $procmux$13191.
    dead port 2/2 on $mux $procmux$11477.
    dead port 1/2 on $mux $procmux$13189.
    dead port 2/2 on $mux $procmux$13189.
    dead port 2/2 on $mux $procmux$11470.
    dead port 1/2 on $mux $procmux$11468.
    dead port 1/2 on $mux $procmux$11426.
    dead port 1/2 on $mux $procmux$11419.
    dead port 1/2 on $mux $procmux$11412.
    dead port 1/2 on $mux $procmux$11405.
    dead port 1/2 on $mux $procmux$11398.
    dead port 1/2 on $mux $procmux$11392.
    dead port 1/2 on $mux $procmux$11385.
    dead port 1/2 on $mux $procmux$11378.
    dead port 1/2 on $mux $procmux$11371.
    dead port 1/2 on $mux $procmux$11368.
    dead port 1/2 on $mux $procmux$11361.
    dead port 1/2 on $mux $procmux$11358.
    dead port 1/2 on $mux $procmux$11351.
    dead port 1/2 on $mux $procmux$11348.
    dead port 1/2 on $mux $procmux$11341.
    dead port 1/2 on $mux $procmux$11338.
    dead port 1/2 on $mux $procmux$11331.
    dead port 1/2 on $mux $procmux$11328.
    dead port 1/2 on $mux $procmux$11321.
    dead port 1/2 on $mux $procmux$11318.
    dead port 1/2 on $mux $procmux$11312.
    dead port 1/2 on $mux $procmux$11309.
    dead port 1/2 on $mux $procmux$11302.
    dead port 1/2 on $mux $procmux$11299.
    dead port 1/2 on $mux $procmux$11296.
    dead port 1/2 on $mux $procmux$11290.
    dead port 1/2 on $mux $procmux$11287.
    dead port 1/2 on $mux $procmux$11284.
    dead port 1/2 on $mux $procmux$11277.
    dead port 1/2 on $mux $procmux$11274.
    dead port 1/2 on $mux $procmux$11271.
    dead port 1/2 on $mux $procmux$11264.
    dead port 2/2 on $mux $procmux$6602.
    dead port 1/2 on $mux $procmux$11261.
    dead port 2/2 on $mux $procmux$6594.
    dead port 1/2 on $mux $procmux$11258.
    dead port 2/2 on $mux $procmux$6586.
    dead port 2/2 on $mux $procmux$6579.
    dead port 1/2 on $mux $procmux$11251.
    dead port 2/2 on $mux $procmux$6572.
    dead port 1/2 on $mux $procmux$11248.
    dead port 2/2 on $mux $procmux$6566.
    dead port 1/2 on $mux $procmux$11245.
    dead port 2/2 on $mux $procmux$6491.
    dead port 2/2 on $mux $procmux$6467.
    dead port 1/2 on $mux $procmux$11238.
    dead port 2/2 on $mux $procmux$6443.
    dead port 1/2 on $mux $procmux$11235.
    dead port 2/2 on $mux $procmux$6421.
    dead port 1/2 on $mux $procmux$11232.
    dead port 2/2 on $mux $procmux$6400.
    dead port 2/2 on $mux $procmux$6380.
    dead port 1/2 on $mux $procmux$11225.
    dead port 2/2 on $mux $procmux$6361.
    dead port 1/2 on $mux $procmux$11222.
    dead port 2/2 on $mux $procmux$6343.
    dead port 1/2 on $mux $procmux$11219.
    dead port 2/2 on $mux $procmux$6326.
    dead port 1/2 on $mux $procmux$11216.
    dead port 2/2 on $mux $procmux$6309.
    dead port 2/2 on $mux $procmux$6292.
    dead port 1/2 on $mux $procmux$11210.
    dead port 2/2 on $mux $procmux$6277.
    dead port 1/2 on $mux $procmux$11207.
    dead port 2/2 on $mux $procmux$6263.
    dead port 1/2 on $mux $procmux$11204.
    dead port 2/2 on $mux $procmux$6250.
    dead port 1/2 on $mux $procmux$11201.
    dead port 2/2 on $mux $procmux$6243.
    dead port 2/2 on $mux $procmux$6237.
    dead port 2/2 on $mux $procmux$15002.
    dead port 1/2 on $mux $procmux$11194.
    dead port 2/2 on $mux $procmux$6232.
    dead port 1/2 on $mux $procmux$11191.
    dead port 2/2 on $mux $procmux$6221.
    dead port 1/2 on $mux $procmux$11188.
    dead port 2/2 on $mux $procmux$6209.
    dead port 2/2 on $mux $procmux$7106.
    dead port 1/2 on $mux $procmux$11185.
    dead port 1/2 on $mux $procmux$11178.
    dead port 1/2 on $mux $procmux$11175.
    dead port 1/2 on $mux $procmux$11172.
    dead port 1/2 on $mux $procmux$11169.
    dead port 1/2 on $mux $procmux$11162.
    dead port 1/2 on $mux $procmux$11159.
    dead port 1/2 on $mux $procmux$11156.
    dead port 1/2 on $mux $procmux$11153.
    dead port 1/2 on $mux $procmux$11146.
    dead port 1/2 on $mux $procmux$11143.
    dead port 1/2 on $mux $procmux$11140.
    dead port 1/2 on $mux $procmux$11137.
    dead port 1/2 on $mux $procmux$11134.
    dead port 1/2 on $mux $procmux$11128.
    dead port 1/2 on $mux $procmux$11125.
    dead port 1/2 on $mux $procmux$11122.
    dead port 1/2 on $mux $procmux$11119.
    dead port 1/2 on $mux $procmux$11116.
    dead port 1/2 on $mux $procmux$11109.
    dead port 1/2 on $mux $procmux$11106.
    dead port 1/2 on $mux $procmux$11103.
    dead port 1/2 on $mux $procmux$11100.
    dead port 1/2 on $mux $procmux$11097.
    dead port 1/2 on $mux $procmux$11090.
    dead port 2/2 on $mux $procmux$6199.
    dead port 2/2 on $mux $procmux$13365.
    dead port 1/2 on $mux $procmux$11087.
    dead port 1/2 on $mux $procmux$11084.
    dead port 1/2 on $mux $procmux$11081.
    dead port 1/2 on $mux $procmux$11078.
    dead port 1/2 on $mux $procmux$11071.
    dead port 1/2 on $mux $procmux$11068.
    dead port 1/2 on $mux $procmux$11065.
    dead port 1/2 on $mux $procmux$11062.
    dead port 1/2 on $mux $procmux$11059.
    dead port 1/2 on $mux $procmux$11056.
    dead port 1/2 on $mux $procmux$11050.
    dead port 1/2 on $mux $procmux$11047.
    dead port 1/2 on $mux $procmux$11044.
    dead port 1/2 on $mux $procmux$11041.
    dead port 1/2 on $mux $procmux$11038.
    dead port 1/2 on $mux $procmux$11035.
    dead port 1/2 on $mux $procmux$11028.
    dead port 1/2 on $mux $procmux$11025.
    dead port 1/2 on $mux $procmux$11022.
    dead port 1/2 on $mux $procmux$11019.
    dead port 1/2 on $mux $procmux$11016.
    dead port 1/2 on $mux $procmux$11013.
    dead port 1/2 on $mux $procmux$11006.
    dead port 1/2 on $mux $procmux$11003.
    dead port 1/2 on $mux $procmux$11000.
    dead port 1/2 on $mux $procmux$10997.
    dead port 1/2 on $mux $procmux$10994.
    dead port 2/2 on $mux $procmux$6190.
    dead port 1/2 on $mux $procmux$10991.
    dead port 2/2 on $mux $procmux$6182.
    dead port 1/2 on $mux $procmux$10988.
    dead port 2/2 on $mux $procmux$6174.
    dead port 2/2 on $mux $procmux$6172.
    dead port 1/2 on $mux $procmux$10985.
    dead port 2/2 on $mux $procmux$6149.
    dead port 2/2 on $mux $procmux$6147.
    dead port 1/2 on $mux $procmux$10982.
    dead port 2/2 on $mux $procmux$15040.
    dead port 1/2 on $mux $procmux$10979.
    dead port 1/2 on $mux $procmux$10976.
    dead port 2/2 on $mux $procmux$6109.
    dead port 1/2 on $mux $procmux$10973.
    dead port 1/2 on $mux $procmux$6107.
    dead port 1/2 on $mux $procmux$6104.
    dead port 1/2 on $mux $procmux$6102.
    dead port 1/2 on $mux $procmux$10970.
    dead port 1/2 on $mux $procmux$10967.
    dead port 1/2 on $mux $procmux$10964.
    dead port 1/2 on $mux $procmux$10961.
    dead port 1/2 on $mux $procmux$10957.
    dead port 1/2 on $mux $procmux$10954.
    dead port 1/2 on $mux $procmux$10951.
    dead port 1/2 on $mux $procmux$10948.
    dead port 1/2 on $mux $procmux$10945.
    dead port 1/2 on $mux $procmux$10942.
    dead port 1/2 on $mux $procmux$10939.
    dead port 1/2 on $mux $procmux$10936.
    dead port 2/2 on $mux $procmux$5990.
    dead port 2/2 on $mux $procmux$5981.
    dead port 2/2 on $mux $procmux$5971.
    dead port 2/2 on $mux $procmux$16645.
    dead port 2/2 on $mux $procmux$5961.
    dead port 2/2 on $mux $procmux$5951.
    dead port 2/2 on $mux $procmux$5941.
    dead port 2/2 on $mux $procmux$5931.
    dead port 2/2 on $mux $procmux$5921.
    dead port 2/2 on $mux $procmux$5911.
    dead port 2/2 on $mux $procmux$5901.
    dead port 2/2 on $mux $procmux$5891.
    dead port 2/2 on $mux $procmux$5882.
    dead port 2/2 on $mux $procmux$5873.
    dead port 2/2 on $mux $procmux$5864.
    dead port 2/2 on $mux $procmux$5855.
    dead port 2/2 on $mux $procmux$5846.
    dead port 2/2 on $mux $procmux$5836.
    dead port 2/2 on $mux $procmux$5826.
    dead port 2/2 on $mux $procmux$5816.
    dead port 2/2 on $mux $procmux$15021.
    dead port 1/2 on $mux $procmux$5814.
    dead port 2/2 on $mux $procmux$5805.
    dead port 1/2 on $mux $procmux$5803.
    dead port 2/2 on $mux $procmux$5794.
    dead port 1/2 on $mux $procmux$5792.
    dead port 2/2 on $mux $procmux$5783.
    dead port 2/2 on $mux $procmux$10874.
    dead port 1/2 on $mux $procmux$5781.
    dead port 2/2 on $mux $procmux$5772.
    dead port 1/2 on $mux $procmux$13763.
    dead port 1/2 on $mux $procmux$5770.
    dead port 2/2 on $mux $procmux$5761.
    dead port 1/2 on $mux $procmux$5759.
    dead port 2/2 on $mux $procmux$5750.
    dead port 2/2 on $mux $procmux$10866.
    dead port 1/2 on $mux $procmux$5748.
    dead port 2/2 on $mux $procmux$5739.
    dead port 2/2 on $mux $procmux$16477.
    dead port 1/2 on $mux $procmux$5737.
    dead port 2/2 on $mux $procmux$5728.
    dead port 1/2 on $mux $procmux$5726.
    dead port 2/2 on $mux $procmux$5717.
    dead port 1/2 on $mux $procmux$5715.
    dead port 2/2 on $mux $procmux$5706.
    dead port 2/2 on $mux $procmux$10858.
    dead port 1/2 on $mux $procmux$5704.
    dead port 2/2 on $mux $procmux$5695.
    dead port 1/2 on $mux $procmux$13172.
    dead port 2/2 on $mux $procmux$13172.
    dead port 1/2 on $mux $procmux$5693.
    dead port 2/2 on $mux $procmux$5684.
    dead port 2/2 on $mux $procmux$10856.
    dead port 1/2 on $mux $procmux$5682.
    dead port 1/2 on $mux $procmux$5679.
    dead port 2/2 on $mux $procmux$5671.
    dead port 1/2 on $mux $procmux$5669.
    dead port 1/2 on $mux $procmux$5666.
    dead port 2/2 on $mux $procmux$5658.
    dead port 1/2 on $mux $procmux$5656.
    dead port 1/2 on $mux $procmux$5653.
    dead port 2/2 on $mux $procmux$5645.
    dead port 1/2 on $mux $procmux$13170.
    dead port 2/2 on $mux $procmux$13170.
    dead port 1/2 on $mux $procmux$5643.
    dead port 1/2 on $mux $procmux$5640.
    dead port 1/2 on $mux $procmux$5638.
    dead port 2/2 on $mux $procmux$5631.
    dead port 2/2 on $mux $procmux$15166.
    dead port 1/2 on $mux $procmux$16391.
    dead port 2/2 on $mux $procmux$5620.
    dead port 2/2 on $mux $procmux$5615.
    dead port 2/2 on $mux $procmux$5608.
    dead port 2/2 on $mux $procmux$5601.
    dead port 2/2 on $mux $procmux$10840.
    dead port 2/2 on $mux $procmux$5594.
    dead port 1/2 on $mux $procmux$16394.
    dead port 2/2 on $mux $procmux$10834.
    dead port 2/2 on $mux $procmux$5561.
    dead port 2/2 on $mux $procmux$5554.
    dead port 2/2 on $mux $procmux$5547.
    dead port 2/2 on $mux $procmux$5544.
    dead port 2/2 on $mux $procmux$5538.
    dead port 2/2 on $mux $procmux$5535.
    dead port 2/2 on $mux $procmux$5529.
    dead port 1/2 on $mux $procmux$5473.
    dead port 1/2 on $mux $procmux$5468.
    dead port 1/2 on $mux $procmux$5455.
    dead port 1/2 on $mux $procmux$5441.
    dead port 1/2 on $mux $procmux$5429.
    dead port 1/2 on $mux $procmux$5348.
    dead port 2/2 on $mux $procmux$5348.
    dead port 1/2 on $mux $procmux$13158.
    dead port 2/2 on $mux $procmux$13158.
    dead port 1/2 on $mux $procmux$5341.
    dead port 2/2 on $mux $procmux$10828.
    dead port 1/2 on $mux $procmux$5333.
    dead port 1/2 on $mux $procmux$13156.
    dead port 2/2 on $mux $procmux$13156.
    dead port 1/2 on $mux $procmux$5327.
    dead port 2/2 on $mux $procmux$5327.
    dead port 1/2 on $mux $procmux$5325.
    dead port 2/2 on $mux $procmux$5325.
    dead port 2/2 on $mux $procmux$10823.
    dead port 1/2 on $mux $procmux$5321.
    dead port 1/2 on $mux $procmux$5319.
    dead port 1/2 on $mux $procmux$5309.
    dead port 1/2 on $mux $procmux$5307.
    dead port 1/2 on $mux $procmux$5301.
    dead port 2/2 on $mux $procmux$5301.
    dead port 1/2 on $mux $procmux$5299.
    dead port 2/2 on $mux $procmux$5299.
    dead port 1/2 on $mux $procmux$5297.
    dead port 2/2 on $mux $procmux$5297.
    dead port 1/2 on $mux $procmux$5293.
    dead port 1/2 on $mux $procmux$5291.
    dead port 1/2 on $mux $procmux$5289.
    dead port 1/2 on $mux $procmux$5277.
    dead port 1/2 on $mux $procmux$5275.
    dead port 1/2 on $mux $procmux$5273.
    dead port 1/2 on $mux $procmux$13144.
    dead port 2/2 on $mux $procmux$13144.
    dead port 1/2 on $mux $procmux$5268.
    dead port 2/2 on $mux $procmux$5268.
    dead port 1/2 on $mux $procmux$13142.
    dead port 2/2 on $mux $procmux$13142.
    dead port 1/2 on $mux $procmux$5266.
    dead port 2/2 on $mux $procmux$5266.
    dead port 1/2 on $mux $procmux$5264.
    dead port 2/2 on $mux $procmux$5264.
    dead port 1/2 on $mux $procmux$5262.
    dead port 2/2 on $mux $procmux$5262.
    dead port 1/2 on $mux $procmux$5249.
    dead port 2/2 on $mux $procmux$5249.
    dead port 1/2 on $mux $procmux$5239.
    dead port 1/2 on $mux $procmux$13130.
    dead port 2/2 on $mux $procmux$13130.
    dead port 1/2 on $mux $procmux$13128.
    dead port 2/2 on $mux $procmux$13128.
    dead port 1/2 on $mux $procmux$5231.
    dead port 1/2 on $mux $procmux$5225.
    dead port 2/2 on $mux $procmux$5225.
    dead port 1/2 on $mux $procmux$5223.
    dead port 2/2 on $mux $procmux$5223.
    dead port 1/2 on $mux $procmux$5219.
    dead port 2/2 on $mux $procmux$16524.
    dead port 1/2 on $mux $procmux$5217.
    dead port 1/2 on $mux $procmux$13116.
    dead port 2/2 on $mux $procmux$13116.
    dead port 1/2 on $mux $procmux$13114.
    dead port 2/2 on $mux $procmux$13114.
    dead port 1/2 on $mux $procmux$5207.
    dead port 1/2 on $mux $procmux$5205.
    dead port 1/2 on $mux $procmux$5199.
    dead port 2/2 on $mux $procmux$5199.
    dead port 1/2 on $mux $procmux$5197.
    dead port 2/2 on $mux $procmux$5197.
    dead port 1/2 on $mux $procmux$5195.
    dead port 2/2 on $mux $procmux$5195.
    dead port 1/2 on $mux $procmux$13102.
    dead port 2/2 on $mux $procmux$13102.
    dead port 1/2 on $mux $procmux$5191.
    dead port 1/2 on $mux $procmux$5189.
    dead port 1/2 on $mux $procmux$13100.
    dead port 2/2 on $mux $procmux$13100.
    dead port 1/2 on $mux $procmux$5187.
    dead port 1/2 on $mux $procmux$5175.
    dead port 1/2 on $mux $procmux$5173.
    dead port 1/2 on $mux $procmux$13088.
    dead port 2/2 on $mux $procmux$13088.
    dead port 1/2 on $mux $procmux$5171.
    dead port 1/2 on $mux $procmux$13086.
    dead port 2/2 on $mux $procmux$13086.
    dead port 1/2 on $mux $procmux$5166.
    dead port 2/2 on $mux $procmux$5166.
    dead port 1/2 on $mux $procmux$5164.
    dead port 2/2 on $mux $procmux$5164.
    dead port 1/2 on $mux $procmux$5162.
    dead port 2/2 on $mux $procmux$5162.
    dead port 1/2 on $mux $procmux$5160.
    dead port 2/2 on $mux $procmux$5160.
    dead port 1/2 on $mux $procmux$5153.
    dead port 2/2 on $mux $procmux$5153.
    dead port 1/2 on $mux $procmux$5146.
    dead port 1/2 on $mux $procmux$5138.
    dead port 1/2 on $mux $procmux$13074.
    dead port 2/2 on $mux $procmux$13074.
    dead port 1/2 on $mux $procmux$5132.
    dead port 2/2 on $mux $procmux$5132.
    dead port 1/2 on $mux $procmux$13072.
    dead port 2/2 on $mux $procmux$13072.
    dead port 1/2 on $mux $procmux$5130.
    dead port 2/2 on $mux $procmux$5130.
    dead port 1/2 on $mux $procmux$16279.
    dead port 1/2 on $mux $procmux$5126.
    dead port 2/2 on $mux $procmux$13746.
    dead port 1/2 on $mux $procmux$5124.
    dead port 1/2 on $mux $procmux$5114.
    dead port 1/2 on $mux $procmux$13060.
    dead port 2/2 on $mux $procmux$13060.
    dead port 1/2 on $mux $procmux$5112.
    dead port 1/2 on $mux $procmux$13058.
    dead port 2/2 on $mux $procmux$13058.
    dead port 1/2 on $mux $procmux$5106.
    dead port 2/2 on $mux $procmux$5106.
    dead port 1/2 on $mux $procmux$5104.
    dead port 2/2 on $mux $procmux$5104.
    dead port 2/2 on $mux $procmux$16442.
    dead port 1/2 on $mux $procmux$5102.
    dead port 2/2 on $mux $procmux$5102.
    dead port 1/2 on $mux $procmux$5098.
    dead port 1/2 on $mux $procmux$16595.
    dead port 2/2 on $mux $procmux$16595.
    dead port 1/2 on $mux $procmux$5096.
    dead port 1/2 on $mux $procmux$5094.
    dead port 1/2 on $mux $procmux$13046.
    dead port 2/2 on $mux $procmux$13046.
    dead port 1/2 on $mux $procmux$13044.
    dead port 2/2 on $mux $procmux$13044.
    dead port 1/2 on $mux $procmux$5082.
    dead port 1/2 on $mux $procmux$5080.
    dead port 1/2 on $mux $procmux$5078.
    dead port 1/2 on $mux $procmux$5073.
    dead port 2/2 on $mux $procmux$5073.
    dead port 1/2 on $mux $procmux$5071.
    dead port 2/2 on $mux $procmux$5071.
    dead port 1/2 on $mux $procmux$5069.
    dead port 2/2 on $mux $procmux$5069.
    dead port 1/2 on $mux $procmux$5067.
    dead port 2/2 on $mux $procmux$5067.
    dead port 1/2 on $mux $procmux$5054.
    dead port 2/2 on $mux $procmux$5054.
    dead port 1/2 on $mux $procmux$5047.
    dead port 1/9 on $pmux $procmux$13035.
    dead port 2/9 on $pmux $procmux$13035.
    dead port 3/9 on $pmux $procmux$13035.
    dead port 4/9 on $pmux $procmux$13035.
    dead port 5/9 on $pmux $procmux$13035.
    dead port 6/9 on $pmux $procmux$13035.
    dead port 7/9 on $pmux $procmux$13035.
    dead port 8/9 on $pmux $procmux$13035.
    dead port 9/9 on $pmux $procmux$13035.
    dead port 1/2 on $mux $procmux$5039.
    dead port 1/2 on $mux $procmux$5033.
    dead port 2/2 on $mux $procmux$5033.
    dead port 1/2 on $mux $procmux$5031.
    dead port 2/2 on $mux $procmux$5031.
    dead port 1/2 on $mux $procmux$13744.
    dead port 1/2 on $mux $procmux$5027.
    dead port 2/2 on $mux $procmux$13981.
    dead port 1/2 on $mux $procmux$5025.
    dead port 1/2 on $mux $procmux$13023.
    dead port 2/2 on $mux $procmux$13023.
    dead port 1/2 on $mux $procmux$5015.
    dead port 1/2 on $mux $procmux$13021.
    dead port 2/2 on $mux $procmux$13021.
    dead port 1/2 on $mux $procmux$5013.
    dead port 1/2 on $mux $procmux$13019.
    dead port 2/2 on $mux $procmux$13019.
    dead port 1/2 on $mux $procmux$5007.
    dead port 2/2 on $mux $procmux$5007.
    dead port 1/2 on $mux $procmux$5005.
    dead port 2/2 on $mux $procmux$5005.
    dead port 1/2 on $mux $procmux$5003.
    dead port 2/2 on $mux $procmux$5003.
    dead port 1/2 on $mux $procmux$4999.
    dead port 1/2 on $mux $procmux$4997.
    dead port 1/2 on $mux $procmux$13003.
    dead port 2/2 on $mux $procmux$13003.
    dead port 1/2 on $mux $procmux$4995.
    dead port 1/2 on $mux $procmux$13001.
    dead port 2/2 on $mux $procmux$13001.
    dead port 1/2 on $mux $procmux$12999.
    dead port 2/2 on $mux $procmux$12999.
    dead port 1/2 on $mux $procmux$4983.
    dead port 1/2 on $mux $procmux$4981.
    dead port 2/2 on $mux $procmux$10619.
    dead port 1/2 on $mux $procmux$4979.
    dead port 1/2 on $mux $procmux$4974.
    dead port 2/2 on $mux $procmux$4974.
    dead port 1/2 on $mux $procmux$4972.
    dead port 2/2 on $mux $procmux$4972.
    dead port 2/2 on $mux $procmux$10607.
    dead port 1/2 on $mux $procmux$4970.
    dead port 2/2 on $mux $procmux$4970.
    dead port 1/2 on $mux $procmux$4968.
    dead port 2/2 on $mux $procmux$4968.
    dead port 2/2 on $mux $procmux$10595.
    dead port 1/2 on $mux $procmux$12984.
    dead port 2/2 on $mux $procmux$12984.
    dead port 2/2 on $mux $procmux$10585.
    dead port 1/2 on $mux $procmux$12982.
    dead port 2/2 on $mux $procmux$12982.
    dead port 2/2 on $mux $procmux$10574.
    dead port 2/2 on $mux $procmux$13969.
    dead port 2/2 on $mux $procmux$10563.
    dead port 2/2 on $mux $procmux$13729.
    dead port 2/2 on $mux $procmux$4913.
    dead port 2/2 on $mux $procmux$10552.
    dead port 2/2 on $mux $procmux$4906.
    dead port 2/2 on $mux $procmux$14073.
    dead port 2/2 on $mux $procmux$4899.
    dead port 2/2 on $mux $procmux$4892.
    dead port 2/2 on $mux $procmux$10541.
    dead port 2/2 on $mux $procmux$4885.
    dead port 1/2 on $mux $procmux$13727.
    dead port 2/2 on $mux $procmux$4878.
    dead port 2/2 on $mux $procmux$4871.
    dead port 2/2 on $mux $procmux$10531.
    dead port 2/2 on $mux $procmux$4864.
    dead port 2/2 on $mux $procmux$10521.
    dead port 2/2 on $mux $procmux$10519.
    dead port 2/2 on $mux $procmux$4849.
    dead port 2/2 on $mux $procmux$4843.
    dead port 2/2 on $mux $procmux$10510.
    dead port 2/2 on $mux $procmux$4837.
    dead port 2/2 on $mux $procmux$4831.
    dead port 2/2 on $mux $procmux$4825.
    dead port 2/2 on $mux $procmux$10500.
    dead port 2/2 on $mux $procmux$4819.
    dead port 2/2 on $mux $procmux$4813.
    dead port 2/2 on $mux $procmux$4807.
    dead port 2/2 on $mux $procmux$10490.
    dead port 2/2 on $mux $procmux$4802.
    dead port 2/2 on $mux $procmux$4800.
    dead port 2/2 on $mux $procmux$4794.
    dead port 2/2 on $mux $procmux$4792.
    dead port 2/2 on $mux $procmux$4786.
    dead port 2/2 on $mux $procmux$10480.
    dead port 2/2 on $mux $procmux$4708.
    dead port 2/2 on $mux $procmux$4698.
    dead port 2/2 on $mux $procmux$4688.
    dead port 2/2 on $mux $procmux$4680.
    dead port 2/2 on $mux $procmux$4673.
    dead port 2/2 on $mux $procmux$4667.
    dead port 2/2 on $mux $procmux$4662.
    dead port 2/2 on $mux $procmux$4652.
    dead port 2/2 on $mux $procmux$10470.
    dead port 2/2 on $mux $procmux$4642.
    dead port 2/2 on $mux $procmux$4640.
    dead port 2/2 on $mux $procmux$4630.
    dead port 2/2 on $mux $procmux$4628.
    dead port 2/2 on $mux $procmux$4618.
    dead port 2/2 on $mux $procmux$4616.
    dead port 2/2 on $mux $procmux$10459.
    dead port 2/2 on $mux $procmux$4614.
    dead port 2/2 on $mux $procmux$4605.
    dead port 2/2 on $mux $procmux$4603.
    dead port 1/13 on $pmux $procmux$12969.
    dead port 2/13 on $pmux $procmux$12969.
    dead port 3/13 on $pmux $procmux$12969.
    dead port 4/13 on $pmux $procmux$12969.
    dead port 5/13 on $pmux $procmux$12969.
    dead port 6/13 on $pmux $procmux$12969.
    dead port 7/13 on $pmux $procmux$12969.
    dead port 8/13 on $pmux $procmux$12969.
    dead port 9/13 on $pmux $procmux$12969.
    dead port 10/13 on $pmux $procmux$12969.
    dead port 11/13 on $pmux $procmux$12969.
    dead port 12/13 on $pmux $procmux$12969.
    dead port 13/13 on $pmux $procmux$12969.
    dead port 2/2 on $mux $procmux$4601.
    dead port 1/2 on $mux $procmux$4579.
    dead port 1/2 on $mux $procmux$4574.
    dead port 2/2 on $mux $procmux$10448.
    dead port 2/2 on $mux $procmux$10446.
    dead port 1/2 on $mux $procmux$4542.
    dead port 1/2 on $mux $procmux$4537.
    dead port 1/2 on $mux $procmux$4532.
    dead port 2/2 on $mux $procmux$4507.
    dead port 2/2 on $mux $procmux$4500.
    dead port 2/2 on $mux $procmux$4493.
    dead port 2/2 on $mux $procmux$4486.
    dead port 2/2 on $mux $procmux$4479.
    dead port 2/2 on $mux $procmux$4472.
    dead port 2/2 on $mux $procmux$4465.
    dead port 2/2 on $mux $procmux$4462.
    dead port 2/2 on $mux $procmux$4455.
    dead port 2/2 on $mux $procmux$4452.
    dead port 2/2 on $mux $procmux$4445.
    dead port 2/2 on $mux $procmux$4442.
    dead port 2/2 on $mux $procmux$4435.
    dead port 2/2 on $mux $procmux$4432.
    dead port 2/2 on $mux $procmux$4425.
    dead port 2/2 on $mux $procmux$4422.
    dead port 2/2 on $mux $procmux$4416.
    dead port 2/2 on $mux $procmux$4413.
    dead port 2/2 on $mux $procmux$4406.
    dead port 2/2 on $mux $procmux$4403.
    dead port 2/2 on $mux $procmux$4401.
    dead port 2/2 on $mux $procmux$4395.
    dead port 2/2 on $mux $procmux$4392.
    dead port 2/2 on $mux $procmux$4390.
    dead port 2/2 on $mux $procmux$4384.
    dead port 2/2 on $mux $procmux$10435.
    dead port 2/2 on $mux $procmux$16182.
    dead port 2/2 on $mux $procmux$10433.
    dead port 2/2 on $mux $procmux$10422.
    dead port 2/2 on $mux $procmux$4319.
    dead port 2/2 on $mux $procmux$4305.
    dead port 2/2 on $mux $procmux$10420.
    dead port 1/2 on $mux $procmux$4303.
    dead port 1/2 on $mux $procmux$10418.
    dead port 2/2 on $mux $procmux$10408.
    dead port 2/2 on $mux $procmux$10406.
    dead port 1/2 on $mux $procmux$10404.
    dead port 2/2 on $mux $procmux$10394.
    dead port 1/2 on $mux $procmux$12957.
    dead port 2/2 on $mux $procmux$12957.
    dead port 2/2 on $mux $procmux$4272.
    dead port 2/2 on $mux $procmux$10385.
    dead port 2/2 on $mux $procmux$4261.
    dead port 1/2 on $mux $procmux$12955.
    dead port 2/2 on $mux $procmux$12955.
    dead port 2/2 on $mux $procmux$4249.
    dead port 2/2 on $mux $procmux$4239.
    dead port 2/2 on $mux $procmux$10376.
    dead port 2/2 on $mux $procmux$4227.
    dead port 2/2 on $mux $procmux$4215.
    dead port 2/2 on $mux $procmux$4213.
    dead port 2/2 on $mux $procmux$4203.
    dead port 2/2 on $mux $procmux$10367.
    dead port 2/2 on $mux $procmux$4192.
    dead port 2/2 on $mux $procmux$4181.
    dead port 1/2 on $mux $procmux$4179.
    dead port 2/2 on $mux $procmux$4168.
    dead port 2/2 on $mux $procmux$10358.
    dead port 1/2 on $mux $procmux$4166.
    dead port 2/2 on $mux $procmux$4155.
    dead port 2/2 on $mux $procmux$4147.
    dead port 2/2 on $mux $procmux$4138.
    dead port 2/2 on $mux $procmux$10349.
    dead port 2/2 on $mux $procmux$4131.
    dead port 2/2 on $mux $procmux$4123.
    dead port 2/2 on $mux $procmux$4115.
    dead port 2/2 on $mux $procmux$10340.
    dead port 1/2 on $mux $procmux$4113.
    dead port 2/2 on $mux $procmux$4105.
    dead port 1/2 on $mux $procmux$4103.
    dead port 2/2 on $mux $procmux$4095.
    dead port 2/2 on $mux $procmux$10338.
    dead port 2/2 on $mux $procmux$10328.
    dead port 2/2 on $mux $procmux$4090.
    dead port 2/2 on $mux $procmux$13957.
    dead port 2/2 on $mux $procmux$10326.
    dead port 1/2 on $mux $procmux$4079.
    dead port 2/2 on $mux $procmux$10316.
    dead port 1/8 on $pmux $procmux$12947.
    dead port 2/8 on $pmux $procmux$12947.
    dead port 3/8 on $pmux $procmux$12947.
    dead port 4/8 on $pmux $procmux$12947.
    dead port 5/8 on $pmux $procmux$12947.
    dead port 6/8 on $pmux $procmux$12947.
    dead port 7/8 on $pmux $procmux$12947.
    dead port 8/8 on $pmux $procmux$12947.
    dead port 2/2 on $mux $procmux$10314.
    dead port 2/2 on $mux $procmux$10312.
    dead port 2/2 on $mux $procmux$10303.
    dead port 2/2 on $mux $procmux$14105.
    dead port 2/2 on $mux $procmux$10301.
    dead port 2/2 on $mux $procmux$10290.
    dead port 2/2 on $mux $procmux$10288.
    dead port 2/2 on $mux $procmux$4025.
    dead port 1/2 on $mux $procmux$10286.
    dead port 2/2 on $mux $procmux$4017.
    dead port 2/2 on $mux $procmux$4010.
    dead port 2/2 on $mux $procmux$10275.
    dead port 2/2 on $mux $procmux$4005.
    dead port 2/2 on $mux $procmux$4000.
    dead port 2/2 on $mux $procmux$10273.
    dead port 1/2 on $mux $procmux$3991.
    dead port 1/2 on $mux $procmux$3984.
    dead port 1/2 on $mux $procmux$3981.
    dead port 2/2 on $mux $procmux$3969.
    dead port 2/2 on $mux $procmux$3961.
    dead port 1/2 on $mux $procmux$10271.
    dead port 1/2 on $mux $procmux$10268.
    dead port 2/2 on $mux $procmux$10257.
    dead port 2/2 on $mux $procmux$13945.
    dead port 2/2 on $mux $procmux$10255.
    dead port 1/2 on $mux $procmux$10253.
    dead port 1/2 on $mux $procmux$10250.
    dead port 1/2 on $mux $procmux$10247.
    dead port 2/2 on $mux $procmux$10237.
    dead port 1/2 on $mux $procmux$12935.
    dead port 2/2 on $mux $procmux$12935.
    dead port 2/2 on $mux $procmux$10231.
    dead port 1/2 on $mux $procmux$12933.
    dead port 2/2 on $mux $procmux$12933.
    dead port 2/2 on $mux $procmux$10225.
    dead port 2/2 on $mux $procmux$10219.
    dead port 1/3 on $pmux $procmux$12930.
    dead port 2/3 on $pmux $procmux$12930.
    dead port 3/3 on $pmux $procmux$12930.
    dead port 2/2 on $mux $procmux$10212.
    dead port 2/2 on $mux $procmux$10205.
    dead port 2/2 on $mux $procmux$10198.
    dead port 2/2 on $mux $procmux$13708.
    dead port 2/2 on $mux $procmux$10191.
    dead port 1/2 on $mux $procmux$16611.
    dead port 2/2 on $mux $procmux$10184.
    dead port 2/2 on $mux $procmux$3808.
    dead port 1/2 on $mux $procmux$12913.
    dead port 2/2 on $mux $procmux$12913.
    dead port 2/2 on $mux $procmux$3790.
    dead port 2/2 on $mux $procmux$3772.
    dead port 2/2 on $mux $procmux$10177.
    dead port 2/2 on $mux $procmux$3754.
    dead port 1/2 on $mux $procmux$12911.
    dead port 2/2 on $mux $procmux$12911.
    dead port 2/2 on $mux $procmux$3736.
    dead port 2/2 on $mux $procmux$10170.
    dead port 1/2 on $mux $procmux$12909.
    dead port 2/2 on $mux $procmux$12909.
    dead port 2/2 on $mux $procmux$10163.
    dead port 2/2 on $mux $procmux$10156.
    dead port 2/2 on $mux $procmux$10149.
    dead port 2/2 on $mux $procmux$10142.
    dead port 2/2 on $mux $procmux$3690.
    dead port 2/2 on $mux $procmux$3672.
    dead port 2/2 on $mux $procmux$10135.
    dead port 2/2 on $mux $procmux$3653.
    dead port 1/2 on $mux $procmux$12891.
    dead port 2/2 on $mux $procmux$12891.
    dead port 1/2 on $mux $procmux$3651.
    dead port 2/2 on $mux $procmux$3633.
    dead port 2/2 on $mux $procmux$10133.
    dead port 2/2 on $mux $procmux$3617.
    dead port 2/2 on $mux $procmux$3601.
    dead port 2/2 on $mux $procmux$3585.
    dead port 2/2 on $mux $procmux$10120.
    dead port 2/2 on $mux $procmux$3570.
    dead port 1/2 on $mux $procmux$12889.
    dead port 2/2 on $mux $procmux$12889.
    dead port 2/2 on $mux $procmux$3556.
    dead port 2/2 on $mux $procmux$10118.
    dead port 2/2 on $mux $procmux$3543.
    dead port 2/2 on $mux $procmux$3529.
    dead port 2/2 on $mux $procmux$3516.
    dead port 2/2 on $mux $procmux$3505.
    dead port 2/2 on $mux $procmux$3494.
    dead port 2/2 on $mux $procmux$3483.
    dead port 2/2 on $mux $procmux$3473.
    dead port 2/2 on $mux $procmux$3464.
    dead port 2/2 on $mux $procmux$3456.
    dead port 2/2 on $mux $procmux$3447.
    dead port 2/2 on $mux $procmux$3439.
    dead port 2/2 on $mux $procmux$10097.
    dead port 2/2 on $mux $procmux$3432.
    dead port 2/2 on $mux $procmux$14059.
    dead port 2/2 on $mux $procmux$3425.
    dead port 2/2 on $mux $procmux$10095.
    dead port 2/2 on $mux $procmux$3418.
    dead port 1/2 on $mux $procmux$3385.
    dead port 1/2 on $mux $procmux$3375.
    dead port 1/2 on $mux $procmux$3364.
    dead port 1/2 on $mux $procmux$3353.
    dead port 2/2 on $mux $procmux$10082.
    dead port 2/2 on $mux $procmux$13698.
    dead port 2/2 on $mux $procmux$10080.
    dead port 1/2 on $mux $procmux$3335.
    dead port 2/2 on $mux $procmux$3332.
    dead port 1/2 on $mux $procmux$3322.
    dead port 2/2 on $mux $procmux$3319.
    dead port 2/2 on $mux $procmux$15446.
    dead port 1/2 on $mux $procmux$3309.
    dead port 2/2 on $mux $procmux$3306.
    dead port 2/2 on $mux $procmux$10067.
    dead port 1/2 on $mux $procmux$3296.
    dead port 2/2 on $mux $procmux$3293.
    dead port 2/2 on $mux $procmux$13924.
    dead port 2/2 on $mux $procmux$3291.
    dead port 1/2 on $mux $procmux$3280.
    dead port 2/2 on $mux $procmux$3277.
    dead port 2/2 on $mux $procmux$10065.
    dead port 2/2 on $mux $procmux$3275.
    dead port 1/2 on $mux $procmux$3273.
    dead port 1/2 on $mux $procmux$3263.
    dead port 2/2 on $mux $procmux$15451.
    dead port 2/2 on $mux $procmux$10049.
    dead port 1/2 on $mux $procmux$12877.
    dead port 2/2 on $mux $procmux$12877.
    dead port 2/2 on $mux $procmux$10047.
    dead port 1/2 on $mux $procmux$3247.
    dead port 2/2 on $mux $procmux$3244.
    dead port 2/2 on $mux $procmux$15468.
    dead port 1/2 on $mux $procmux$3236.
    dead port 2/2 on $mux $procmux$3233.
    dead port 1/2 on $mux $procmux$3225.
    dead port 2/2 on $mux $procmux$3222.
    dead port 1/2 on $mux $procmux$3214.
    dead port 2/2 on $mux $procmux$3211.
    dead port 2/2 on $mux $procmux$15479.
    dead port 1/2 on $mux $procmux$3203.
    dead port 2/2 on $mux $procmux$3200.
    dead port 1/2 on $mux $procmux$15482.
    dead port 1/2 on $mux $procmux$3192.
    dead port 2/2 on $mux $procmux$3189.
    dead port 2/2 on $mux $procmux$15484.
    dead port 2/2 on $mux $procmux$3187.
    dead port 1/2 on $mux $procmux$3179.
    dead port 2/2 on $mux $procmux$3176.
    dead port 2/2 on $mux $procmux$3174.
    dead port 1/2 on $mux $procmux$3165.
    dead port 2/2 on $mux $procmux$3162.
    dead port 2/2 on $mux $procmux$3160.
    dead port 2/2 on $mux $procmux$10029.
    dead port 1/2 on $mux $procmux$12875.
    dead port 2/2 on $mux $procmux$12875.
    dead port 1/2 on $mux $procmux$3150.
    dead port 2/2 on $mux $procmux$3147.
    dead port 2/2 on $mux $procmux$10027.
    dead port 1/2 on $mux $procmux$3141.
    dead port 2/2 on $mux $procmux$3138.
    dead port 1/2 on $mux $procmux$3132.
    dead port 2/2 on $mux $procmux$3129.
    dead port 2/2 on $mux $procmux$15532.
    dead port 1/2 on $mux $procmux$3123.
    dead port 2/2 on $mux $procmux$3120.
    dead port 2/2 on $mux $procmux$10014.
    dead port 1/2 on $mux $procmux$3114.
    dead port 2/2 on $mux $procmux$3111.
    dead port 2/2 on $mux $procmux$3109.
    dead port 2/2 on $mux $procmux$10012.
    dead port 1/2 on $mux $procmux$3103.
    dead port 2/2 on $mux $procmux$3100.
    dead port 2/2 on $mux $procmux$3098.
    dead port 2/2 on $mux $procmux$15528.
    dead port 1/2 on $mux $procmux$3091.
    dead port 2/2 on $mux $procmux$9999.
    dead port 2/2 on $mux $procmux$9997.
    dead port 2/2 on $mux $procmux$9995.
    dead port 1/6 on $pmux $procmux$3084.
    dead port 2/6 on $pmux $procmux$3084.
    dead port 3/6 on $pmux $procmux$3084.
    dead port 4/6 on $pmux $procmux$3084.
    dead port 5/6 on $pmux $procmux$3084.
    dead port 1/2 on $mux $procmux$3079.
    dead port 1/2 on $mux $procmux$3067.
    dead port 1/2 on $mux $procmux$3061.
    dead port 1/2 on $mux $procmux$3055.
    dead port 1/2 on $mux $procmux$3045.
    dead port 1/2 on $mux $procmux$3039.
    dead port 2/2 on $mux $procmux$3036.
    dead port 1/2 on $mux $procmux$3031.
    dead port 2/2 on $mux $procmux$3028.
    dead port 2/2 on $mux $procmux$3026.
    dead port 1/2 on $mux $procmux$3020.
    dead port 2/2 on $mux $procmux$3017.
    dead port 2/2 on $mux $procmux$3015.
    dead port 1/2 on $mux $procmux$3013.
    dead port 1/2 on $mux $procmux$3008.
    dead port 1/2 on $mux $procmux$3001.
    dead port 2/2 on $mux $procmux$2998.
    dead port 2/2 on $mux $procmux$15461.
    dead port 2/2 on $mux $procmux$9978.
    dead port 2/2 on $mux $procmux$13688.
    dead port 2/2 on $mux $procmux$9976.
    dead port 2/2 on $mux $procmux$9974.
    dead port 2/2 on $mux $procmux$9957.
    dead port 1/2 on $mux $procmux$12863.
    dead port 2/2 on $mux $procmux$12863.
    dead port 2/2 on $mux $procmux$9955.
    dead port 2/2 on $mux $procmux$9953.
    dead port 2/2 on $mux $procmux$15493.
    dead port 2/2 on $mux $procmux$9936.
    dead port 1/2 on $mux $procmux$12861.
    dead port 2/2 on $mux $procmux$12861.
    dead port 2/2 on $mux $procmux$9934.
    dead port 2/2 on $mux $procmux$2929.
    dead port 2/2 on $mux $procmux$9932.
    dead port 2/2 on $mux $procmux$15463.
    dead port 1/2 on $mux $procmux$15466.
    dead port 2/2 on $mux $procmux$9913.
    dead port 2/2 on $mux $procmux$9911.
    dead port 2/2 on $mux $procmux$9909.
    dead port 2/2 on $mux $procmux$2896.
    dead port 2/2 on $mux $procmux$2882.
    dead port 1/2 on $mux $procmux$2880.
    dead port 2/2 on $mux $procmux$2865.
    dead port 2/2 on $mux $procmux$9890.
    dead port 1/2 on $mux $procmux$2863.
    dead port 1/2 on $mux $procmux$2860.
    dead port 2/2 on $mux $procmux$2847.
    dead port 2/2 on $mux $procmux$16683.
    dead port 2/2 on $mux $procmux$2836.
    dead port 2/2 on $mux $procmux$9888.
    dead port 2/2 on $mux $procmux$2826.
    dead port 2/2 on $mux $procmux$9886.
    dead port 2/2 on $mux $procmux$2815.
    dead port 1/2 on $mux $procmux$15496.
    dead port 1/2 on $mux $procmux$2813.
    dead port 2/2 on $mux $procmux$2801.
    dead port 2/2 on $mux $procmux$15498.
    dead port 1/2 on $mux $procmux$2799.
    dead port 1/2 on $mux $procmux$2796.
    dead port 2/2 on $mux $procmux$2786.
    dead port 2/2 on $mux $procmux$2778.
    dead port 2/2 on $mux $procmux$9867.
    dead port 2/2 on $mux $procmux$2771.
    dead port 2/2 on $mux $procmux$2765.
    dead port 2/2 on $mux $procmux$9865.
    dead port 2/2 on $mux $procmux$2738.
    dead port 2/2 on $mux $procmux$2734.
    dead port 2/2 on $mux $procmux$2721.
    dead port 2/2 on $mux $procmux$2717.
    dead port 2/2 on $mux $procmux$9863.
    dead port 1/2 on $mux $procmux$2681.
    dead port 2/2 on $mux $procmux$9850.
    dead port 1/2 on $mux $procmux$12849.
    dead port 2/2 on $mux $procmux$12849.
    dead port 2/2 on $mux $procmux$9848.
    dead port 2/2 on $mux $procmux$2658.
    dead port 2/2 on $mux $procmux$15823.
    dead port 2/2 on $mux $procmux$2651.
    dead port 2/2 on $mux $procmux$2634.
    dead port 2/2 on $mux $procmux$9846.
    dead port 2/2 on $mux $procmux$15865.
    dead port 2/2 on $mux $procmux$2617.
    dead port 2/2 on $mux $procmux$2609.
    dead port 2/2 on $mux $procmux$2607.
    dead port 2/2 on $mux $procmux$2605.
    dead port 2/2 on $mux $procmux$2582.
    dead port 2/2 on $mux $procmux$2580.
    dead port 2/2 on $mux $procmux$2556.
    dead port 2/2 on $mux $procmux$2554.
    dead port 2/2 on $mux $procmux$2530.
    dead port 2/2 on $mux $procmux$2528.
    dead port 2/2 on $mux $procmux$15918.
    dead port 2/2 on $mux $procmux$2504.
    dead port 2/2 on $mux $procmux$2502.
    dead port 1/2 on $mux $procmux$2500.
    dead port 2/2 on $mux $procmux$2477.
    dead port 2/2 on $mux $procmux$2475.
    dead port 2/2 on $mux $procmux$9833.
    dead port 2/2 on $mux $procmux$2473.
    dead port 2/2 on $mux $procmux$2458.
    dead port 2/2 on $mux $procmux$2456.
    dead port 2/2 on $mux $procmux$2449.
    dead port 2/2 on $mux $procmux$2447.
    dead port 2/2 on $mux $procmux$2431.
    dead port 2/2 on $mux $procmux$2429.
    dead port 2/2 on $mux $procmux$2413.
    dead port 2/2 on $mux $procmux$2411.
    dead port 1/2 on $mux $procmux$12847.
    dead port 2/2 on $mux $procmux$12847.
    dead port 2/2 on $mux $procmux$2395.
    dead port 2/2 on $mux $procmux$2393.
    dead port 2/2 on $mux $procmux$9831.
    dead port 1/2 on $mux $procmux$2391.
    dead port 2/2 on $mux $procmux$2376.
    dead port 2/2 on $mux $procmux$2374.
    dead port 2/2 on $mux $procmux$2368.
    dead port 2/2 on $mux $procmux$2366.
    dead port 2/2 on $mux $procmux$9829.
    dead port 2/2 on $mux $procmux$2359.
    dead port 2/2 on $mux $procmux$2357.
    dead port 2/2 on $mux $procmux$2350.
    dead port 2/2 on $mux $procmux$2348.
    dead port 2/2 on $mux $procmux$15920.
    dead port 2/2 on $mux $procmux$2341.
    dead port 2/2 on $mux $procmux$15922.
    dead port 2/2 on $mux $procmux$2329.
    dead port 2/2 on $mux $procmux$2327.
    dead port 2/2 on $mux $procmux$2321.
    dead port 2/2 on $mux $procmux$2319.
    dead port 2/2 on $mux $procmux$2313.
    dead port 2/2 on $mux $procmux$15933.
    dead port 2/2 on $mux $procmux$9816.
    dead port 2/2 on $mux $procmux$15935.
    dead port 2/2 on $mux $procmux$9814.
    dead port 2/2 on $mux $procmux$15944.
    dead port 2/2 on $mux $procmux$9812.
    dead port 2/2 on $mux $procmux$15946.
    dead port 1/2 on $mux $procmux$15449.
    dead port 2/2 on $mux $procmux$15948.
    dead port 2/2 on $mux $procmux$9799.
    dead port 2/2 on $mux $procmux$2228.
    dead port 2/2 on $mux $procmux$15825.
    dead port 2/2 on $mux $procmux$2219.
    dead port 2/2 on $mux $procmux$13916.
    dead port 2/2 on $mux $procmux$2212.
    dead port 2/2 on $mux $procmux$2194.
    dead port 2/2 on $mux $procmux$9797.
    dead port 2/2 on $mux $procmux$15958.
    dead port 2/2 on $mux $procmux$9795.
    dead port 2/2 on $mux $procmux$15960.
    dead port 2/2 on $mux $procmux$2175.
    dead port 2/2 on $mux $procmux$2161.
    dead port 2/2 on $mux $procmux$15849.
    dead port 2/2 on $mux $procmux$2146.
    dead port 2/2 on $mux $procmux$9782.
    dead port 2/2 on $mux $procmux$2134.
    dead port 2/2 on $mux $procmux$2132.
    dead port 2/2 on $mux $procmux$2123.
    dead port 2/2 on $mux $procmux$2113.
    dead port 2/2 on $mux $procmux$2111.
    dead port 2/2 on $mux $procmux$9780.
    dead port 2/2 on $mux $procmux$2104.
    dead port 2/2 on $mux $procmux$9778.
    dead port 2/2 on $mux $procmux$2086.
    dead port 2/2 on $mux $procmux$15530.
    dead port 2/2 on $mux $procmux$2075.
    dead port 2/2 on $mux $procmux$2056.
    dead port 2/2 on $mux $procmux$15892.
    dead port 2/2 on $mux $procmux$9765.
    dead port 2/2 on $mux $procmux$15901.
    dead port 1/2 on $mux $procmux$12835.
    dead port 2/2 on $mux $procmux$12835.
    dead port 2/2 on $mux $procmux$2032.
    dead port 2/2 on $mux $procmux$9763.
    dead port 2/2 on $mux $procmux$2022.
    dead port 2/2 on $mux $procmux$2020.
    dead port 2/2 on $mux $procmux$9761.
    dead port 2/2 on $mux $procmux$2000.
    dead port 2/2 on $mux $procmux$1998.
    dead port 2/2 on $mux $procmux$1978.
    dead port 2/2 on $mux $procmux$1976.
    dead port 2/2 on $mux $procmux$9759.
    dead port 2/2 on $mux $procmux$1956.
    dead port 2/2 on $mux $procmux$1954.
    dead port 2/2 on $mux $procmux$15903.
    dead port 2/2 on $mux $procmux$1934.
    dead port 2/2 on $mux $procmux$1932.
    dead port 2/2 on $mux $procmux$15851.
    dead port 1/2 on $mux $procmux$1930.
    dead port 2/2 on $mux $procmux$1911.
    dead port 2/2 on $mux $procmux$1909.
    dead port 2/2 on $mux $procmux$15969.
    dead port 2/2 on $mux $procmux$1907.
    dead port 2/2 on $mux $procmux$1888.
    dead port 2/2 on $mux $procmux$1886.
    dead port 2/2 on $mux $procmux$1849.
    dead port 2/2 on $mux $procmux$1847.
    dead port 2/2 on $mux $procmux$1829.
    dead port 2/2 on $mux $procmux$1827.
    dead port 2/2 on $mux $procmux$9746.
    dead port 2/2 on $mux $procmux$1811.
    dead port 2/2 on $mux $procmux$1809.
    dead port 1/2 on $mux $procmux$12833.
    dead port 2/2 on $mux $procmux$12833.
    dead port 2/2 on $mux $procmux$1793.
    dead port 2/2 on $mux $procmux$1791.
    dead port 2/2 on $mux $procmux$15971.
    dead port 2/2 on $mux $procmux$1789.
    dead port 2/2 on $mux $procmux$1774.
    dead port 2/2 on $mux $procmux$1772.
    dead port 2/2 on $mux $procmux$1757.
    dead port 2/2 on $mux $procmux$1755.
    dead port 2/2 on $mux $procmux$15838.
    dead port 2/2 on $mux $procmux$1741.
    dead port 2/2 on $mux $procmux$1739.
    dead port 2/2 on $mux $procmux$1725.
    dead port 2/2 on $mux $procmux$1723.
    dead port 2/2 on $mux $procmux$15905.
    dead port 2/2 on $mux $procmux$1708.
    dead port 2/2 on $mux $procmux$1706.
    dead port 2/2 on $mux $procmux$9744.
    dead port 1/2 on $mux $procmux$1704.
    dead port 2/2 on $mux $procmux$1689.
    dead port 2/2 on $mux $procmux$1687.
    dead port 1/2 on $mux $procmux$1685.
    dead port 2/2 on $mux $procmux$1670.
    dead port 2/2 on $mux $procmux$1668.
    dead port 2/2 on $mux $procmux$15979.
    dead port 1/2 on $mux $procmux$1666.
    dead port 2/2 on $mux $procmux$1663.
    dead port 2/2 on $mux $procmux$1650.
    dead port 2/2 on $mux $procmux$1648.
    dead port 2/2 on $mux $procmux$9742.
    dead port 2/2 on $mux $procmux$1635.
    dead port 2/2 on $mux $procmux$1633.
    dead port 1/2 on $mux $procmux$16614.
    dead port 2/2 on $mux $procmux$1621.
    dead port 2/2 on $mux $procmux$1619.
    dead port 2/2 on $mux $procmux$1606.
    dead port 2/2 on $mux $procmux$1604.
    dead port 2/2 on $mux $procmux$15981.
    dead port 2/2 on $mux $procmux$1602.
    dead port 2/2 on $mux $procmux$1590.
    dead port 2/2 on $mux $procmux$1588.
    dead port 2/2 on $mux $procmux$9740.
    dead port 2/2 on $mux $procmux$1576.
    dead port 2/2 on $mux $procmux$1574.
    dead port 2/2 on $mux $procmux$1562.
    dead port 2/2 on $mux $procmux$1560.
    dead port 2/2 on $mux $procmux$1548.
    dead port 2/2 on $mux $procmux$1546.
    dead port 2/2 on $mux $procmux$1534.
    dead port 2/2 on $mux $procmux$1532.
    dead port 2/2 on $mux $procmux$15863.
    dead port 1/2 on $mux $procmux$1530.
    dead port 2/2 on $mux $procmux$1519.
    dead port 2/2 on $mux $procmux$1517.
    dead port 2/2 on $mux $procmux$9727.
    dead port 2/2 on $mux $procmux$1515.
    dead port 2/2 on $mux $procmux$1504.
    dead port 2/2 on $mux $procmux$1502.
    dead port 2/2 on $mux $procmux$13678.
    dead port 2/2 on $mux $procmux$1492.
    dead port 2/2 on $mux $procmux$1490.
    dead port 2/2 on $mux $procmux$1480.
    dead port 2/2 on $mux $procmux$1478.
    dead port 2/2 on $mux $procmux$1468.
    dead port 2/2 on $mux $procmux$1466.
    dead port 2/2 on $mux $procmux$9725.
    dead port 2/2 on $mux $procmux$1456.
    dead port 2/2 on $mux $procmux$1454.
    dead port 2/2 on $mux $procmux$9723.
    dead port 2/2 on $mux $procmux$1444.
    dead port 2/2 on $mux $procmux$1442.
    dead port 2/2 on $mux $procmux$1433.
    dead port 2/2 on $mux $procmux$1431.
    dead port 2/2 on $mux $procmux$1422.
    dead port 2/2 on $mux $procmux$1420.
    dead port 2/2 on $mux $procmux$1411.
    dead port 2/2 on $mux $procmux$15994.
    dead port 2/2 on $mux $procmux$1401.
    dead port 2/2 on $mux $procmux$9710.
    dead port 2/2 on $mux $procmux$16004.
    dead port 2/2 on $mux $procmux$1387.
    dead port 2/2 on $mux $procmux$9708.
    dead port 2/2 on $mux $procmux$1378.
    dead port 2/2 on $mux $procmux$9706.
    dead port 2/2 on $mux $procmux$1370.
    dead port 2/2 on $mux $procmux$1368.
    dead port 2/2 on $mux $procmux$16017.
    dead port 2/2 on $mux $procmux$1360.
    dead port 2/2 on $mux $procmux$1358.
    dead port 2/2 on $mux $procmux$15879.
    dead port 2/2 on $mux $procmux$1350.
    dead port 2/2 on $mux $procmux$1348.
    dead port 2/2 on $mux $procmux$1340.
    dead port 2/2 on $mux $procmux$1338.
    dead port 2/2 on $mux $procmux$15836.
    dead port 2/2 on $mux $procmux$1331.
    dead port 2/2 on $mux $procmux$1329.
    dead port 2/2 on $mux $procmux$1322.
    dead port 2/2 on $mux $procmux$1320.
    dead port 2/2 on $mux $procmux$1313.
    dead port 2/2 on $mux $procmux$9693.
    dead port 2/2 on $mux $procmux$1306.
    dead port 1/2 on $mux $procmux$12821.
    dead port 2/2 on $mux $procmux$12821.
    dead port 2/2 on $mux $procmux$1300.
    dead port 2/2 on $mux $procmux$1298.
    dead port 2/2 on $mux $procmux$16019.
    dead port 2/2 on $mux $procmux$1292.
    dead port 2/2 on $mux $procmux$1290.
    dead port 2/2 on $mux $procmux$9691.
    dead port 2/2 on $mux $procmux$1284.
    dead port 2/2 on $mux $procmux$1282.
    dead port 2/2 on $mux $procmux$9689.
    dead port 2/2 on $mux $procmux$9687.
    dead port 2/2 on $mux $procmux$9675.
    dead port 1/2 on $mux $procmux$12819.
    dead port 2/2 on $mux $procmux$12819.
    dead port 2/2 on $mux $procmux$9673.
    dead port 2/2 on $mux $procmux$9671.
    dead port 2/2 on $mux $procmux$1155.
    dead port 2/2 on $mux $procmux$9669.
    dead port 2/2 on $mux $procmux$1148.
    dead port 2/2 on $mux $procmux$1141.
    dead port 2/2 on $mux $procmux$9657.
    dead port 2/2 on $mux $procmux$9655.
    dead port 2/2 on $mux $procmux$9653.
    dead port 2/2 on $mux $procmux$1126.
    dead port 2/2 on $mux $procmux$1120.
    dead port 2/2 on $mux $procmux$1114.
    dead port 2/2 on $mux $procmux$9641.
    dead port 2/2 on $mux $procmux$1109.
    dead port 2/2 on $mux $procmux$16315.
    dead port 1/2 on $mux $procmux$1094.
    dead port 1/2 on $mux $procmux$1089.
    dead port 2/2 on $mux $procmux$1072.
    dead port 2/2 on $mux $procmux$9639.
    dead port 2/2 on $mux $procmux$1059.
    dead port 1/2 on $mux $procmux$14328.
    dead port 2/2 on $mux $procmux$9637.
    dead port 2/2 on $mux $procmux$1029.
    dead port 2/2 on $mux $procmux$1021.
    dead port 2/2 on $mux $procmux$1013.
    dead port 2/2 on $mux $procmux$9625.
    dead port 2/2 on $mux $procmux$1011.
    dead port 2/2 on $mux $procmux$9623.
    dead port 2/2 on $mux $procmux$9621.
    dead port 2/2 on $mux $procmux$995.
    dead port 2/2 on $mux $procmux$989.
    dead port 2/2 on $mux $procmux$983.
    dead port 2/2 on $mux $procmux$9612.
    dead port 2/2 on $mux $procmux$978.
    dead port 1/2 on $mux $procmux$969.
    dead port 2/2 on $mux $procmux$9610.
    dead port 2/2 on $mux $procmux$9608.
    dead port 2/2 on $mux $procmux$16044.
    dead port 2/2 on $mux $procmux$9599.
    dead port 2/2 on $mux $procmux$9597.
    dead port 2/2 on $mux $procmux$9595.
    dead port 2/2 on $mux $procmux$9586.
    dead port 2/2 on $mux $procmux$9584.
    dead port 2/2 on $mux $procmux$9582.
    dead port 1/2 on $mux $procmux$15519.
    dead port 2/2 on $mux $procmux$862.
    dead port 2/2 on $mux $procmux$9573.
    dead port 2/2 on $mux $procmux$9571.
    dead port 2/2 on $mux $procmux$9569.
    dead port 2/2 on $mux $procmux$9567.
    dead port 2/2 on $mux $procmux$9558.
    dead port 2/2 on $mux $procmux$16695.
    dead port 2/2 on $mux $procmux$829.
    dead port 2/2 on $mux $procmux$9556.
    dead port 2/2 on $mux $procmux$815.
    dead port 2/2 on $mux $procmux$9554.
    dead port 1/2 on $mux $procmux$813.
    dead port 2/2 on $mux $procmux$798.
    dead port 2/2 on $mux $procmux$15521.
    dead port 1/2 on $mux $procmux$796.
    dead port 1/2 on $mux $procmux$793.
    dead port 2/2 on $mux $procmux$780.
    dead port 2/2 on $mux $procmux$9552.
    dead port 2/2 on $mux $procmux$769.
    dead port 2/2 on $mux $procmux$9544.
    dead port 2/2 on $mux $procmux$759.
    dead port 2/2 on $mux $procmux$13668.
    dead port 2/2 on $mux $procmux$748.
    dead port 1/2 on $mux $procmux$746.
    dead port 2/2 on $mux $procmux$734.
    dead port 2/2 on $mux $procmux$9536.
    dead port 1/2 on $mux $procmux$732.
    dead port 1/2 on $mux $procmux$729.
    dead port 2/2 on $mux $procmux$719.
    dead port 2/2 on $mux $procmux$711.
    dead port 2/2 on $mux $procmux$704.
    dead port 2/2 on $mux $procmux$9528.
    dead port 2/2 on $mux $procmux$698.
    dead port 2/2 on $mux $procmux$691.
    dead port 2/2 on $mux $procmux$683.
    dead port 2/2 on $mux $procmux$9520.
    dead port 1/2 on $mux $procmux$9518.
    dead port 2/2 on $mux $procmux$675.
    dead port 2/2 on $mux $procmux$9510.
    dead port 1/2 on $mux $procmux$12777.
    dead port 2/2 on $mux $procmux$12777.
    dead port 1/2 on $mux $procmux$9508.
    dead port 1/2 on $mux $procmux$652.
    dead port 1/2 on $mux $procmux$649.
    dead port 1/2 on $mux $procmux$641.
    dead port 2/2 on $mux $procmux$9500.
    dead port 1/2 on $mux $procmux$12775.
    dead port 2/2 on $mux $procmux$12775.
    dead port 1/2 on $mux $procmux$9498.
    dead port 2/2 on $mux $procmux$615.
    dead port 2/2 on $mux $procmux$9490.
    dead port 2/2 on $mux $procmux$608.
    dead port 1/2 on $mux $procmux$12772.
    dead port 2/2 on $mux $procmux$12772.
    dead port 2/2 on $mux $procmux$601.
    dead port 1/2 on $mux $procmux$9488.
    dead port 2/2 on $mux $procmux$9480.
    dead port 2/2 on $mux $procmux$13658.
    dead port 2/2 on $mux $procmux$586.
    dead port 1/2 on $mux $procmux$9478.
    dead port 2/2 on $mux $procmux$580.
    dead port 2/2 on $mux $procmux$574.
    dead port 2/2 on $mux $procmux$9470.
    dead port 2/2 on $mux $procmux$569.
    dead port 1/2 on $mux $procmux$9468.
    dead port 2/2 on $mux $procmux$9465.
    dead port 2/2 on $mux $procmux$9459.
    dead port 2/2 on $mux $procmux$16396.
    dead port 1/2 on $mux $procmux$9457.
    dead port 2/2 on $mux $procmux$9448.
    dead port 1/2 on $mux $procmux$12760.
    dead port 2/2 on $mux $procmux$12760.
    dead port 1/2 on $mux $procmux$9446.
    dead port 2/2 on $mux $procmux$9437.
    dead port 1/2 on $mux $procmux$12758.
    dead port 2/2 on $mux $procmux$12758.
    dead port 1/2 on $mux $procmux$9435.
    dead port 1/2 on $mux $procmux$9432.
    dead port 2/2 on $mux $procmux$499.
    dead port 2/2 on $mux $procmux$9425.
    dead port 1/2 on $mux $procmux$12755.
    dead port 2/2 on $mux $procmux$12755.
    dead port 1/2 on $mux $procmux$9423.
    dead port 1/2 on $mux $procmux$9420.
    dead port 2/2 on $mux $procmux$9413.
    dead port 1/2 on $mux $procmux$9411.
    dead port 1/2 on $mux $procmux$9408.
    dead port 2/2 on $mux $procmux$466.
    dead port 2/2 on $mux $procmux$452.
    dead port 2/2 on $mux $procmux$9401.
    dead port 1/2 on $mux $procmux$450.
    dead port 2/2 on $mux $procmux$435.
    dead port 2/2 on $mux $procmux$13656.
    dead port 1/2 on $mux $procmux$433.
    dead port 1/2 on $mux $procmux$430.
    dead port 2/2 on $mux $procmux$417.
    dead port 1/2 on $mux $procmux$9399.
    dead port 2/2 on $mux $procmux$406.
    dead port 1/2 on $mux $procmux$9396.
    dead port 2/2 on $mux $procmux$396.
    dead port 2/2 on $mux $procmux$385.
    dead port 2/2 on $mux $procmux$9388.
    dead port 1/2 on $mux $procmux$383.
    dead port 2/2 on $mux $procmux$371.
    dead port 1/2 on $mux $procmux$369.
    dead port 1/2 on $mux $procmux$366.
    dead port 2/2 on $mux $procmux$356.
    dead port 1/2 on $mux $procmux$9386.
    dead port 2/2 on $mux $procmux$348.
    dead port 1/2 on $mux $procmux$9383.
    dead port 2/2 on $mux $procmux$341.
    dead port 2/2 on $mux $procmux$335.
    dead port 2/2 on $mux $procmux$9376.
    dead port 1/2 on $mux $procmux$12743.
    dead port 2/2 on $mux $procmux$12743.
    dead port 1/2 on $mux $procmux$9374.
    dead port 1/2 on $mux $procmux$9371.
    dead port 1/2 on $mux $procmux$9368.
    dead port 2/2 on $mux $procmux$9362.
    dead port 1/2 on $mux $procmux$12741.
    dead port 2/2 on $mux $procmux$12741.
    dead port 2/2 on $mux $procmux$284.
    dead port 2/2 on $mux $procmux$275.
    dead port 2/2 on $mux $procmux$265.
    dead port 2/2 on $mux $procmux$9351.
    dead port 2/2 on $mux $procmux$243.
    dead port 2/2 on $mux $procmux$235.
    dead port 2/2 on $mux $procmux$228.
    dead port 2/2 on $mux $procmux$9343.
    dead port 2/2 on $mux $procmux$221.
    dead port 1/2 on $mux $procmux$12738.
    dead port 2/2 on $mux $procmux$12738.
    dead port 2/2 on $mux $procmux$214.
    dead port 2/2 on $mux $procmux$207.
    dead port 2/2 on $mux $procmux$13647.
    dead port 2/2 on $mux $procmux$200.
    dead port 2/2 on $mux $procmux$198.
    dead port 2/2 on $mux $procmux$190.
    dead port 2/2 on $mux $procmux$188.
    dead port 2/2 on $mux $procmux$180.
    dead port 2/2 on $mux $procmux$9335.
    dead port 2/2 on $mux $procmux$178.
    dead port 1/2 on $mux $procmux$176.
    dead port 2/2 on $mux $procmux$169.
    dead port 1/2 on $mux $procmux$12726.
    dead port 2/2 on $mux $procmux$12726.
    dead port 2/2 on $mux $procmux$167.
    dead port 1/2 on $mux $procmux$165.
    dead port 2/2 on $mux $procmux$158.
    dead port 1/2 on $mux $procmux$12724.
    dead port 2/2 on $mux $procmux$12724.
    dead port 2/2 on $mux $procmux$152.
    dead port 1/2 on $mux $procmux$12721.
    dead port 2/2 on $mux $procmux$12721.
    dead port 2/2 on $mux $procmux$146.
    dead port 2/2 on $mux $procmux$140.
    dead port 2/2 on $mux $procmux$134.
    dead port 2/2 on $mux $procmux$132.
    dead port 2/2 on $mux $procmux$125.
    dead port 2/2 on $mux $procmux$123.
    dead port 2/2 on $mux $procmux$116.
    dead port 2/2 on $mux $procmux$114.
    dead port 1/2 on $mux $procmux$112.
    dead port 2/2 on $mux $procmux$106.
    dead port 1/2 on $mux $procmux$9312.
    dead port 2/2 on $mux $procmux$104.
    dead port 1/2 on $mux $procmux$102.
    dead port 1/2 on $mux $procmux$9309.
    dead port 2/2 on $mux $procmux$59.
    dead port 2/2 on $mux $procmux$51.
    dead port 2/2 on $mux $procmux$43.
    dead port 2/2 on $mux $procmux$41.
    dead port 1/2 on $mux $procmux$9301.
    dead port 2/2 on $mux $procmux$25.
    dead port 2/2 on $mux $procmux$13645.
    dead port 2/2 on $mux $procmux$19.
    dead port 2/2 on $mux $procmux$13.
    dead port 1/2 on $mux $procmux$12709.
    dead port 2/2 on $mux $procmux$12709.
    dead port 2/2 on $mux $procmux$8.
    dead port 2/2 on $mux $procmux$14151.
    dead port 1/2 on $mux $procmux$12707.
    dead port 2/2 on $mux $procmux$12707.
    dead port 1/2 on $mux $procmux$7083.
    dead port 1/2 on $mux $procmux$7080.
    dead port 2/2 on $mux $procmux$14168.
    dead port 2/2 on $mux $procmux$9264.
    dead port 2/2 on $mux $procmux$9258.
    dead port 1/2 on $mux $procmux$12704.
    dead port 2/2 on $mux $procmux$12704.
    dead port 2/2 on $mux $procmux$9252.
    dead port 2/2 on $mux $procmux$16065.
    dead port 2/2 on $mux $procmux$9246.
    dead port 2/2 on $mux $procmux$13636.
    dead port 2/2 on $mux $procmux$9240.
    dead port 1/2 on $mux $procmux$9238.
    dead port 1/2 on $mux $procmux$7072.
    dead port 2/2 on $mux $procmux$15545.
    dead port 2/2 on $mux $procmux$9230.
    dead port 1/2 on $mux $procmux$9228.
    dead port 1/2 on $mux $procmux$12692.
    dead port 2/2 on $mux $procmux$12692.
    dead port 2/2 on $mux $procmux$9220.
    dead port 1/2 on $mux $procmux$9218.
    dead port 1/2 on $mux $procmux$12690.
    dead port 2/2 on $mux $procmux$12690.
    dead port 1/2 on $mux $procmux$12687.
    dead port 2/2 on $mux $procmux$12687.
    dead port 2/2 on $mux $procmux$14182.
    dead port 2/2 on $mux $procmux$9211.
    dead port 1/2 on $mux $procmux$9209.
    dead port 2/2 on $mux $procmux$16373.
    dead port 2/2 on $mux $procmux$15554.
    dead port 2/2 on $mux $procmux$9199.
    dead port 1/2 on $mux $procmux$9197.
    dead port 2/2 on $mux $procmux$14196.
    dead port 2/2 on $mux $procmux$15558.
    dead port 2/2 on $mux $procmux$9189.
    dead port 1/2 on $mux $procmux$9187.
    dead port 2/2 on $mux $procmux$14325.
    dead port 2/2 on $mux $procmux$14330.
    dead port 1/2 on $mux $procmux$14346.
    dead port 2/2 on $mux $procmux$16031.
    dead port 2/2 on $mux $procmux$9177.
    dead port 1/2 on $mux $procmux$9175.
    dead port 1/2 on $mux $procmux$12675.
    dead port 2/2 on $mux $procmux$12675.
    dead port 2/2 on $mux $procmux$15568.
    dead port 2/2 on $mux $procmux$15570.
    dead port 2/2 on $mux $procmux$9167.
    dead port 1/2 on $mux $procmux$9165.
    dead port 1/2 on $mux $procmux$12673.
    dead port 2/2 on $mux $procmux$12673.
    dead port 2/2 on $mux $procmux$9159.
    dead port 1/2 on $mux $procmux$9157.
    dead port 1/2 on $mux $procmux$12670.
    dead port 2/2 on $mux $procmux$12670.
    dead port 2/2 on $mux $procmux$9155.
    dead port 2/2 on $mux $procmux$15576.
    dead port 2/2 on $mux $procmux$9144.
    dead port 1/2 on $mux $procmux$9142.
    dead port 2/2 on $mux $procmux$15578.
    dead port 2/2 on $mux $procmux$15586.
    dead port 2/2 on $mux $procmux$15588.
    dead port 2/2 on $mux $procmux$9129.
    dead port 1/2 on $mux $procmux$9127.
    dead port 2/2 on $mux $procmux$13627.
    dead port 2/2 on $mux $procmux$9125.
    dead port 2/2 on $mux $procmux$9114.
    dead port 1/2 on $mux $procmux$9112.
    dead port 2/2 on $mux $procmux$9110.
    dead port 2/2 on $mux $procmux$9108.
    dead port 2/2 on $mux $procmux$9098.
    dead port 1/2 on $mux $procmux$9096.
    dead port 1/2 on $mux $procmux$12659.
    dead port 2/2 on $mux $procmux$12659.
    dead port 2/2 on $mux $procmux$9094.
    dead port 2/2 on $mux $procmux$15556.
    dead port 2/2 on $mux $procmux$9085.
    dead port 1/2 on $mux $procmux$9083.
    dead port 1/2 on $mux $procmux$12657.
    dead port 2/2 on $mux $procmux$12657.
    dead port 2/2 on $mux $procmux$9081.
    dead port 2/2 on $mux $procmux$9072.
    dead port 1/2 on $mux $procmux$9070.
    dead port 1/2 on $mux $procmux$12654.
    dead port 2/2 on $mux $procmux$12654.
    dead port 2/2 on $mux $procmux$9068.
    dead port 2/2 on $mux $procmux$16076.
    dead port 2/2 on $mux $procmux$14137.
    dead port 2/2 on $mux $procmux$9059.
    dead port 2/2 on $mux $procmux$9052.
    dead port 2/2 on $mux $procmux$9045.
    dead port 2/2 on $mux $procmux$16218.
    dead port 2/2 on $mux $procmux$9038.
    dead port 1/2 on $mux $procmux$12642.
    dead port 2/2 on $mux $procmux$12642.
    dead port 2/2 on $mux $procmux$9031.
    dead port 1/2 on $mux $procmux$12640.
    dead port 2/2 on $mux $procmux$12640.
    dead port 2/2 on $mux $procmux$14230.
    dead port 2/2 on $mux $procmux$14245.
    dead port 1/2 on $mux $procmux$14248.
    dead port 2/2 on $mux $procmux$9024.
    dead port 2/2 on $mux $procmux$9022.
    dead port 2/2 on $mux $procmux$9018.
    dead port 2/2 on $mux $procmux$14250.
    dead port 2/2 on $mux $procmux$9016.
    dead port 2/2 on $mux $procmux$14265.
    dead port 2/2 on $mux $procmux$9010.
    dead port 1/2 on $mux $procmux$14268.
    dead port 2/2 on $mux $procmux$9008.
    dead port 2/2 on $mux $procmux$14270.
    dead port 2/2 on $mux $procmux$16360.
    dead port 2/2 on $mux $procmux$14285.
    dead port 2/2 on $mux $procmux$9002.
    dead port 2/2 on $mux $procmux$9000.
    dead port 2/2 on $mux $procmux$14348.
    dead port 1/2 on $mux $procmux$14288.
    dead port 2/2 on $mux $procmux$8994.
    dead port 2/2 on $mux $procmux$8992.
    dead port 2/2 on $mux $procmux$7030.
    dead port 2/2 on $mux $procmux$14290.
    dead port 1/2 on $mux $procmux$14364.
    dead port 2/2 on $mux $procmux$7028.
    dead port 2/2 on $mux $procmux$14305.
    dead port 1/2 on $mux $procmux$14308.
    dead port 2/2 on $mux $procmux$7021.
    dead port 2/2 on $mux $procmux$14310.
    dead port 2/2 on $mux $procmux$7019.
    dead port 2/2 on $mux $procmux$14366.
    dead port 2/2 on $mux $procmux$7011.
    dead port 2/2 on $mux $procmux$7009.
    dead port 2/2 on $mux $procmux$7002.
    dead port 2/2 on $mux $procmux$7000.
    dead port 1/2 on $mux $procmux$14382.
    dead port 2/2 on $mux $procmux$14384.
    dead port 2/2 on $mux $procmux$15612.
    dead port 2/2 on $mux $procmux$15618.
    dead port 1/2 on $mux $procmux$14400.
    dead port 1/2 on $mux $procmux$6998.
    dead port 2/2 on $mux $procmux$15600.
    dead port 2/2 on $mux $procmux$6989.
    dead port 2/2 on $mux $procmux$14402.
    dead port 1/2 on $mux $procmux$14418.
    dead port 2/2 on $mux $procmux$14420.
    dead port 1/2 on $mux $procmux$12637.
    dead port 2/2 on $mux $procmux$12637.
    dead port 2/2 on $mux $procmux$14500.
    dead port 1/2 on $mux $procmux$12625.
    dead port 2/2 on $mux $procmux$12625.
    dead port 2/2 on $mux $procmux$14436.
    dead port 1/2 on $mux $procmux$12623.
    dead port 2/2 on $mux $procmux$12623.
    dead port 2/2 on $mux $procmux$6987.
    dead port 1/2 on $mux $procmux$6985.
    dead port 1/2 on $mux $procmux$12620.
    dead port 2/2 on $mux $procmux$12620.
    dead port 2/2 on $mux $procmux$13618.
    dead port 2/2 on $mux $procmux$14452.
    dead port 1/2 on $mux $procmux$6982.
    dead port 1/2 on $mux $procmux$12608.
    dead port 2/2 on $mux $procmux$12608.
    dead port 1/2 on $mux $procmux$12606.
    dead port 2/2 on $mux $procmux$12606.
    dead port 1/2 on $mux $procmux$12603.
    dead port 2/2 on $mux $procmux$12603.
    dead port 2/2 on $mux $procmux$6973.
    dead port 2/2 on $mux $procmux$14468.
    dead port 2/2 on $mux $procmux$6971.
    dead port 2/2 on $mux $procmux$14484.
    dead port 1/2 on $mux $procmux$12591.
    dead port 2/2 on $mux $procmux$12591.
    dead port 1/2 on $mux $procmux$6969.
    dead port 2/2 on $mux $procmux$14516.
    dead port 1/2 on $mux $procmux$12589.
    dead port 2/2 on $mux $procmux$12589.
    dead port 2/2 on $mux $procmux$14548.
    dead port 2/2 on $mux $procmux$14567.
    dead port 2/2 on $mux $procmux$16637.
    dead port 2/2 on $mux $procmux$14587.
    dead port 1/2 on $mux $procmux$12586.
    dead port 2/2 on $mux $procmux$12586.
    dead port 2/2 on $mux $procmux$14606.
    dead port 2/2 on $mux $procmux$16281.
    dead port 2/2 on $mux $procmux$13609.
    dead port 1/2 on $mux $procmux$6966.
    dead port 1/2 on $mux $procmux$12574.
    dead port 2/2 on $mux $procmux$12574.
    dead port 1/2 on $mux $procmux$12572.
    dead port 2/2 on $mux $procmux$12572.
    dead port 2/2 on $mux $procmux$6963.
    dead port 1/2 on $mux $procmux$12569.
    dead port 2/2 on $mux $procmux$12569.
    dead port 2/2 on $mux $procmux$16491.
    dead port 1/2 on $mux $procmux$12557.
    dead port 2/2 on $mux $procmux$12557.
    dead port 1/2 on $mux $procmux$12555.
    dead port 2/2 on $mux $procmux$12555.
    dead port 2/2 on $mux $procmux$14625.
    dead port 1/2 on $mux $procmux$12552.
    dead port 2/2 on $mux $procmux$12552.
    dead port 2/2 on $mux $procmux$14643.
    dead port 1/2 on $mux $procmux$14659.
    dead port 2/2 on $mux $procmux$14659.
    dead port 2/2 on $mux $procmux$6955.
    dead port 2/2 on $mux $procmux$6953.
    dead port 1/2 on $mux $procmux$12549.
    dead port 2/2 on $mux $procmux$12549.
    dead port 2/2 on $mux $procmux$13600.
    dead port 2/2 on $mux $procmux$13902.
    dead port 2/2 on $mux $procmux$16710.
    dead port 1/2 on $mux $procmux$12528.
    dead port 2/2 on $mux $procmux$12528.
    dead port 1/2 on $mux $procmux$12526.
    dead port 2/2 on $mux $procmux$12526.
    dead port 1/2 on $mux $procmux$12523.
    dead port 2/2 on $mux $procmux$12523.
    dead port 2/2 on $mux $procmux$16660.
    dead port 1/2 on $mux $procmux$6951.
    dead port 1/2 on $mux $procmux$14678.
    dead port 2/2 on $mux $procmux$14678.
    dead port 1/2 on $mux $procmux$6948.
    dead port 2/2 on $mux $procmux$6940.
    dead port 2/2 on $mux $procmux$16261.
    dead port 2/2 on $mux $procmux$14700.
    dead port 1/13 on $pmux $procmux$12509.
    dead port 2/13 on $pmux $procmux$12509.
    dead port 3/13 on $pmux $procmux$12509.
    dead port 4/13 on $pmux $procmux$12509.
    dead port 5/13 on $pmux $procmux$12509.
    dead port 6/13 on $pmux $procmux$12509.
    dead port 7/13 on $pmux $procmux$12509.
    dead port 8/13 on $pmux $procmux$12509.
    dead port 9/13 on $pmux $procmux$12509.
    dead port 10/13 on $pmux $procmux$12509.
    dead port 11/13 on $pmux $procmux$12509.
    dead port 12/13 on $pmux $procmux$12509.
    dead port 13/13 on $pmux $procmux$12509.
    dead port 2/2 on $mux $procmux$13591.
    dead port 2/2 on $mux $procmux$14057.
    dead port 2/2 on $mux $procmux$14718.
    dead port 2/2 on $mux $procmux$16188.
    dead port 1/2 on $mux $procmux$16408.
    dead port 1/2 on $mux $procmux$12498.
    dead port 2/2 on $mux $procmux$12498.
    dead port 1/2 on $mux $procmux$12496.
    dead port 2/2 on $mux $procmux$12496.
    dead port 2/2 on $mux $procmux$14736.
    dead port 1/2 on $mux $procmux$12493.
    dead port 2/2 on $mux $procmux$12493.
    dead port 1/2 on $mux $procmux$12490.
    dead port 2/2 on $mux $procmux$12490.
    dead port 2/2 on $mux $procmux$8851.
    dead port 2/2 on $mux $procmux$14754.
    dead port 2/2 on $mux $procmux$8844.
    dead port 2/2 on $mux $procmux$13582.
    dead port 2/2 on $mux $procmux$14772.
    dead port 2/2 on $mux $procmux$8838.
    dead port 2/2 on $mux $procmux$13900.
    dead port 2/2 on $mux $procmux$8832.
    dead port 2/2 on $mux $procmux$14790.
    dead port 2/2 on $mux $procmux$8826.
    dead port 1/2 on $mux $procmux$12475.
    dead port 2/2 on $mux $procmux$12475.
    dead port 2/2 on $mux $procmux$14808.
    dead port 2/2 on $mux $procmux$8820.
    dead port 1/2 on $mux $procmux$12473.
    dead port 2/2 on $mux $procmux$12473.
    dead port 2/2 on $mux $procmux$14819.
    dead port 2/2 on $mux $procmux$6932.
    dead port 1/2 on $mux $procmux$12470.
    dead port 2/2 on $mux $procmux$12470.
    dead port 2/2 on $mux $procmux$6916.
    dead port 1/2 on $mux $procmux$12467.
    dead port 2/2 on $mux $procmux$12467.
    dead port 2/2 on $mux $procmux$13573.
    dead port 1/2 on $mux $procmux$16591.
    dead port 2/2 on $mux $procmux$16591.
    dead port 1/2 on $mux $procmux$6914.
    dead port 2/2 on $mux $procmux$6906.
    dead port 1/2 on $mux $procmux$6904.
    dead port 2/2 on $mux $procmux$6901.
    dead port 2/2 on $mux $procmux$6894.
    dead port 1/2 on $mux $procmux$6892.
    dead port 2/2 on $mux $procmux$6889.
    dead port 2/2 on $mux $procmux$6881.
    dead port 1/2 on $mux $procmux$6879.
    dead port 2/2 on $mux $procmux$6876.
    dead port 2/2 on $mux $procmux$6869.
    dead port 2/2 on $mux $procmux$13357.
    dead port 1/2 on $mux $procmux$6867.
    dead port 2/2 on $mux $procmux$6864.
    dead port 1/2 on $mux $procmux$6862.
    dead port 2/2 on $mux $procmux$14091.
    dead port 1/2 on $mux $procmux$12453.
    dead port 2/2 on $mux $procmux$12453.
    dead port 1/2 on $mux $procmux$12451.
    dead port 2/2 on $mux $procmux$12451.
    dead port 1/2 on $mux $procmux$12448.
    dead port 2/2 on $mux $procmux$12448.
    dead port 1/2 on $mux $procmux$12445.
    dead port 2/2 on $mux $procmux$12445.
    dead port 2/2 on $mux $procmux$13564.
    dead port 2/2 on $mux $procmux$6853.
    dead port 2/2 on $mux $procmux$14855.
    dead port 1/2 on $mux $procmux$12432.
    dead port 2/2 on $mux $procmux$12432.
    dead port 1/2 on $mux $procmux$12430.
    dead port 2/2 on $mux $procmux$12430.
    dead port 2/2 on $mux $procmux$8729.
    dead port 1/2 on $mux $procmux$12427.
    dead port 2/2 on $mux $procmux$12427.
    dead port 2/2 on $mux $procmux$8717.
    dead port 1/2 on $mux $procmux$12424.
    dead port 2/2 on $mux $procmux$12424.
    dead port 2/2 on $mux $procmux$8705.
    dead port 1/2 on $mux $procmux$12404.
    dead port 2/2 on $mux $procmux$12404.
    dead port 1/2 on $mux $procmux$12402.
    dead port 2/2 on $mux $procmux$12402.
    dead port 1/2 on $mux $procmux$12399.
    dead port 2/2 on $mux $procmux$12399.
    dead port 2/2 on $mux $procmux$8681.
    dead port 2/2 on $mux $procmux$13555.
    dead port 2/2 on $mux $procmux$8673.
    dead port 1/3 on $pmux $procmux$12395.
    dead port 2/3 on $pmux $procmux$12395.
    dead port 3/3 on $pmux $procmux$12395.
    dead port 2/2 on $mux $procmux$8659.
    dead port 1/2 on $mux $procmux$8657.
    dead port 2/2 on $mux $procmux$8644.
    dead port 1/2 on $mux $procmux$12380.
    dead port 2/2 on $mux $procmux$12380.
    dead port 2/2 on $mux $procmux$8632.
    dead port 1/2 on $mux $procmux$12378.
    dead port 2/2 on $mux $procmux$12378.
    dead port 2/2 on $mux $procmux$8630.
    dead port 1/2 on $mux $procmux$12375.
    dead port 2/2 on $mux $procmux$12375.
    dead port 1/2 on $mux $procmux$12372.
    dead port 2/2 on $mux $procmux$12372.
    dead port 2/2 on $mux $procmux$13546.
    dead port 1/2 on $mux $procmux$6851.
    dead port 2/2 on $mux $procmux$16289.
    dead port 2/2 on $mux $procmux$14876.
    dead port 2/2 on $mux $procmux$6848.
    dead port 2/2 on $mux $procmux$8607.
    dead port 1/2 on $mux $procmux$12357.
    dead port 2/2 on $mux $procmux$12357.
    dead port 1/2 on $mux $procmux$8605.
    dead port 1/2 on $mux $procmux$12355.
    dead port 2/2 on $mux $procmux$12355.
    dead port 1/2 on $mux $procmux$12352.
    dead port 2/2 on $mux $procmux$12352.
    dead port 2/2 on $mux $procmux$13537.
    dead port 1/3 on $pmux $procmux$12348.
    dead port 2/3 on $pmux $procmux$12348.
    dead port 3/3 on $pmux $procmux$12348.
    dead port 2/2 on $mux $procmux$8593.
    dead port 2/2 on $mux $procmux$8583.
    dead port 1/2 on $mux $procmux$6846.
    dead port 2/2 on $mux $procmux$13528.
    dead port 1/2 on $mux $procmux$12333.
    dead port 2/2 on $mux $procmux$12333.
    dead port 1/2 on $mux $procmux$12331.
    dead port 2/2 on $mux $procmux$12331.
    dead port 1/2 on $mux $procmux$12328.
    dead port 2/2 on $mux $procmux$12328.
    dead port 2/2 on $mux $procmux$13884.
    dead port 2/2 on $mux $procmux$13526.
    dead port 1/4 on $pmux $procmux$12323.
    dead port 2/4 on $pmux $procmux$12323.
    dead port 3/4 on $pmux $procmux$12323.
    dead port 4/4 on $pmux $procmux$12323.
    dead port 1/2 on $mux $procmux$8569.
    dead port 2/2 on $mux $procmux$8569.
    dead port 1/2 on $mux $procmux$8562.
    dead port 2/2 on $mux $procmux$8562.
    dead port 1/2 on $mux $procmux$8555.
    dead port 2/2 on $mux $procmux$8555.
    dead port 1/2 on $mux $procmux$8547.
    dead port 2/2 on $mux $procmux$8547.
    dead port 1/2 on $mux $procmux$8544.
    dead port 2/2 on $mux $procmux$8544.
    dead port 2/2 on $mux $procmux$13514.
    dead port 2/2 on $mux $procmux$16104.
    dead port 2/2 on $mux $procmux$14895.
    dead port 1/2 on $mux $procmux$6843.
    dead port 2/2 on $mux $procmux$8515.
    dead port 1/2 on $mux $procmux$12303.
    dead port 2/2 on $mux $procmux$12303.
    dead port 2/2 on $mux $procmux$14912.
    dead port 2/2 on $mux $procmux$6834.
    dead port 1/2 on $mux $procmux$12301.
    dead port 2/2 on $mux $procmux$12301.
    dead port 1/2 on $mux $procmux$12298.
    dead port 2/2 on $mux $procmux$12298.
    dead port 1/2 on $mux $procmux$12295.
    dead port 2/2 on $mux $procmux$12295.
    dead port 2/2 on $mux $procmux$8498.
    dead port 2/2 on $mux $procmux$13512.
    dead port 1/2 on $mux $procmux$6832.
    dead port 2/2 on $mux $procmux$6829.
    dead port 2/2 on $mux $procmux$8491.
    dead port 2/2 on $mux $procmux$14930.
    dead port 1/2 on $mux $procmux$6827.
    dead port 1/2 on $mux $procmux$6824.
    dead port 2/2 on $mux $procmux$8485.
    dead port 2/2 on $mux $procmux$16410.
    dead port 2/2 on $mux $procmux$6821.
    dead port 2/2 on $mux $procmux$8480.
    dead port 1/2 on $mux $procmux$12273.
    dead port 2/2 on $mux $procmux$12273.
    dead port 1/2 on $mux $procmux$12271.
    dead port 2/2 on $mux $procmux$12271.
    dead port 2/2 on $mux $procmux$6813.
    dead port 1/2 on $mux $procmux$12268.
    dead port 2/2 on $mux $procmux$12268.
    dead port 1/2 on $mux $procmux$12265.
    dead port 2/2 on $mux $procmux$12265.
    dead port 2/2 on $mux $procmux$14948.
    dead port 2/2 on $mux $procmux$13349.
    dead port 2/2 on $mux $procmux$8463.
    dead port 1/2 on $mux $procmux$6811.
    dead port 2/2 on $mux $procmux$8456.
    dead port 2/2 on $mux $procmux$13501.
    dead port 2/2 on $mux $procmux$8450.
    dead port 2/2 on $mux $procmux$6808.
    dead port 2/2 on $mux $procmux$13882.
    dead port 2/2 on $mux $procmux$14966.
    dead port 1/2 on $mux $procmux$6806.
    dead port 1/2 on $mux $procmux$6803.
    dead port 2/2 on $mux $procmux$6795.
    dead port 1/2 on $mux $procmux$6793.
    dead port 1/2 on $mux $procmux$12246.
    dead port 2/2 on $mux $procmux$12246.
    dead port 1/2 on $mux $procmux$12244.
    dead port 2/2 on $mux $procmux$12244.
    dead port 2/2 on $mux $procmux$14984.
    dead port 1/2 on $mux $procmux$12241.
    dead port 2/2 on $mux $procmux$12241.
    dead port 1/2 on $mux $procmux$12238.
    dead port 2/2 on $mux $procmux$12238.
    dead port 2/2 on $mux $procmux$13499.
    dead port 2/2 on $mux $procmux$16421.
    dead port 2/2 on $mux $procmux$14123.
    dead port 1/2 on $mux $procmux$12220.
    dead port 2/2 on $mux $procmux$12220.
    dead port 1/2 on $mux $procmux$12218.
    dead port 2/2 on $mux $procmux$12218.
    dead port 1/2 on $mux $procmux$12215.
    dead port 2/2 on $mux $procmux$12215.
    dead port 1/2 on $mux $procmux$12212.
    dead port 2/2 on $mux $procmux$12212.
    dead port 2/2 on $mux $procmux$13489.
    dead port 2/2 on $mux $procmux$14043.
    dead port 2/2 on $mux $procmux$16431.
    dead port 2/2 on $mux $procmux$6784.
    dead port 1/2 on $mux $procmux$12195.
    dead port 2/2 on $mux $procmux$12195.
    dead port 1/2 on $mux $procmux$12193.
    dead port 2/2 on $mux $procmux$12193.
    dead port 1/2 on $mux $procmux$6782.
    dead port 2/2 on $mux $procmux$6773.
    dead port 1/2 on $mux $procmux$12190.
    dead port 2/2 on $mux $procmux$12190.
    dead port 1/2 on $mux $procmux$6771.
    dead port 1/2 on $mux $procmux$12187.
    dead port 2/2 on $mux $procmux$12187.
    dead port 1/2 on $mux $procmux$6768.
    dead port 2/2 on $mux $procmux$13487.
    dead port 2/2 on $mux $procmux$13474.
    dead port 1/2 on $mux $procmux$12171.
    dead port 2/2 on $mux $procmux$12171.
    dead port 1/2 on $mux $procmux$12169.
    dead port 2/2 on $mux $procmux$12169.
    dead port 2/2 on $mux $procmux$6762.
    dead port 2/2 on $mux $procmux$13341.
    dead port 1/2 on $mux $procmux$6760.
    dead port 1/2 on $mux $procmux$12166.
    dead port 2/2 on $mux $procmux$12166.
    dead port 1/2 on $mux $procmux$12163.
    dead port 2/2 on $mux $procmux$12163.
    dead port 2/2 on $mux $procmux$13880.
    dead port 1/2 on $mux $procmux$6757.
    dead port 2/2 on $mux $procmux$16381.
    dead port 2/2 on $mux $procmux$6751.
    dead port 2/2 on $mux $procmux$13472.
    dead port 2/2 on $mux $procmux$8283.
    dead port 1/2 on $mux $procmux$12151.
    dead port 2/2 on $mux $procmux$12151.
    dead port 2/2 on $mux $procmux$8269.
    dead port 1/2 on $mux $procmux$16455.
    dead port 2/2 on $mux $procmux$8255.
    dead port 1/2 on $mux $procmux$16458.
    dead port 2/2 on $mux $procmux$8241.
    dead port 1/2 on $mux $procmux$12140.
    dead port 2/2 on $mux $procmux$12140.
    dead port 2/2 on $mux $procmux$8227.
    dead port 2/2 on $mux $procmux$15636.
    dead port 2/2 on $mux $procmux$8213.
    dead port 2/2 on $mux $procmux$8199.
    dead port 1/2 on $mux $procmux$16475.
    dead port 2/2 on $mux $procmux$15681.
    dead port 2/2 on $mux $procmux$8185.
    dead port 1/2 on $mux $procmux$12129.
    dead port 2/2 on $mux $procmux$12129.
    dead port 2/2 on $mux $procmux$13463.
    dead port 2/2 on $mux $procmux$8171.
    dead port 2/2 on $mux $procmux$14107.
    dead port 1/2 on $mux $procmux$15739.
    dead port 2/2 on $mux $procmux$8157.
    dead port 2/2 on $mux $procmux$13461.
    dead port 2/2 on $mux $procmux$15746.
    dead port 2/2 on $mux $procmux$15809.
    dead port 2/2 on $mux $procmux$8143.
    dead port 1/2 on $mux $procmux$15821.
    dead port 1/2 on $mux $procmux$12118.
    dead port 2/2 on $mux $procmux$12118.
    dead port 2/2 on $mux $procmux$13867.
    dead port 2/2 on $mux $procmux$8129.
    dead port 2/2 on $mux $procmux$14041.
    dead port 1/2 on $mux $procmux$15787.
    dead port 2/2 on $mux $procmux$8115.
    dead port 2/2 on $mux $procmux$15707.
    dead port 2/2 on $mux $procmux$8098.
    dead port 1/2 on $mux $procmux$12107.
    dead port 2/2 on $mux $procmux$12107.
    dead port 2/2 on $mux $procmux$15776.
    dead port 2/2 on $mux $procmux$13865.
    dead port 2/2 on $mux $procmux$15669.
    dead port 1/2 on $mux $procmux$8074.
    dead port 2/2 on $mux $procmux$8074.
    dead port 2/2 on $mux $procmux$16111.
    dead port 1/2 on $mux $procmux$8055.
    dead port 2/2 on $mux $procmux$8055.
    dead port 2/2 on $mux $procmux$15791.
    dead port 2/2 on $mux $procmux$14089.
    dead port 2/2 on $mux $procmux$15793.
    dead port 2/2 on $mux $procmux$16097.
    dead port 1/2 on $mux $procmux$8036.
    dead port 2/2 on $mux $procmux$8036.
    dead port 2/2 on $mux $procmux$8024.
    dead port 2/2 on $mux $procmux$15624.
    dead port 2/2 on $mux $procmux$8006.
    dead port 2/2 on $mux $procmux$7988.
    dead port 2/2 on $mux $procmux$7970.
    dead port 2/2 on $mux $procmux$13863.
    dead port 2/2 on $mux $procmux$15664.
    dead port 2/2 on $mux $procmux$7952.
    dead port 2/2 on $mux $procmux$16271.
    dead port 2/2 on $mux $procmux$7934.
    dead port 2/2 on $mux $procmux$13448.
    dead port 2/2 on $mux $procmux$7916.
    dead port 2/2 on $mux $procmux$16306.
    dead port 2/2 on $mux $procmux$15742.
    dead port 2/2 on $mux $procmux$7898.
    dead port 2/2 on $mux $procmux$15758.
    dead port 2/2 on $mux $procmux$7880.
    dead port 2/2 on $mux $procmux$15762.
    dead port 2/2 on $mux $procmux$7862.
    dead port 2/2 on $mux $procmux$13446.
    dead port 1/2 on $mux $procmux$15789.
    dead port 2/2 on $mux $procmux$7844.
    dead port 2/2 on $mux $procmux$16689.
    dead port 2/2 on $mux $procmux$15630.
    dead port 2/2 on $mux $procmux$7825.
    dead port 2/2 on $mux $procmux$13437.
    dead port 2/2 on $mux $procmux$7806.
    dead port 2/2 on $mux $procmux$7787.
    dead port 2/2 on $mux $procmux$16460.
    dead port 1/2 on $mux $procmux$12036.
    dead port 2/2 on $mux $procmux$12036.
    dead port 2/2 on $mux $procmux$15675.
    dead port 2/2 on $mux $procmux$7768.
    dead port 1/2 on $mux $procmux$12033.
    dead port 2/2 on $mux $procmux$12033.
    dead port 2/2 on $mux $procmux$15697.
    dead port 2/2 on $mux $procmux$7749.
    dead port 2/2 on $mux $procmux$13427.
    dead port 2/2 on $mux $procmux$15715.
    dead port 2/2 on $mux $procmux$7730.
    dead port 1/2 on $mux $procmux$12023.
    dead port 2/2 on $mux $procmux$12023.
    dead port 1/2 on $mux $procmux$12020.
    dead port 2/2 on $mux $procmux$12020.
    dead port 2/2 on $mux $procmux$7711.
    dead port 2/2 on $mux $procmux$15744.
    dead port 1/2 on $mux $procmux$13425.
    dead port 2/2 on $mux $procmux$7692.
    dead port 1/2 on $mux $procmux$12009.
    dead port 2/2 on $mux $procmux$12009.
    dead port 2/2 on $mux $procmux$15760.
    dead port 2/2 on $mux $procmux$7674.
    dead port 1/2 on $mux $procmux$12006.
    dead port 2/2 on $mux $procmux$12006.
    dead port 2/2 on $mux $procmux$15774.
    dead port 2/2 on $mux $procmux$7655.
    dead port 2/2 on $mux $procmux$13417.
    dead port 1/2 on $mux $procmux$15805.
    dead port 2/2 on $mux $procmux$7636.
    dead port 2/2 on $mux $procmux$15598.
    dead port 2/2 on $mux $procmux$16255.
    dead port 1/2 on $mux $procmux$11996.
    dead port 2/2 on $mux $procmux$11996.
    dead port 2/2 on $mux $procmux$7628.
    dead port 2/2 on $mux $procmux$7615.
    dead port 1/2 on $mux $procmux$11993.
    dead port 2/2 on $mux $procmux$11993.
    dead port 2/2 on $mux $procmux$15699.
    dead port 2/2 on $mux $procmux$15541.
    dead port 2/2 on $mux $procmux$15543.
    dead port 2/2 on $mux $procmux$7607.
    dead port 2/2 on $mux $procmux$7594.
    dead port 2/2 on $mux $procmux$13850.
    dead port 2/2 on $mux $procmux$7586.
    dead port 2/2 on $mux $procmux$7573.
    dead port 1/2 on $mux $procmux$13415.
    dead port 1/2 on $mux $procmux$11983.
    dead port 2/2 on $mux $procmux$11983.
    dead port 2/2 on $mux $procmux$15807.
    dead port 2/2 on $mux $procmux$7565.
    dead port 2/2 on $mux $procmux$16082.
    dead port 1/2 on $mux $procmux$15505.
    dead port 1/2 on $mux $procmux$11980.
    dead port 2/2 on $mux $procmux$11980.
    dead port 2/2 on $mux $procmux$15507.
    dead port 1/2 on $mux $procmux$11970.
    dead port 2/2 on $mux $procmux$11970.
    dead port 1/2 on $mux $procmux$11967.
    dead port 2/2 on $mux $procmux$11967.
    dead port 2/2 on $mux $procmux$7534.
    dead port 2/2 on $mux $procmux$13848.
    dead port 2/2 on $mux $procmux$7523.
    dead port 1/2 on $mux $procmux$11956.
    dead port 2/2 on $mux $procmux$11956.
    dead port 2/2 on $mux $procmux$7512.
    dead port 1/2 on $mux $procmux$11953.
    dead port 2/2 on $mux $procmux$11953.
    dead port 2/2 on $mux $procmux$7501.
    dead port 2/2 on $mux $procmux$13403.
    dead port 2/2 on $mux $procmux$7490.
    dead port 2/2 on $mux $procmux$7479.
    dead port 1/2 on $mux $procmux$13401.
    dead port 2/2 on $mux $procmux$7468.
    dead port 1/2 on $mux $procmux$11942.
    dead port 2/2 on $mux $procmux$11942.
    dead port 2/2 on $mux $procmux$7457.
    dead port 1/2 on $mux $procmux$11939.
    dead port 2/2 on $mux $procmux$11939.
    dead port 2/2 on $mux $procmux$7446.
    dead port 1/2 on $mux $procmux$11936.
    dead port 2/2 on $mux $procmux$11936.
    dead port 2/2 on $mux $procmux$7434.
    dead port 2/2 on $mux $procmux$16070.
    dead port 2/2 on $mux $procmux$7422.
    dead port 2/2 on $mux $procmux$13836.
    dead port 1/2 on $mux $procmux$7420.
    dead port 2/2 on $mux $procmux$7409.
    dead port 1/2 on $mux $procmux$7407.
    dead port 2/2 on $mux $procmux$7396.
    dead port 1/2 on $mux $procmux$11926.
    dead port 2/2 on $mux $procmux$11926.
    dead port 2/2 on $mux $procmux$16724.
    dead port 2/2 on $mux $procmux$7387.
    dead port 2/2 on $mux $procmux$16151.
    dead port 1/2 on $mux $procmux$11923.
    dead port 2/2 on $mux $procmux$11923.
    dead port 2/2 on $mux $procmux$16153.
    dead port 2/2 on $mux $procmux$7378.
    dead port 1/2 on $mux $procmux$11920.
    dead port 2/2 on $mux $procmux$11920.
    dead port 2/2 on $mux $procmux$7369.
    dead port 2/2 on $mux $procmux$16717.
    dead port 2/2 on $mux $procmux$16678.
    dead port 2/2 on $mux $procmux$7360.
    dead port 2/2 on $mux $procmux$7352.
    dead port 2/2 on $mux $procmux$7344.
    dead port 1/2 on $mux $procmux$11910.
    dead port 2/2 on $mux $procmux$11910.
    dead port 2/2 on $mux $procmux$7336.
    dead port 1/2 on $mux $procmux$11907.
    dead port 2/2 on $mux $procmux$11907.
    dead port 2/2 on $mux $procmux$16665.
    dead port 2/2 on $mux $procmux$7328.
    dead port 1/2 on $mux $procmux$11904.
    dead port 2/2 on $mux $procmux$11904.
    dead port 2/2 on $mux $procmux$7320.
    dead port 2/2 on $mux $procmux$7311.
    dead port 2/2 on $mux $procmux$7303.
    dead port 2/2 on $mux $procmux$15606.
    dead port 2/2 on $mux $procmux$7294.
    dead port 2/2 on $mux $procmux$7285.
    dead port 2/2 on $mux $procmux$11889.
    dead port 2/2 on $mux $procmux$7283.
    dead port 2/2 on $mux $procmux$7275.
    dead port 2/2 on $mux $procmux$13389.
    dead port 2/2 on $mux $procmux$7273.
    dead port 2/2 on $mux $procmux$7265.
    dead port 2/2 on $mux $procmux$7263.
    dead port 2/2 on $mux $procmux$7255.
    dead port 2/2 on $mux $procmux$11883.
    dead port 2/2 on $mux $procmux$7246.
    dead port 2/2 on $mux $procmux$13834.
    dead port 2/2 on $mux $procmux$7238.
    dead port 2/2 on $mux $procmux$7230.
    dead port 2/2 on $mux $procmux$11877.
    dead port 2/2 on $mux $procmux$7228.
    dead port 2/2 on $mux $procmux$7219.
    dead port 2/2 on $mux $procmux$7217.
    dead port 1/2 on $mux $procmux$7215.
    dead port 2/2 on $mux $procmux$7207.
    dead port 2/2 on $mux $procmux$13381.
    dead port 2/2 on $mux $procmux$7199.
    dead port 2/2 on $mux $procmux$11871.
    dead port 2/2 on $mux $procmux$7193.
    dead port 2/2 on $mux $procmux$7186.
    dead port 2/2 on $mux $procmux$7184.
    dead port 2/2 on $mux $procmux$7178.
    dead port 2/2 on $mux $procmux$11865.
    dead port 2/2 on $mux $procmux$7171.
    dead port 2/2 on $mux $procmux$7156.
    dead port 2/2 on $mux $procmux$7150.
    dead port 2/2 on $mux $procmux$11859.
    dead port 2/2 on $mux $procmux$7143.
    dead port 2/2 on $mux $procmux$13373.
    dead port 1/2 on $mux $procmux$7141.
    dead port 2/2 on $mux $procmux$16297.
    dead port 2/2 on $mux $procmux$11853.
    dead port 2/2 on $mux $procmux$7122.
    dead port 2/2 on $mux $procmux$7114.
Removed 2158 multiplexer ports.
<suppressed ~4581 debug messages>

4.4. Executing OPT_REDUCE pass (consolidate $*mux and $reduce_* inputs).
  Optimizing cells in module \agriasic_digital_rv32i_top.
    New input vector for $reduce_or cell $4291: \u_control_shell.u_core.ram_cfg_icache_data_i
    New ctrl vector for $pmux cell $procmux$16024: { $auto$opt_reduce.cc:137:opt_pmux$16795 $procmux$16043_CMP }
    New ctrl vector for $pmux cell $procmux$10670: { $procmux$10793_CMP $auto$opt_reduce.cc:137:opt_pmux$16797 }
    New ctrl vector for $pmux cell $procmux$6606: { $procmux$6688_CMP $procmux$6690_CMP $procmux$6692_CMP $auto$opt_reduce.cc:137:opt_pmux$16801 $auto$opt_reduce.cc:137:opt_pmux$16799 }
    New ctrl vector for $pmux cell $procmux$16605: { $auto$opt_reduce.cc:137:opt_pmux$16803 $procmux$16601_CMP }
    New ctrl vector for $pmux cell $procmux$15050: { $procmux$13637_CMP $auto$opt_reduce.cc:137:opt_pmux$16805 }
    New ctrl vector for $pmux cell $procmux$10659: { $auto$opt_reduce.cc:137:opt_pmux$16807 $procmux$10808_CMP $procmux$10798_CMP }
    New ctrl vector for $pmux cell $procmux$15897: $auto$opt_reduce.cc:137:opt_pmux$16809
    New ctrl vector for $pmux cell $procmux$10641: { $procmux$10793_CMP $auto$opt_reduce.cc:137:opt_pmux$16811 }
    New ctrl vector for $pmux cell $procmux$16532: $auto$opt_reduce.cc:137:opt_pmux$16813
    New ctrl vector for $pmux cell $procmux$10623: { $procmux$10793_CMP $auto$opt_reduce.cc:137:opt_pmux$16815 $procmux$10808_CMP $procmux$10798_CMP $procmux$10818_CMP $procmux$10819_CMP $procmux$10800_CMP $procmux$10790_CMP }
    New ctrl vector for $pmux cell $procmux$13738: { $auto$opt_reduce.cc:137:opt_pmux$16817 $procmux$13760_CMP }
    New ctrl vector for $pmux cell $procmux$15170: { $procmux$14108_CMP $procmux$14215_CMP }
    New ctrl vector for $pmux cell $procmux$11564: { $auto$opt_reduce.cc:137:opt_pmux$16819 $procmux$11573_CMP $procmux$11574_CMP $procmux$11575_CMP $procmux$11576_CMP $procmux$11577_CMP $procmux$11578_CMP $procmux$11579_CMP $procmux$11580_CMP }
    New ctrl vector for $pmux cell $procmux$915: { $procmux$916_CMP $auto$opt_reduce.cc:137:opt_pmux$16823 $auto$opt_reduce.cc:137:opt_pmux$16821 }
    New ctrl vector for $pmux cell $procmux$899: $auto$opt_reduce.cc:137:opt_pmux$16825
    New ctrl vector for $pmux cell $procmux$13675: $auto$opt_reduce.cc:137:opt_pmux$16827
    New ctrl vector for $pmux cell $procmux$881: $auto$opt_reduce.cc:137:opt_pmux$16829
    New ctrl vector for $pmux cell $procmux$870: $auto$opt_reduce.cc:137:opt_pmux$16831
    New ctrl vector for $pmux cell $procmux$686: { $auto$opt_reduce.cc:137:opt_pmux$16833 $procmux$688_CMP $procmux$689_CMP }
    New ctrl vector for $pmux cell $procmux$678: { $auto$opt_reduce.cc:137:opt_pmux$16835 $procmux$690_CMP }
    New ctrl vector for $pmux cell $procmux$670: { $auto$opt_reduce.cc:137:opt_pmux$16837 $procmux$688_CMP }
    New ctrl vector for $pmux cell $procmux$643: { $auto$opt_reduce.cc:137:opt_pmux$16839 $procmux$647_CMP }
    New ctrl vector for $pmux cell $procmux$635: { $auto$opt_reduce.cc:137:opt_pmux$16841 $procmux$645_CMP }
    New ctrl vector for $pmux cell $procmux$552: { $procmux$553_CMP $auto$opt_reduce.cc:137:opt_pmux$16845 $auto$opt_reduce.cc:137:opt_pmux$16843 }
    New ctrl vector for $pmux cell $procmux$536: $auto$opt_reduce.cc:137:opt_pmux$16847
    New ctrl vector for $pmux cell $procmux$518: $auto$opt_reduce.cc:137:opt_pmux$16849
    New ctrl vector for $pmux cell $procmux$507: $auto$opt_reduce.cc:137:opt_pmux$16851
    New ctrl vector for $pmux cell $procmux$327: { $auto$opt_reduce.cc:137:opt_pmux$16853 $procmux$330_CMP $procmux$331_CMP }
    New ctrl vector for $pmux cell $procmux$310: $auto$opt_reduce.cc:137:opt_pmux$16855
    New ctrl vector for $pmux cell $procmux$296: $auto$opt_reduce.cc:137:opt_pmux$16857
    New ctrl vector for $pmux cell $procmux$4346: $auto$opt_reduce.cc:137:opt_pmux$16859
    New ctrl vector for $pmux cell $procmux$9346: { $auto$opt_reduce.cc:137:opt_pmux$16861 $procmux$9348_CMP $procmux$9349_CMP }
    New ctrl vector for $pmux cell $procmux$11550: $auto$opt_reduce.cc:137:opt_pmux$16863
    New ctrl vector for $pmux cell $procmux$9338: { $auto$opt_reduce.cc:137:opt_pmux$16865 $procmux$9350_CMP }
    New ctrl vector for $pmux cell $procmux$16543: $auto$opt_reduce.cc:137:opt_pmux$16867
    New ctrl vector for $pmux cell $procmux$9330: { $auto$opt_reduce.cc:137:opt_pmux$16869 $procmux$9348_CMP }
    New ctrl vector for $pmux cell $procmux$15203: { $procmux$13709_CMP $auto$opt_reduce.cc:137:opt_pmux$16871 }
    New ctrl vector for $pmux cell $procmux$9303: { $auto$opt_reduce.cc:137:opt_pmux$16873 $procmux$9307_CMP }
    New ctrl vector for $pmux cell $procmux$11532: $auto$opt_reduce.cc:137:opt_pmux$16875
    New ctrl vector for $pmux cell $procmux$9295: { $auto$opt_reduce.cc:137:opt_pmux$16877 $procmux$9305_CMP }
    New ctrl vector for $pmux cell $procmux$7074: { $auto$opt_reduce.cc:137:opt_pmux$16879 $procmux$7078_CMP }
    New ctrl vector for $pmux cell $procmux$7066: { $auto$opt_reduce.cc:137:opt_pmux$16881 $procmux$7076_CMP }
    New ctrl vector for $pmux cell $procmux$7101: { $auto$opt_reduce.cc:137:opt_pmux$16883 $procmux$7119_CMP }
    New ctrl vector for $bmux cell $6368: \u_control_shell.u_dm.i_dm_csrs.dmi_req_i [37:34]
    New ctrl vector for $pmux cell $procmux$15077: { $procmux$13637_CMP $procmux$13709_CMP $procmux$13799_CMP $procmux$13917_CMP $auto$opt_reduce.cc:137:opt_pmux$16885 $procmux$14108_CMP $procmux$14215_CMP $procmux$15332_CMP $procmux$15334_CMP }
    New ctrl vector for $pmux cell $procmux$4049: { $procmux$4349_CMP $auto$opt_reduce.cc:137:opt_pmux$16887 }
    New ctrl vector for $pmux cell $procmux$3937: $auto$opt_reduce.cc:137:opt_pmux$16889
    New ctrl vector for $pmux cell $procmux$3918: { $auto$opt_reduce.cc:137:opt_pmux$16891 $procmux$3943_CMP $procmux$3947_CMP $procmux$3952_CMP $procmux$3956_CMP }
    New ctrl vector for $pmux cell $procmux$5519: { $auto$opt_reduce.cc:137:opt_pmux$16893 $procmux$5521_CMP $procmux$5522_CMP }
    New ctrl vector for $pmux cell $procmux$3900: { $auto$opt_reduce.cc:137:opt_pmux$16895 $procmux$3947_CMP $procmux$3956_CMP }
    New ctrl vector for $pmux cell $procmux$13716: $auto$opt_reduce.cc:137:opt_pmux$16897
    New ctrl vector for $pmux cell $procmux$3871: $auto$opt_reduce.cc:137:opt_pmux$16899
    New ctrl vector for $pmux cell $procmux$11808: { $auto$opt_reduce.cc:137:opt_pmux$16903 $procmux$11812_CMP $auto$opt_reduce.cc:137:opt_pmux$16901 }
    New ctrl vector for $pmux cell $procmux$8921: { $auto$opt_reduce.cc:137:opt_pmux$16905 $procmux$8929_CTRL $procmux$8931_CTRL $procmux$8934_CTRL $procmux$8935_CTRL $procmux$8936_CTRL }
    New ctrl vector for $pmux cell $procmux$8888: { $auto$opt_reduce.cc:137:opt_pmux$16909 $auto$opt_reduce.cc:137:opt_pmux$16907 }
    New ctrl vector for $pmux cell $procmux$8881: { $auto$opt_reduce.cc:137:opt_pmux$16913 $auto$opt_reduce.cc:137:opt_pmux$16911 }
    New ctrl vector for $pmux cell $procmux$8874: { $auto$opt_reduce.cc:137:opt_pmux$16915 $procmux$8909_CMP $procmux$8900_CMP }
    New ctrl vector for $pmux cell $procmux$8867: { $auto$opt_reduce.cc:137:opt_pmux$16919 $auto$opt_reduce.cc:137:opt_pmux$16917 }
    New ctrl vector for $pmux cell $procmux$8860: { $auto$opt_reduce.cc:137:opt_pmux$16923 $auto$opt_reduce.cc:137:opt_pmux$16921 }
    New ctrl vector for $pmux cell $procmux$8807: $auto$opt_reduce.cc:137:opt_pmux$16925
    New ctrl vector for $pmux cell $procmux$11798: $procmux$11813_CMP
    New ctrl vector for $pmux cell $procmux$8793: { $procmux$8794_CMP $auto$opt_reduce.cc:137:opt_pmux$16927 $procmux$8799_CMP }
    New ctrl vector for $pmux cell $procmux$8749: $auto$opt_reduce.cc:137:opt_pmux$16929
    New ctrl vector for $pmux cell $procmux$16632: { $auto$opt_reduce.cc:137:opt_pmux$16931 $procmux$16642_CMP }
    New ctrl vector for $pmux cell $procmux$3380: $auto$opt_reduce.cc:137:opt_pmux$16933
    New ctrl vector for $pmux cell $procmux$13895: { $procmux$13896_CMP $procmux$13899_CMP }
    New ctrl vector for $pmux cell $procmux$7109: { $auto$opt_reduce.cc:137:opt_pmux$16935 $procmux$7121_CMP }
    New ctrl vector for $pmux cell $procmux$16577: { $procmux$16578_CMP $auto$opt_reduce.cc:137:opt_pmux$16939 $auto$opt_reduce.cc:137:opt_pmux$16937 }
    New ctrl vector for $pmux cell $procmux$6687: { $procmux$6688_CMP $procmux$6690_CMP $procmux$6692_CMP $procmux$6693_CMP $auto$opt_reduce.cc:137:opt_pmux$16943 $procmux$6697_CTRL $procmux$6698_CTRL $procmux$6699_CTRL $procmux$6700_CTRL $procmux$6701_CTRL $procmux$6702_CMP $procmux$6703_CMP $procmux$6704_CMP $procmux$6705_CMP $procmux$6706_CMP $auto$opt_reduce.cc:137:opt_pmux$16941 $procmux$6727_CMP $procmux$6728_CMP $procmux$6729_CMP $procmux$6730_CMP $procmux$6731_CMP $procmux$6732_CMP $procmux$6733_CMP $procmux$6734_CMP $procmux$6735_CMP $procmux$6736_CMP $procmux$6737_CMP $procmux$6738_CMP }
    New ctrl vector for $pmux cell $procmux$16640: { $auto$opt_reduce.cc:137:opt_pmux$16945 $procmux$16652_CMP }
    New ctrl vector for $pmux cell $procmux$8429: { $procmux$8432_CMP $procmux$8434_CMP $auto$opt_reduce.cc:137:opt_pmux$16947 $procmux$8442_CMP }
    New ctrl vector for $pmux cell $procmux$8415: { $procmux$8430_CMP $procmux$8432_CMP $auto$opt_reduce.cc:137:opt_pmux$16949 $procmux$8436_CMP }
    New ctrl vector for $pmux cell $procmux$15272: $auto$opt_reduce.cc:137:opt_pmux$16951
    New ctrl vector for $pmux cell $procmux$10792: $auto$opt_reduce.cc:137:opt_pmux$16953
    New ctrl vector for $pmux cell $procmux$11772: { $procmux$11799_CMP $procmux$11775_CMP $procmux$11777_CMP $auto$opt_reduce.cc:137:opt_pmux$16955 $procmux$11793_CMP }
    New ctrl vector for $pmux cell $procmux$11753: { $procmux$11818_CMP $procmux$11799_CMP $auto$opt_reduce.cc:137:opt_pmux$16959 $auto$opt_reduce.cc:137:opt_pmux$16957 $procmux$11793_CMP }
    New ctrl vector for $pmux cell $procmux$10780: { $procmux$10793_CMP $auto$opt_reduce.cc:137:opt_pmux$16961 $procmux$10796_CMP $procmux$10808_CMP }
    New ctrl vector for $pmux cell $procmux$15317: { $procmux$13637_CMP $auto$opt_reduce.cc:137:opt_pmux$16963 }
    New ctrl vector for $pmux cell $procmux$2982: { $procmux$2983_CMP $auto$opt_reduce.cc:137:opt_pmux$16967 $auto$opt_reduce.cc:137:opt_pmux$16965 }
    New ctrl vector for $pmux cell $procmux$13455: $auto$opt_reduce.cc:137:opt_pmux$16969
    New ctrl vector for $pmux cell $procmux$13828: $procmux$13830_CTRL
    New ctrl vector for $pmux cell $procmux$2966: $auto$opt_reduce.cc:137:opt_pmux$16971
    New ctrl vector for $pmux cell $procmux$2948: $auto$opt_reduce.cc:137:opt_pmux$16973
    New ctrl vector for $pmux cell $procmux$10769: { $procmux$10793_CMP $auto$opt_reduce.cc:137:opt_pmux$16975 $procmux$10808_CMP }
    New ctrl vector for $pmux cell $procmux$2937: $auto$opt_reduce.cc:137:opt_pmux$16977
    New ctrl vector for $pmux cell $procmux$16561: $auto$opt_reduce.cc:137:opt_pmux$16979
    New ctrl vector for $pmux cell $procmux$10761: { $procmux$10793_CMP $auto$opt_reduce.cc:137:opt_pmux$16981 }
    New ctrl vector for $pmux cell $procmux$11740: { $procmux$11775_CMP $procmux$11812_CMP $procmux$11793_CMP }
    New ctrl vector for $pmux cell $procmux$10744: $auto$opt_reduce.cc:137:opt_pmux$16983
    New ctrl vector for $pmux cell $procmux$13754: { $auto$opt_reduce.cc:137:opt_pmux$16989 $auto$opt_reduce.cc:137:opt_pmux$16987 $auto$opt_reduce.cc:137:opt_pmux$16985 }
    New ctrl vector for $pmux cell $procmux$13410: $auto$opt_reduce.cc:137:opt_pmux$16991
    New ctrl vector for $pmux cell $procmux$2689: $auto$opt_reduce.cc:137:opt_pmux$16993
    New ctrl vector for $pmux cell $procmux$6680: $auto$opt_reduce.cc:137:opt_pmux$16995
    New ctrl vector for $pmux cell $procmux$16597: { $auto$opt_reduce.cc:137:opt_pmux$16997 $procmux$16607_CMP }
    New ctrl vector for $pmux cell $procmux$16648: { $auto$opt_reduce.cc:137:opt_pmux$16999 $procmux$16642_CMP $procmux$16651_CMP }
    New ctrl vector for $pmux cell $procmux$15868: { $auto$opt_reduce.cc:137:opt_pmux$17001 $procmux$15745_CMP $procmux$15991_CMP $procmux$16043_CMP }
    New ctrl vector for $pmux cell $procmux$15307: $auto$opt_reduce.cc:137:opt_pmux$17003
    New ctrl vector for $pmux cell $procmux$7117: { $auto$opt_reduce.cc:137:opt_pmux$17005 $procmux$7119_CMP $procmux$7120_CMP }
    New input vector for $reduce_or cell $auto$opt_reduce.cc:131:opt_pmux$16896: { $procmux$13761_CMP $procmux$13760_CMP $procmux$13759_CMP $procmux$13758_CMP $procmux$13757_CMP $procmux$13756_CMP $procmux$13755_CMP $procmux$13725_CMP $procmux$13724_CMP }
    New input vector for $reduce_or cell $auto$opt_reduce.cc:131:opt_pmux$16794: { $procmux$16025_CMP $procmux$15990_CMP $procmux$15870_CMP $procmux$15745_CMP }
    New input vector for $reduce_or cell $auto$opt_reduce.cc:131:opt_pmux$16798: { $procmux$6698_CMP $procmux$6697_CMP }
    New input vector for $reduce_or cell $auto$opt_reduce.cc:131:opt_pmux$16800: { $procmux$6738_CMP $procmux$6737_CMP $procmux$6736_CMP $procmux$6735_CMP $procmux$6734_CMP $procmux$6733_CMP $procmux$6732_CMP $procmux$6731_CMP $procmux$6730_CMP $procmux$6729_CMP $procmux$6728_CMP $procmux$6727_CMP $procmux$6726_CMP $procmux$6725_CMP $procmux$6724_CMP $procmux$6723_CMP $procmux$6722_CMP $procmux$6721_CMP $procmux$6720_CMP $procmux$6719_CMP $procmux$6718_CMP $procmux$6717_CMP $procmux$6716_CMP $procmux$6715_CMP $procmux$6714_CMP $procmux$6713_CMP $procmux$6712_CMP $procmux$6711_CMP $procmux$6710_CMP $procmux$6709_CMP $procmux$6708_CMP $procmux$6707_CMP $procmux$6706_CMP $procmux$6705_CMP $procmux$6704_CMP $procmux$6703_CMP $procmux$6702_CMP $procmux$6701_CMP $procmux$6700_CMP $procmux$6699_CMP $procmux$6693_CMP $procmux$6660_CMP $procmux$6658_CMP $procmux$6656_CMP $procmux$6654_CMP $procmux$6653_CMP $procmux$6612_CMP }
    New input vector for $reduce_or cell $auto$opt_reduce.cc:131:opt_pmux$16808: { $procmux$15900_CMP $procmux$15899_CMP $procmux$15898_CMP }
    New input vector for $reduce_or cell $auto$opt_reduce.cc:131:opt_pmux$16904: { $procmux$8987_CMP [12:9] $procmux$8933_CMP $procmux$8932_CMP $procmux$8928_CMP $procmux$8927_CMP $procmux$8926_CMP $procmux$8925_CMP $procmux$8924_CMP $procmux$8923_CMP $procmux$8922_CMP }
  Optimizing cells in module \agriasic_digital_rv32i_top.
Performed a total of 166 changes.

4.5. Executing OPT_MERGE pass (detect identical cells).
Finding identical cells in module `\agriasic_digital_rv32i_top'.
Computing hashes of 6599 cells of `\agriasic_digital_rv32i_top'.
Finding duplicate cells in `\agriasic_digital_rv32i_top'.
Computing hashes of 6491 cells of `\agriasic_digital_rv32i_top'.
Finding duplicate cells in `\agriasic_digital_rv32i_top'.
Computing hashes of 6469 cells of `\agriasic_digital_rv32i_top'.
Finding duplicate cells in `\agriasic_digital_rv32i_top'.
Computing hashes of 6466 cells of `\agriasic_digital_rv32i_top'.
Finding duplicate cells in `\agriasic_digital_rv32i_top'.
Computing hashes of 6465 cells of `\agriasic_digital_rv32i_top'.
Finding duplicate cells in `\agriasic_digital_rv32i_top'.
Computing hashes of 6464 cells of `\agriasic_digital_rv32i_top'.
Finding duplicate cells in `\agriasic_digital_rv32i_top'.
<suppressed ~405 debug messages>
Removed a total of 135 cells.

4.6. Executing OPT_DFF pass (perform DFF optimizations).
Changing const-value async load to async reset on $driver$u_rst_sync.rst_n_o ($aldff) from module agriasic_digital_rv32i_top.
Changing const-value async load to async reset on $driver$u_rst_sync.meta_q ($aldff) from module agriasic_digital_rv32i_top.
Changing const-value async load to async reset on $driver$u_control_shell.core_rst ($aldff) from module agriasic_digital_rv32i_top.
Changing const-value async load to async reset on $driver$u_control_shell.ndmreset_q ($aldff) from module agriasic_digital_rv32i_top.
Changing const-value async load to async reset on $driver$u_control_shell.u_core.core_busy_q ($aldff) from module agriasic_digital_rv32i_top.
Changing const-value async load to async reset on $driver$u_control_shell.u_core.u_ibex_core.if_stage_i.gen_prefetch_buffer.prefetch_buffer_i.fifo_i.valid_q ($aldff) from module agriasic_digital_rv32i_top.
Changing const-value async load to async reset on $driver$u_control_shell.u_core.u_ibex_core.if_stage_i.gen_prefetch_buffer.prefetch_buffer_i.valid_req_q ($aldff) from module agriasic_digital_rv32i_top.
Changing const-value async load to async reset on $driver$u_control_shell.u_core.u_ibex_core.if_stage_i.gen_prefetch_buffer.prefetch_buffer_i.discard_req_q ($aldff) from module agriasic_digital_rv32i_top.
Changing const-value async load to async reset on $driver$u_control_shell.u_core.u_ibex_core.if_stage_i.gen_prefetch_buffer.prefetch_buffer_i.rdata_outstanding_q ($aldff) from module agriasic_digital_rv32i_top.
Changing const-value async load to async reset on $driver$u_control_shell.u_core.u_ibex_core.if_stage_i.gen_prefetch_buffer.prefetch_buffer_i.branch_discard_q ($aldff) from module agriasic_digital_rv32i_top.
Changing const-value async load to async reset on $driver$u_control_shell.u_core.u_ibex_core.if_stage_i.compressed_decoder_i.cm_state_q ($aldff) from module agriasic_digital_rv32i_top.
Changing const-value async load to async reset on $driver$u_control_shell.u_core.u_ibex_core.if_stage_i.instr_valid_id_q ($aldff) from module agriasic_digital_rv32i_top.
Changing const-value async load to async reset on $driver$u_control_shell.u_core.u_ibex_core.if_stage_i.instr_new_id_q ($aldff) from module agriasic_digital_rv32i_top.
Changing const-value async load to async reset on $driver$u_control_shell.u_core.u_ibex_core.id_stage_i.imd_val_q[0] ($aldff) from module agriasic_digital_rv32i_top.
Changing const-value async load to async reset on $driver$u_control_shell.u_core.u_ibex_core.id_stage_i.imd_val_q[1] ($aldff) from module agriasic_digital_rv32i_top.
Changing const-value async load to async reset on $driver$u_control_shell.u_core.u_ibex_core.id_stage_i.controller_i.debug_cause_q ($aldff) from module agriasic_digital_rv32i_top.
Changing const-value async load to async reset on $driver$u_control_shell.u_core.u_ibex_core.id_stage_i.controller_i.ctrl_fsm_cs ($aldff) from module agriasic_digital_rv32i_top.
Changing const-value async load to async reset on $driver$u_control_shell.u_core.u_ibex_core.id_stage_i.controller_i.nmi_mode_q ($aldff) from module agriasic_digital_rv32i_top.
Changing const-value async load to async reset on $driver$u_control_shell.u_core.u_ibex_core.id_stage_i.controller_i.debug_mode_q ($aldff) from module agriasic_digital_rv32i_top.
Changing const-value async load to async reset on $driver$u_control_shell.u_core.u_ibex_core.id_stage_i.controller_i.load_err_q ($aldff) from module agriasic_digital_rv32i_top.
Changing const-value async load to async reset on $driver$u_control_shell.u_core.u_ibex_core.id_stage_i.controller_i.store_err_q ($aldff) from module agriasic_digital_rv32i_top.
Changing const-value async load to async reset on $driver$u_control_shell.u_core.u_ibex_core.id_stage_i.controller_i.exc_req_q ($aldff) from module agriasic_digital_rv32i_top.
Changing const-value async load to async reset on $driver$u_control_shell.u_core.u_ibex_core.id_stage_i.controller_i.illegal_insn_q ($aldff) from module agriasic_digital_rv32i_top.
Changing const-value async load to async reset on $driver$u_control_shell.u_core.u_ibex_core.id_stage_i.controller_i.do_single_step_q ($aldff) from module agriasic_digital_rv32i_top.
Changing const-value async load to async reset on $driver$u_control_shell.u_core.u_ibex_core.id_stage_i.controller_i.enter_debug_mode_prio_q ($aldff) from module agriasic_digital_rv32i_top.
Changing const-value async load to async reset on $driver$u_control_shell.u_core.u_ibex_core.id_stage_i.branch_jump_set_done_q ($aldff) from module agriasic_digital_rv32i_top.
Changing const-value async load to async reset on $driver$u_control_shell.u_core.u_ibex_core.id_stage_i.id_fsm_q ($aldff) from module agriasic_digital_rv32i_top.
Changing const-value async load to async reset on $driver$u_control_shell.u_core.u_ibex_core.ex_block_i.gen_multdiv_fast.multdiv_i.op_numerator_q ($aldff) from module agriasic_digital_rv32i_top.
Changing const-value async load to async reset on $driver$u_control_shell.u_core.u_ibex_core.ex_block_i.gen_multdiv_fast.multdiv_i.op_quotient_q ($aldff) from module agriasic_digital_rv32i_top.
Changing const-value async load to async reset on $driver$u_control_shell.u_core.u_ibex_core.ex_block_i.gen_multdiv_fast.multdiv_i.div_counter_q ($aldff) from module agriasic_digital_rv32i_top.
Changing const-value async load to async reset on $driver$u_control_shell.u_core.u_ibex_core.ex_block_i.gen_multdiv_fast.multdiv_i.div_by_zero_q ($aldff) from module agriasic_digital_rv32i_top.
Changing const-value async load to async reset on $driver$u_control_shell.u_core.u_ibex_core.ex_block_i.gen_multdiv_fast.multdiv_i.md_state_q ($aldff) from module agriasic_digital_rv32i_top.
Changing const-value async load to async reset on $driver$u_control_shell.u_core.u_ibex_core.ex_block_i.gen_multdiv_fast.multdiv_i.gen_mult_fast.mult_state_q ($aldff) from module agriasic_digital_rv32i_top.
Changing const-value async load to async reset on $driver$u_control_shell.u_core.u_ibex_core.load_store_unit_i.rdata_q ($aldff) from module agriasic_digital_rv32i_top.
Changing const-value async load to async reset on $driver$u_control_shell.u_core.u_ibex_core.load_store_unit_i.rdata_offset_q ($aldff) from module agriasic_digital_rv32i_top.
Changing const-value async load to async reset on $driver$u_control_shell.u_core.u_ibex_core.load_store_unit_i.data_type_q ($aldff) from module agriasic_digital_rv32i_top.
Changing const-value async load to async reset on $driver$u_control_shell.u_core.u_ibex_core.load_store_unit_i.data_sign_ext_q ($aldff) from module agriasic_digital_rv32i_top.
Changing const-value async load to async reset on $driver$u_control_shell.u_core.u_ibex_core.load_store_unit_i.data_we_q ($aldff) from module agriasic_digital_rv32i_top.
Changing const-value async load to async reset on $driver$u_control_shell.u_core.u_ibex_core.load_store_unit_i.addr_last_q ($aldff) from module agriasic_digital_rv32i_top.
Changing const-value async load to async reset on $driver$u_control_shell.u_core.u_ibex_core.load_store_unit_i.handle_misaligned_q ($aldff) from module agriasic_digital_rv32i_top.
Changing const-value async load to async reset on $driver$u_control_shell.u_core.u_ibex_core.load_store_unit_i.pmp_err_q ($aldff) from module agriasic_digital_rv32i_top.
Changing const-value async load to async reset on $driver$u_control_shell.u_core.u_ibex_core.load_store_unit_i.lsu_err_q ($aldff) from module agriasic_digital_rv32i_top.
Changing const-value async load to async reset on $driver$u_control_shell.u_core.u_ibex_core.load_store_unit_i.resp_is_cap_q ($aldff) from module agriasic_digital_rv32i_top.
Changing const-value async load to async reset on $driver$u_control_shell.u_core.u_ibex_core.load_store_unit_i.cheriot_err_q ($aldff) from module agriasic_digital_rv32i_top.
Changing const-value async load to async reset on $driver$u_control_shell.u_core.u_ibex_core.load_store_unit_i.resp_lc_clrperm_q.CTAG ($aldff) from module agriasic_digital_rv32i_top.
Changing const-value async load to async reset on $driver$u_control_shell.u_core.u_ibex_core.load_store_unit_i.resp_lc_clrperm_q.SD_LM ($aldff) from module agriasic_digital_rv32i_top.
Changing const-value async load to async reset on $driver$u_control_shell.u_core.u_ibex_core.load_store_unit_i.resp_lc_clrperm_q.GL_LG ($aldff) from module agriasic_digital_rv32i_top.
Changing const-value async load to async reset on $driver$u_control_shell.u_core.u_ibex_core.load_store_unit_i.ls_fsm_cs ($aldff) from module agriasic_digital_rv32i_top.
Changing const-value async load to async reset on $driver$u_control_shell.u_core.u_ibex_core.load_store_unit_i.cap_rx_fsm_q ($aldff) from module agriasic_digital_rv32i_top.
Changing const-value async load to async reset on $driver$u_control_shell.u_core.u_ibex_core.load_store_unit_i.cap_lsw_err_q ($aldff) from module agriasic_digital_rv32i_top.
Changing const-value async load to async reset on $driver$u_control_shell.u_core.u_ibex_core.load_store_unit_i.cap_lsw_data_q ($aldff) from module agriasic_digital_rv32i_top.
Changing const-value async load to async reset on $driver$u_control_shell.u_core.u_ibex_core.load_store_unit_i.cap_lsw_tag_q ($aldff) from module agriasic_digital_rv32i_top.
Changing const-value async load to async reset on $driver$u_control_shell.u_core.u_ibex_core.wb_stage_i.g_writeback_stage.wb_valid_q ($aldff) from module agriasic_digital_rv32i_top.
Changing const-value async load to async reset on $driver$u_control_shell.u_core.u_ibex_core.cs_registers_i.priv_lvl_q ($aldff) from module agriasic_digital_rv32i_top.
Changing const-value async load to async reset on $driver$u_control_shell.u_core.u_ibex_core.cs_registers_i.u_mstatus_csr.rdata_q ($aldff) from module agriasic_digital_rv32i_top.
Changing const-value async load to async reset on $driver$u_control_shell.u_core.u_ibex_core.cs_registers_i.u_mepc_csr.rdata_q ($aldff) from module agriasic_digital_rv32i_top.
Changing const-value async load to async reset on $driver$u_control_shell.u_core.u_ibex_core.cs_registers_i.u_mie_csr.rdata_q ($aldff) from module agriasic_digital_rv32i_top.
Changing const-value async load to async reset on $driver$u_control_shell.u_core.u_ibex_core.cs_registers_i.u_mscratch_csr.rdata_q ($aldff) from module agriasic_digital_rv32i_top.
Changing const-value async load to async reset on $driver$u_control_shell.u_core.u_ibex_core.cs_registers_i.u_mcause_csr.rdata_q ($aldff) from module agriasic_digital_rv32i_top.
Changing const-value async load to async reset on $driver$u_control_shell.u_core.u_ibex_core.cs_registers_i.u_mtval_csr.rdata_q ($aldff) from module agriasic_digital_rv32i_top.
Changing const-value async load to async reset on $driver$u_control_shell.u_core.u_ibex_core.cs_registers_i.u_mtvec_csr.rdata_q ($aldff) from module agriasic_digital_rv32i_top.
Changing const-value async load to async reset on $driver$u_control_shell.u_core.u_ibex_core.cs_registers_i.u_dcsr_csr.rdata_q ($aldff) from module agriasic_digital_rv32i_top.
Changing const-value async load to async reset on $driver$u_control_shell.u_core.u_ibex_core.cs_registers_i.u_depc_csr.rdata_q ($aldff) from module agriasic_digital_rv32i_top.
Changing const-value async load to async reset on $driver$u_control_shell.u_core.u_ibex_core.cs_registers_i.u_dscratch0_csr.rdata_q ($aldff) from module agriasic_digital_rv32i_top.
Changing const-value async load to async reset on $driver$u_control_shell.u_core.u_ibex_core.cs_registers_i.u_dscratch1_csr.rdata_q ($aldff) from module agriasic_digital_rv32i_top.
Changing const-value async load to async reset on $driver$u_control_shell.u_core.u_ibex_core.cs_registers_i.u_mstack_csr.rdata_q ($aldff) from module agriasic_digital_rv32i_top.
Changing const-value async load to async reset on $driver$u_control_shell.u_core.u_ibex_core.cs_registers_i.u_mstack_epc_csr.rdata_q ($aldff) from module agriasic_digital_rv32i_top.
Changing const-value async load to async reset on $driver$u_control_shell.u_core.u_ibex_core.cs_registers_i.u_mstack_cause_csr.rdata_q ($aldff) from module agriasic_digital_rv32i_top.
Changing const-value async load to async reset on $driver$u_control_shell.u_core.u_ibex_core.cs_registers_i.mcycle_counter_i.counter_q ($aldff) from module agriasic_digital_rv32i_top.
Changing const-value async load to async reset on $driver$u_control_shell.u_core.u_ibex_core.cs_registers_i.minstret_counter_i.counter_q ($aldff) from module agriasic_digital_rv32i_top.
Changing const-value async load to async reset on $driver$u_control_shell.u_core.u_ibex_core.cs_registers_i.mcountinhibit_q ($aldff) from module agriasic_digital_rv32i_top.
Changing const-value async load to async reset on $driver$u_control_shell.u_core.u_ibex_core.cs_registers_i.u_mcounteren_csr.rdata_q ($aldff) from module agriasic_digital_rv32i_top.
Changing const-value async load to async reset on $driver$u_control_shell.u_core.u_ibex_core.cs_registers_i.u_cpuctrlsts_part_csr.rdata_q ($aldff) from module agriasic_digital_rv32i_top.
Changing const-value async load to async reset on $driver$u_control_shell.u_core.gen_regfile_ff.register_file_i.g_plain_rf.g_rf_flops[1].rf_reg_q ($aldff) from module agriasic_digital_rv32i_top.
Changing const-value async load to async reset on $driver$u_control_shell.u_core.gen_regfile_ff.register_file_i.g_plain_rf.g_rf_flops[2].rf_reg_q ($aldff) from module agriasic_digital_rv32i_top.
Changing const-value async load to async reset on $driver$u_control_shell.u_core.gen_regfile_ff.register_file_i.g_plain_rf.g_rf_flops[3].rf_reg_q ($aldff) from module agriasic_digital_rv32i_top.
Changing const-value async load to async reset on $driver$u_control_shell.u_core.gen_regfile_ff.register_file_i.g_plain_rf.g_rf_flops[4].rf_reg_q ($aldff) from module agriasic_digital_rv32i_top.
Changing const-value async load to async reset on $driver$u_control_shell.u_core.gen_regfile_ff.register_file_i.g_plain_rf.g_rf_flops[5].rf_reg_q ($aldff) from module agriasic_digital_rv32i_top.
Changing const-value async load to async reset on $driver$u_control_shell.u_core.gen_regfile_ff.register_file_i.g_plain_rf.g_rf_flops[6].rf_reg_q ($aldff) from module agriasic_digital_rv32i_top.
Changing const-value async load to async reset on $driver$u_control_shell.u_core.gen_regfile_ff.register_file_i.g_plain_rf.g_rf_flops[7].rf_reg_q ($aldff) from module agriasic_digital_rv32i_top.
Changing const-value async load to async reset on $driver$u_control_shell.u_core.gen_regfile_ff.register_file_i.g_plain_rf.g_rf_flops[8].rf_reg_q ($aldff) from module agriasic_digital_rv32i_top.
Changing const-value async load to async reset on $driver$u_control_shell.u_core.gen_regfile_ff.register_file_i.g_plain_rf.g_rf_flops[9].rf_reg_q ($aldff) from module agriasic_digital_rv32i_top.
Changing const-value async load to async reset on $driver$u_control_shell.u_core.gen_regfile_ff.register_file_i.g_plain_rf.g_rf_flops[10].rf_reg_q ($aldff) from module agriasic_digital_rv32i_top.
Changing const-value async load to async reset on $driver$u_control_shell.u_core.gen_regfile_ff.register_file_i.g_plain_rf.g_rf_flops[11].rf_reg_q ($aldff) from module agriasic_digital_rv32i_top.
Changing const-value async load to async reset on $driver$u_control_shell.u_core.gen_regfile_ff.register_file_i.g_plain_rf.g_rf_flops[12].rf_reg_q ($aldff) from module agriasic_digital_rv32i_top.
Changing const-value async load to async reset on $driver$u_control_shell.u_core.gen_regfile_ff.register_file_i.g_plain_rf.g_rf_flops[13].rf_reg_q ($aldff) from module agriasic_digital_rv32i_top.
Changing const-value async load to async reset on $driver$u_control_shell.u_core.gen_regfile_ff.register_file_i.g_plain_rf.g_rf_flops[14].rf_reg_q ($aldff) from module agriasic_digital_rv32i_top.
Changing const-value async load to async reset on $driver$u_control_shell.u_core.gen_regfile_ff.register_file_i.g_plain_rf.g_rf_flops[15].rf_reg_q ($aldff) from module agriasic_digital_rv32i_top.
Changing const-value async load to async reset on $driver$u_control_shell.u_core.gen_regfile_ff.register_file_i.g_plain_rf.g_rf_flops[16].rf_reg_q ($aldff) from module agriasic_digital_rv32i_top.
Changing const-value async load to async reset on $driver$u_control_shell.u_core.gen_regfile_ff.register_file_i.g_plain_rf.g_rf_flops[17].rf_reg_q ($aldff) from module agriasic_digital_rv32i_top.
Changing const-value async load to async reset on $driver$u_control_shell.u_core.gen_regfile_ff.register_file_i.g_plain_rf.g_rf_flops[18].rf_reg_q ($aldff) from module agriasic_digital_rv32i_top.
Changing const-value async load to async reset on $driver$u_control_shell.u_core.gen_regfile_ff.register_file_i.g_plain_rf.g_rf_flops[19].rf_reg_q ($aldff) from module agriasic_digital_rv32i_top.
Changing const-value async load to async reset on $driver$u_control_shell.u_core.gen_regfile_ff.register_file_i.g_plain_rf.g_rf_flops[20].rf_reg_q ($aldff) from module agriasic_digital_rv32i_top.
Changing const-value async load to async reset on $driver$u_control_shell.u_core.gen_regfile_ff.register_file_i.g_plain_rf.g_rf_flops[21].rf_reg_q ($aldff) from module agriasic_digital_rv32i_top.
Changing const-value async load to async reset on $driver$u_control_shell.u_core.gen_regfile_ff.register_file_i.g_plain_rf.g_rf_flops[22].rf_reg_q ($aldff) from module agriasic_digital_rv32i_top.
Changing const-value async load to async reset on $driver$u_control_shell.u_core.gen_regfile_ff.register_file_i.g_plain_rf.g_rf_flops[23].rf_reg_q ($aldff) from module agriasic_digital_rv32i_top.
Changing const-value async load to async reset on $driver$u_control_shell.u_core.gen_regfile_ff.register_file_i.g_plain_rf.g_rf_flops[24].rf_reg_q ($aldff) from module agriasic_digital_rv32i_top.
Changing const-value async load to async reset on $driver$u_control_shell.u_core.gen_regfile_ff.register_file_i.g_plain_rf.g_rf_flops[25].rf_reg_q ($aldff) from module agriasic_digital_rv32i_top.
Changing const-value async load to async reset on $driver$u_control_shell.u_core.gen_regfile_ff.register_file_i.g_plain_rf.g_rf_flops[26].rf_reg_q ($aldff) from module agriasic_digital_rv32i_top.
Changing const-value async load to async reset on $driver$u_control_shell.u_core.gen_regfile_ff.register_file_i.g_plain_rf.g_rf_flops[27].rf_reg_q ($aldff) from module agriasic_digital_rv32i_top.
Changing const-value async load to async reset on $driver$u_control_shell.u_core.gen_regfile_ff.register_file_i.g_plain_rf.g_rf_flops[28].rf_reg_q ($aldff) from module agriasic_digital_rv32i_top.
Changing const-value async load to async reset on $driver$u_control_shell.u_core.gen_regfile_ff.register_file_i.g_plain_rf.g_rf_flops[29].rf_reg_q ($aldff) from module agriasic_digital_rv32i_top.
Changing const-value async load to async reset on $driver$u_control_shell.u_core.gen_regfile_ff.register_file_i.g_plain_rf.g_rf_flops[30].rf_reg_q ($aldff) from module agriasic_digital_rv32i_top.
Changing const-value async load to async reset on $driver$u_control_shell.u_core.gen_regfile_ff.register_file_i.g_plain_rf.g_rf_flops[31].rf_reg_q ($aldff) from module agriasic_digital_rv32i_top.
Changing const-value async load to async reset on $driver$u_control_shell.u_bus.m0_rvalid_q ($aldff) from module agriasic_digital_rv32i_top.
Changing const-value async load to async reset on $driver$u_control_shell.u_bus.m1_rvalid_q ($aldff) from module agriasic_digital_rv32i_top.
Changing const-value async load to async reset on $driver$u_control_shell.u_bus.m2_rvalid_q ($aldff) from module agriasic_digital_rv32i_top.
Changing const-value async load to async reset on $driver$u_control_shell.u_bus.m3_rvalid_q ($aldff) from module agriasic_digital_rv32i_top.
Changing const-value async load to async reset on $driver$u_control_shell.u_bus.m0_sel_q ($aldff) from module agriasic_digital_rv32i_top.
Changing const-value async load to async reset on $driver$u_control_shell.u_bus.m1_sel_q ($aldff) from module agriasic_digital_rv32i_top.
Changing const-value async load to async reset on $driver$u_control_shell.u_bus.m2_sel_q ($aldff) from module agriasic_digital_rv32i_top.
Changing const-value async load to async reset on $driver$u_control_shell.u_bus.m3_sel_q ($aldff) from module agriasic_digital_rv32i_top.
Changing const-value async load to async reset on $driver$u_control_shell.u_mmio.start_pulse_o ($aldff) from module agriasic_digital_rv32i_top.
Changing const-value async load to async reset on $driver$u_control_shell.u_mmio.clear_errors_o ($aldff) from module agriasic_digital_rv32i_top.
Changing const-value async load to async reset on $driver$u_control_shell.u_mmio.cfg_pair_log2_q ($aldff) from module agriasic_digital_rv32i_top.
Changing const-value async load to async reset on $driver$u_control_shell.u_mmio.cfg_settle_q ($aldff) from module agriasic_digital_rv32i_top.
Changing const-value async load to async reset on $driver$u_control_shell.u_mmio.cfg_divider_q ($aldff) from module agriasic_digital_rv32i_top.
Changing const-value async load to async reset on $driver$u_control_shell.u_mmio.cfg_conv_q ($aldff) from module agriasic_digital_rv32i_top.
Changing const-value async load to async reset on $driver$u_control_shell.u_mmio.fw_done_q ($aldff) from module agriasic_digital_rv32i_top.
Changing const-value async load to async reset on $driver$u_control_shell.u_mmio.trap_seen_q ($aldff) from module agriasic_digital_rv32i_top.
Changing const-value async load to async reset on $driver$u_control_shell.u_mmio.boot_release_o ($aldff) from module agriasic_digital_rv32i_top.
Changing const-value async load to async reset on $driver$u_control_shell.u_mmio.boot_retry_o ($aldff) from module agriasic_digital_rv32i_top.
Changing const-value async load to async reset on $driver$u_control_shell.u_mmio.spi_ctrl_we_o ($aldff) from module agriasic_digital_rv32i_top.
Changing const-value async load to async reset on $driver$u_control_shell.u_mmio.spi_ctrl_wdata_o ($aldff) from module agriasic_digital_rv32i_top.
Changing const-value async load to async reset on $driver$u_control_shell.u_mmio.spi_data_we_o ($aldff) from module agriasic_digital_rv32i_top.
Changing const-value async load to async reset on $driver$u_control_shell.u_mmio.spi_data_wdata_o ($aldff) from module agriasic_digital_rv32i_top.
Changing const-value async load to async reset on $driver$u_control_shell.u_mmio.meas_busy_q ($aldff) from module agriasic_digital_rv32i_top.
Changing const-value async load to async reset on $driver$u_control_shell.u_mmio.meas_done_q ($aldff) from module agriasic_digital_rv32i_top.
Changing const-value async load to async reset on $driver$u_control_shell.u_mmio.rvalid_q ($aldff) from module agriasic_digital_rv32i_top.
Changing const-value async load to async reset on $driver$u_control_shell.u_mmio.err_q ($aldff) from module agriasic_digital_rv32i_top.
Changing const-value async load to async reset on $driver$u_control_shell.u_mmio.periph_rd_q ($aldff) from module agriasic_digital_rv32i_top.
Changing const-value async load to async reset on $driver$u_control_shell.u_mmio.periph_dout_q ($aldff) from module agriasic_digital_rv32i_top.
Changing const-value async load to async reset on $driver$u_control_shell.u_boot.eng_done ($aldff) from module agriasic_digital_rv32i_top.
Changing const-value async load to async reset on $driver$u_control_shell.u_boot.eng_rx ($aldff) from module agriasic_digital_rv32i_top.
Changing const-value async load to async reset on $driver$u_control_shell.u_boot.div_cnt_q ($aldff) from module agriasic_digital_rv32i_top.
Changing const-value async load to async reset on $driver$u_control_shell.u_boot.bit_cnt_q ($aldff) from module agriasic_digital_rv32i_top.
Changing const-value async load to async reset on $driver$u_control_shell.u_boot.sck_q ($aldff) from module agriasic_digital_rv32i_top.
Changing const-value async load to async reset on $driver$u_control_shell.u_boot.sh_tx_q ($aldff) from module agriasic_digital_rv32i_top.
Changing const-value async load to async reset on $driver$u_control_shell.u_boot.sh_rx_q ($aldff) from module agriasic_digital_rv32i_top.
Changing const-value async load to async reset on $driver$u_control_shell.u_boot.state_q ($aldff) from module agriasic_digital_rv32i_top.
Changing const-value async load to async reset on $driver$u_control_shell.u_boot.err_q ($aldff) from module agriasic_digital_rv32i_top.
Changing const-value async load to async reset on $driver$u_control_shell.u_boot.delay_q ($aldff) from module agriasic_digital_rv32i_top.
Changing const-value async load to async reset on $driver$u_control_shell.u_boot.byte_idx_q ($aldff) from module agriasic_digital_rv32i_top.
Changing const-value async load to async reset on $driver$u_control_shell.u_boot.hdr_q[0] ($aldff) from module agriasic_digital_rv32i_top.
Changing const-value async load to async reset on $driver$u_control_shell.u_boot.hdr_q[1] ($aldff) from module agriasic_digital_rv32i_top.
Changing const-value async load to async reset on $driver$u_control_shell.u_boot.hdr_q[2] ($aldff) from module agriasic_digital_rv32i_top.
Changing const-value async load to async reset on $driver$u_control_shell.u_boot.hdr_q[3] ($aldff) from module agriasic_digital_rv32i_top.
Changing const-value async load to async reset on $driver$u_control_shell.u_boot.length_q ($aldff) from module agriasic_digital_rv32i_top.
Changing const-value async load to async reset on $driver$u_control_shell.u_boot.off_q ($aldff) from module agriasic_digital_rv32i_top.
Changing const-value async load to async reset on $driver$u_control_shell.u_boot.word_q ($aldff) from module agriasic_digital_rv32i_top.
Changing const-value async load to async reset on $driver$u_control_shell.u_boot.crc_q ($aldff) from module agriasic_digital_rv32i_top.
Changing const-value async load to async reset on $driver$u_control_shell.u_boot.fw_valid_q ($aldff) from module agriasic_digital_rv32i_top.
Changing const-value async load to async reset on $driver$u_control_shell.u_boot.bus_err_q ($aldff) from module agriasic_digital_rv32i_top.
Changing const-value async load to async reset on $driver$u_control_shell.u_boot.force_flash_q ($aldff) from module agriasic_digital_rv32i_top.
Changing const-value async load to async reset on $driver$u_control_shell.u_boot.fw_cs_n_q ($aldff) from module agriasic_digital_rv32i_top.
Changing const-value async load to async reset on $driver$u_control_shell.u_boot.fw_div_q ($aldff) from module agriasic_digital_rv32i_top.
Changing const-value async load to async reset on $driver$u_control_shell.u_dtm.dtmcs_q.zero1 ($aldff) from module agriasic_digital_rv32i_top.
Changing const-value async load to async reset on $driver$u_control_shell.u_dtm.dtmcs_q.dmihardreset ($aldff) from module agriasic_digital_rv32i_top.
Changing const-value async load to async reset on $driver$u_control_shell.u_dtm.dtmcs_q.dmireset ($aldff) from module agriasic_digital_rv32i_top.
Changing const-value async load to async reset on $driver$u_control_shell.u_dtm.dtmcs_q.zero0 ($aldff) from module agriasic_digital_rv32i_top.
Changing const-value async load to async reset on $driver$u_control_shell.u_dtm.dtmcs_q.idle ($aldff) from module agriasic_digital_rv32i_top.
Changing const-value async load to async reset on $driver$u_control_shell.u_dtm.dtmcs_q.dmistat ($aldff) from module agriasic_digital_rv32i_top.
Changing const-value async load to async reset on $driver$u_control_shell.u_dtm.dtmcs_q.abits ($aldff) from module agriasic_digital_rv32i_top.
Changing const-value async load to async reset on $driver$u_control_shell.u_dtm.dtmcs_q.version ($aldff) from module agriasic_digital_rv32i_top.
Changing const-value async load to async reset on $driver$u_control_shell.u_dtm.error_q ($aldff) from module agriasic_digital_rv32i_top.
Changing const-value async load to async reset on $driver$u_control_shell.u_dtm.state_q ($aldff) from module agriasic_digital_rv32i_top.
Changing const-value async load to async reset on $driver$u_control_shell.u_dtm.dr_q ($aldff) from module agriasic_digital_rv32i_top.
Changing const-value async load to async reset on $driver$u_control_shell.u_dtm.address_q ($aldff) from module agriasic_digital_rv32i_top.
Changing const-value async load to async reset on $driver$u_control_shell.u_dtm.data_q ($aldff) from module agriasic_digital_rv32i_top.
Changing const-value async load to async reset on $driver$u_control_shell.u_dtm.i_dmi_jtag_tap.jtag_ir_shift_q ($aldff) from module agriasic_digital_rv32i_top.
Changing const-value async load to async reset on $driver$u_control_shell.u_dtm.i_dmi_jtag_tap.jtag_ir_q ($aldff) from module agriasic_digital_rv32i_top.
Changing const-value async load to async reset on $driver$u_control_shell.u_dtm.i_dmi_jtag_tap.td_o ($aldff) from module agriasic_digital_rv32i_top.
Changing const-value async load to async reset on $driver$u_control_shell.u_dtm.i_dmi_jtag_tap.tdo_oe_o ($aldff) from module agriasic_digital_rv32i_top.
Changing const-value async load to async reset on $driver$u_control_shell.u_dtm.i_dmi_jtag_tap.tap_state_q ($aldff) from module agriasic_digital_rv32i_top.
Changing const-value async load to async reset on $driver$u_control_shell.u_dtm.i_dmi_jtag_tap.idcode_q ($aldff) from module agriasic_digital_rv32i_top.
Changing const-value async load to async reset on $driver$u_control_shell.u_dtm.i_dmi_jtag_tap.bypass_q ($aldff) from module agriasic_digital_rv32i_top.
Changing const-value async load to async reset on $driver$u_control_shell.u_dtm.i_dmi_cdc.i_cdc_req.i_src.i_sync.reg_q ($aldff) from module agriasic_digital_rv32i_top.
Changing const-value async load to async reset on $driver$u_control_shell.u_dtm.i_dmi_cdc.i_cdc_req.i_src.req_src_q ($aldff) from module agriasic_digital_rv32i_top.
Changing const-value async load to async reset on $driver$u_control_shell.u_dtm.i_dmi_cdc.i_cdc_req.i_dst.i_sync.reg_q ($aldff) from module agriasic_digital_rv32i_top.
Changing const-value async load to async reset on $driver$u_control_shell.u_dtm.i_dmi_cdc.i_cdc_req.i_dst.ack_dst_q ($aldff) from module agriasic_digital_rv32i_top.
Changing const-value async load to async reset on $driver$u_control_shell.u_dtm.i_dmi_cdc.i_cdc_req.i_dst.req_synced_q1 ($aldff) from module agriasic_digital_rv32i_top.
Changing const-value async load to async reset on $driver$u_control_shell.u_dtm.i_dmi_cdc.i_cdc_req.i_cdc_reset_ctrlr.i_cdc_reset_ctrlr_half_a.initiator_state_q ($aldff) from module agriasic_digital_rv32i_top.
Changing const-value async load to async reset on $driver$u_control_shell.u_dtm.i_dmi_cdc.i_cdc_req.i_cdc_reset_ctrlr.i_cdc_reset_ctrlr_half_a.i_state_transition_cdc_src.i_sync.reg_q ($aldff) from module agriasic_digital_rv32i_top.
Changing const-value async load to async reset on $driver$u_control_shell.u_dtm.i_dmi_cdc.i_cdc_req.i_cdc_reset_ctrlr.i_cdc_reset_ctrlr_half_a.i_state_transition_cdc_src.state_q ($aldff) from module agriasic_digital_rv32i_top.
Changing const-value async load to async reset on $driver$u_control_shell.u_dtm.i_dmi_cdc.i_cdc_req.i_cdc_reset_ctrlr.i_cdc_reset_ctrlr_half_a.i_state_transition_cdc_src.req_src_q ($aldff) from module agriasic_digital_rv32i_top.
Changing const-value async load to async reset on $driver$u_control_shell.u_dtm.i_dmi_cdc.i_cdc_req.i_cdc_reset_ctrlr.i_cdc_reset_ctrlr_half_a.i_state_transition_cdc_src.data_src_q ($aldff) from module agriasic_digital_rv32i_top.
Changing const-value async load to async reset on $driver$u_control_shell.u_dtm.i_dmi_cdc.i_cdc_req.i_cdc_reset_ctrlr.i_cdc_reset_ctrlr_half_a.i_state_transition_cdc_dst.i_sync.reg_q ($aldff) from module agriasic_digital_rv32i_top.
Changing const-value async load to async reset on $driver$u_control_shell.u_dtm.i_dmi_cdc.i_cdc_req.i_cdc_reset_ctrlr.i_cdc_reset_ctrlr_half_a.i_state_transition_cdc_dst.state_q ($aldff) from module agriasic_digital_rv32i_top.
Changing const-value async load to async reset on $driver$u_control_shell.u_dtm.i_dmi_cdc.i_cdc_req.i_cdc_reset_ctrlr.i_cdc_reset_ctrlr_half_a.i_state_transition_cdc_dst.ack_dst_q ($aldff) from module agriasic_digital_rv32i_top.
Changing const-value async load to async reset on $driver$u_control_shell.u_dtm.i_dmi_cdc.i_cdc_req.i_cdc_reset_ctrlr.i_cdc_reset_ctrlr_half_a.receiver_phase_q ($aldff) from module agriasic_digital_rv32i_top.
Changing const-value async load to async reset on $driver$u_control_shell.u_dtm.i_dmi_cdc.i_cdc_req.i_cdc_reset_ctrlr.i_cdc_reset_ctrlr_half_b.initiator_state_q ($aldff) from module agriasic_digital_rv32i_top.
Changing const-value async load to async reset on $driver$u_control_shell.u_dtm.i_dmi_cdc.i_cdc_req.i_cdc_reset_ctrlr.i_cdc_reset_ctrlr_half_b.i_state_transition_cdc_src.i_sync.reg_q ($aldff) from module agriasic_digital_rv32i_top.
Changing const-value async load to async reset on $driver$u_control_shell.u_dtm.i_dmi_cdc.i_cdc_req.i_cdc_reset_ctrlr.i_cdc_reset_ctrlr_half_b.i_state_transition_cdc_src.state_q ($aldff) from module agriasic_digital_rv32i_top.
Changing const-value async load to async reset on $driver$u_control_shell.u_dtm.i_dmi_cdc.i_cdc_req.i_cdc_reset_ctrlr.i_cdc_reset_ctrlr_half_b.i_state_transition_cdc_src.req_src_q ($aldff) from module agriasic_digital_rv32i_top.
Changing const-value async load to async reset on $driver$u_control_shell.u_dtm.i_dmi_cdc.i_cdc_req.i_cdc_reset_ctrlr.i_cdc_reset_ctrlr_half_b.i_state_transition_cdc_src.data_src_q ($aldff) from module agriasic_digital_rv32i_top.
Changing const-value async load to async reset on $driver$u_control_shell.u_dtm.i_dmi_cdc.i_cdc_req.i_cdc_reset_ctrlr.i_cdc_reset_ctrlr_half_b.i_state_transition_cdc_dst.i_sync.reg_q ($aldff) from module agriasic_digital_rv32i_top.
Changing const-value async load to async reset on $driver$u_control_shell.u_dtm.i_dmi_cdc.i_cdc_req.i_cdc_reset_ctrlr.i_cdc_reset_ctrlr_half_b.i_state_transition_cdc_dst.state_q ($aldff) from module agriasic_digital_rv32i_top.
Changing const-value async load to async reset on $driver$u_control_shell.u_dtm.i_dmi_cdc.i_cdc_req.i_cdc_reset_ctrlr.i_cdc_reset_ctrlr_half_b.i_state_transition_cdc_dst.ack_dst_q ($aldff) from module agriasic_digital_rv32i_top.
Changing const-value async load to async reset on $driver$u_control_shell.u_dtm.i_dmi_cdc.i_cdc_req.i_cdc_reset_ctrlr.i_cdc_reset_ctrlr_half_b.receiver_phase_q ($aldff) from module agriasic_digital_rv32i_top.
Changing const-value async load to async reset on $driver$u_control_shell.u_dtm.i_dmi_cdc.i_cdc_req.s_src_clear_ack_q ($aldff) from module agriasic_digital_rv32i_top.
Changing const-value async load to async reset on $driver$u_control_shell.u_dtm.i_dmi_cdc.i_cdc_req.s_src_isolate_ack_q ($aldff) from module agriasic_digital_rv32i_top.
Changing const-value async load to async reset on $driver$u_control_shell.u_dtm.i_dmi_cdc.i_cdc_req.s_dst_clear_ack_q ($aldff) from module agriasic_digital_rv32i_top.
Changing const-value async load to async reset on $driver$u_control_shell.u_dtm.i_dmi_cdc.i_cdc_req.s_dst_isolate_ack_q ($aldff) from module agriasic_digital_rv32i_top.
Changing const-value async load to async reset on $driver$u_control_shell.u_dtm.i_dmi_cdc.i_cdc_resp.i_src.i_sync.reg_q ($aldff) from module agriasic_digital_rv32i_top.
Changing const-value async load to async reset on $driver$u_control_shell.u_dtm.i_dmi_cdc.i_cdc_resp.i_src.req_src_q ($aldff) from module agriasic_digital_rv32i_top.
Changing const-value async load to async reset on $driver$u_control_shell.u_dtm.i_dmi_cdc.i_cdc_resp.i_dst.i_sync.reg_q ($aldff) from module agriasic_digital_rv32i_top.
Changing const-value async load to async reset on $driver$u_control_shell.u_dtm.i_dmi_cdc.i_cdc_resp.i_dst.ack_dst_q ($aldff) from module agriasic_digital_rv32i_top.
Changing const-value async load to async reset on $driver$u_control_shell.u_dtm.i_dmi_cdc.i_cdc_resp.i_dst.req_synced_q1 ($aldff) from module agriasic_digital_rv32i_top.
Changing const-value async load to async reset on $driver$u_control_shell.u_dtm.i_dmi_cdc.i_cdc_resp.i_cdc_reset_ctrlr.i_cdc_reset_ctrlr_half_a.initiator_state_q ($aldff) from module agriasic_digital_rv32i_top.
Changing const-value async load to async reset on $driver$u_control_shell.u_dtm.i_dmi_cdc.i_cdc_resp.i_cdc_reset_ctrlr.i_cdc_reset_ctrlr_half_a.i_state_transition_cdc_src.i_sync.reg_q ($aldff) from module agriasic_digital_rv32i_top.
Changing const-value async load to async reset on $driver$u_control_shell.u_dtm.i_dmi_cdc.i_cdc_resp.i_cdc_reset_ctrlr.i_cdc_reset_ctrlr_half_a.i_state_transition_cdc_src.state_q ($aldff) from module agriasic_digital_rv32i_top.
Changing const-value async load to async reset on $driver$u_control_shell.u_dtm.i_dmi_cdc.i_cdc_resp.i_cdc_reset_ctrlr.i_cdc_reset_ctrlr_half_a.i_state_transition_cdc_src.req_src_q ($aldff) from module agriasic_digital_rv32i_top.
Changing const-value async load to async reset on $driver$u_control_shell.u_dtm.i_dmi_cdc.i_cdc_resp.i_cdc_reset_ctrlr.i_cdc_reset_ctrlr_half_a.i_state_transition_cdc_src.data_src_q ($aldff) from module agriasic_digital_rv32i_top.
Changing const-value async load to async reset on $driver$u_control_shell.u_dtm.i_dmi_cdc.i_cdc_resp.i_cdc_reset_ctrlr.i_cdc_reset_ctrlr_half_a.i_state_transition_cdc_dst.i_sync.reg_q ($aldff) from module agriasic_digital_rv32i_top.
Changing const-value async load to async reset on $driver$u_control_shell.u_dtm.i_dmi_cdc.i_cdc_resp.i_cdc_reset_ctrlr.i_cdc_reset_ctrlr_half_a.i_state_transition_cdc_dst.state_q ($aldff) from module agriasic_digital_rv32i_top.
Changing const-value async load to async reset on $driver$u_control_shell.u_dtm.i_dmi_cdc.i_cdc_resp.i_cdc_reset_ctrlr.i_cdc_reset_ctrlr_half_a.i_state_transition_cdc_dst.ack_dst_q ($aldff) from module agriasic_digital_rv32i_top.
Changing const-value async load to async reset on $driver$u_control_shell.u_dtm.i_dmi_cdc.i_cdc_resp.i_cdc_reset_ctrlr.i_cdc_reset_ctrlr_half_a.receiver_phase_q ($aldff) from module agriasic_digital_rv32i_top.
Changing const-value async load to async reset on $driver$u_control_shell.u_dtm.i_dmi_cdc.i_cdc_resp.i_cdc_reset_ctrlr.i_cdc_reset_ctrlr_half_b.initiator_state_q ($aldff) from module agriasic_digital_rv32i_top.
Changing const-value async load to async reset on $driver$u_control_shell.u_dtm.i_dmi_cdc.i_cdc_resp.i_cdc_reset_ctrlr.i_cdc_reset_ctrlr_half_b.i_state_transition_cdc_src.i_sync.reg_q ($aldff) from module agriasic_digital_rv32i_top.
Changing const-value async load to async reset on $driver$u_control_shell.u_dtm.i_dmi_cdc.i_cdc_resp.i_cdc_reset_ctrlr.i_cdc_reset_ctrlr_half_b.i_state_transition_cdc_src.state_q ($aldff) from module agriasic_digital_rv32i_top.
Changing const-value async load to async reset on $driver$u_control_shell.u_dtm.i_dmi_cdc.i_cdc_resp.i_cdc_reset_ctrlr.i_cdc_reset_ctrlr_half_b.i_state_transition_cdc_src.req_src_q ($aldff) from module agriasic_digital_rv32i_top.
Changing const-value async load to async reset on $driver$u_control_shell.u_dtm.i_dmi_cdc.i_cdc_resp.i_cdc_reset_ctrlr.i_cdc_reset_ctrlr_half_b.i_state_transition_cdc_src.data_src_q ($aldff) from module agriasic_digital_rv32i_top.
Changing const-value async load to async reset on $driver$u_control_shell.u_dtm.i_dmi_cdc.i_cdc_resp.i_cdc_reset_ctrlr.i_cdc_reset_ctrlr_half_b.i_state_transition_cdc_dst.i_sync.reg_q ($aldff) from module agriasic_digital_rv32i_top.
Changing const-value async load to async reset on $driver$u_control_shell.u_dtm.i_dmi_cdc.i_cdc_resp.i_cdc_reset_ctrlr.i_cdc_reset_ctrlr_half_b.i_state_transition_cdc_dst.state_q ($aldff) from module agriasic_digital_rv32i_top.
Changing const-value async load to async reset on $driver$u_control_shell.u_dtm.i_dmi_cdc.i_cdc_resp.i_cdc_reset_ctrlr.i_cdc_reset_ctrlr_half_b.i_state_transition_cdc_dst.ack_dst_q ($aldff) from module agriasic_digital_rv32i_top.
Changing const-value async load to async reset on $driver$u_control_shell.u_dtm.i_dmi_cdc.i_cdc_resp.i_cdc_reset_ctrlr.i_cdc_reset_ctrlr_half_b.receiver_phase_q ($aldff) from module agriasic_digital_rv32i_top.
Changing const-value async load to async reset on $driver$u_control_shell.u_dtm.i_dmi_cdc.i_cdc_resp.s_src_clear_ack_q ($aldff) from module agriasic_digital_rv32i_top.
Changing const-value async load to async reset on $driver$u_control_shell.u_dtm.i_dmi_cdc.i_cdc_resp.s_src_isolate_ack_q ($aldff) from module agriasic_digital_rv32i_top.
Changing const-value async load to async reset on $driver$u_control_shell.u_dtm.i_dmi_cdc.i_cdc_resp.s_dst_clear_ack_q ($aldff) from module agriasic_digital_rv32i_top.
Changing const-value async load to async reset on $driver$u_control_shell.u_dtm.i_dmi_cdc.i_cdc_resp.s_dst_isolate_ack_q ($aldff) from module agriasic_digital_rv32i_top.
Changing const-value async load to async reset on $driver$u_control_shell.u_dtm.i_dmi_cdc.core_clear_pending_q ($aldff) from module agriasic_digital_rv32i_top.
Changing const-value async load to async reset on $driver$u_control_shell.u_dtm.i_dmi_cdc.core_dmi_rst_nq ($aldff) from module agriasic_digital_rv32i_top.
Changing const-value async load to async reset on $driver$u_control_shell.u_dm.i_dm_csrs.i_fifo.read_pointer_q ($aldff) from module agriasic_digital_rv32i_top.
Changing const-value async load to async reset on $driver$u_control_shell.u_dm.i_dm_csrs.i_fifo.write_pointer_q ($aldff) from module agriasic_digital_rv32i_top.
Changing const-value async load to async reset on $driver$u_control_shell.u_dm.i_dm_csrs.i_fifo.status_cnt_q ($aldff) from module agriasic_digital_rv32i_top.
Changing const-value async load to async reset on $driver$u_control_shell.u_dm.i_dm_csrs.i_fifo.mem_q[0] ($aldff) from module agriasic_digital_rv32i_top.
Changing const-value async load to async reset on $driver$u_control_shell.u_dm.i_dm_csrs.i_fifo.mem_q[1] ($aldff) from module agriasic_digital_rv32i_top.
Changing const-value async load to async reset on $driver$u_control_shell.u_dm.i_dm_csrs.dmcontrol_q.haltreq ($aldff) from module agriasic_digital_rv32i_top.
Changing const-value async load to async reset on $driver$u_control_shell.u_dm.i_dm_csrs.dmcontrol_q.resumereq ($aldff) from module agriasic_digital_rv32i_top.
Changing const-value async load to async reset on $driver$u_control_shell.u_dm.i_dm_csrs.dmcontrol_q.hartreset ($aldff) from module agriasic_digital_rv32i_top.
Changing const-value async load to async reset on $driver$u_control_shell.u_dm.i_dm_csrs.dmcontrol_q.ackhavereset ($aldff) from module agriasic_digital_rv32i_top.
Changing const-value async load to async reset on $driver$u_control_shell.u_dm.i_dm_csrs.dmcontrol_q.zero1 ($aldff) from module agriasic_digital_rv32i_top.
Changing const-value async load to async reset on $driver$u_control_shell.u_dm.i_dm_csrs.dmcontrol_q.hasel ($aldff) from module agriasic_digital_rv32i_top.
Changing const-value async load to async reset on $driver$u_control_shell.u_dm.i_dm_csrs.dmcontrol_q.hartsello ($aldff) from module agriasic_digital_rv32i_top.
Changing const-value async load to async reset on $driver$u_control_shell.u_dm.i_dm_csrs.dmcontrol_q.hartselhi ($aldff) from module agriasic_digital_rv32i_top.
Changing const-value async load to async reset on $driver$u_control_shell.u_dm.i_dm_csrs.dmcontrol_q.zero0 ($aldff) from module agriasic_digital_rv32i_top.
Changing const-value async load to async reset on $driver$u_control_shell.u_dm.i_dm_csrs.dmcontrol_q.setresethaltreq ($aldff) from module agriasic_digital_rv32i_top.
Changing const-value async load to async reset on $driver$u_control_shell.u_dm.i_dm_csrs.dmcontrol_q.clrresethaltreq ($aldff) from module agriasic_digital_rv32i_top.
Changing const-value async load to async reset on $driver$u_control_shell.u_dm.i_dm_csrs.dmcontrol_q.ndmreset ($aldff) from module agriasic_digital_rv32i_top.
Changing const-value async load to async reset on $driver$u_control_shell.u_dm.i_dm_csrs.dmcontrol_q.dmactive ($aldff) from module agriasic_digital_rv32i_top.
Changing const-value async load to async reset on $driver$u_control_shell.u_dm.i_dm_csrs.cmderr_q ($aldff) from module agriasic_digital_rv32i_top.
Changing const-value async load to async reset on $driver$u_control_shell.u_dm.i_dm_csrs.command_q.cmdtype ($aldff) from module agriasic_digital_rv32i_top.
Changing const-value async load to async reset on $driver$u_control_shell.u_dm.i_dm_csrs.command_q.control ($aldff) from module agriasic_digital_rv32i_top.
Changing const-value async load to async reset on $driver$u_control_shell.u_dm.i_dm_csrs.cmd_valid_q ($aldff) from module agriasic_digital_rv32i_top.
Changing const-value async load to async reset on $driver$u_control_shell.u_dm.i_dm_csrs.abstractauto_q.autoexecprogbuf ($aldff) from module agriasic_digital_rv32i_top.
Changing const-value async load to async reset on $driver$u_control_shell.u_dm.i_dm_csrs.abstractauto_q.zero0 ($aldff) from module agriasic_digital_rv32i_top.
Changing const-value async load to async reset on $driver$u_control_shell.u_dm.i_dm_csrs.abstractauto_q.autoexecdata ($aldff) from module agriasic_digital_rv32i_top.
Changing const-value async load to async reset on $driver$u_control_shell.u_dm.i_dm_csrs.sbcs_q.sbversion ($aldff) from module agriasic_digital_rv32i_top.
Changing const-value async load to async reset on $driver$u_control_shell.u_dm.i_dm_csrs.sbcs_q.zero0 ($aldff) from module agriasic_digital_rv32i_top.
Changing const-value async load to async reset on $driver$u_control_shell.u_dm.i_dm_csrs.sbcs_q.sbbusyerror ($aldff) from module agriasic_digital_rv32i_top.
Changing const-value async load to async reset on $driver$u_control_shell.u_dm.i_dm_csrs.sbcs_q.sbbusy ($aldff) from module agriasic_digital_rv32i_top.
Changing const-value async load to async reset on $driver$u_control_shell.u_dm.i_dm_csrs.sbcs_q.sbreadonaddr ($aldff) from module agriasic_digital_rv32i_top.
Changing const-value async load to async reset on $driver$u_control_shell.u_dm.i_dm_csrs.sbcs_q.sbaccess ($aldff) from module agriasic_digital_rv32i_top.
Changing const-value async load to async reset on $driver$u_control_shell.u_dm.i_dm_csrs.sbcs_q.sbautoincrement ($aldff) from module agriasic_digital_rv32i_top.
Changing const-value async load to async reset on $driver$u_control_shell.u_dm.i_dm_csrs.sbcs_q.sbreadondata ($aldff) from module agriasic_digital_rv32i_top.
Changing const-value async load to async reset on $driver$u_control_shell.u_dm.i_dm_csrs.sbcs_q.sberror ($aldff) from module agriasic_digital_rv32i_top.
Changing const-value async load to async reset on $driver$u_control_shell.u_dm.i_dm_csrs.sbcs_q.sbasize ($aldff) from module agriasic_digital_rv32i_top.
Changing const-value async load to async reset on $driver$u_control_shell.u_dm.i_dm_csrs.sbcs_q.sbaccess128 ($aldff) from module agriasic_digital_rv32i_top.
Changing const-value async load to async reset on $driver$u_control_shell.u_dm.i_dm_csrs.sbcs_q.sbaccess64 ($aldff) from module agriasic_digital_rv32i_top.
Changing const-value async load to async reset on $driver$u_control_shell.u_dm.i_dm_csrs.sbcs_q.sbaccess32 ($aldff) from module agriasic_digital_rv32i_top.
Changing const-value async load to async reset on $driver$u_control_shell.u_dm.i_dm_csrs.sbcs_q.sbaccess16 ($aldff) from module agriasic_digital_rv32i_top.
Changing const-value async load to async reset on $driver$u_control_shell.u_dm.i_dm_csrs.sbcs_q.sbaccess8 ($aldff) from module agriasic_digital_rv32i_top.
Changing const-value async load to async reset on $driver$u_control_shell.u_dm.i_dm_csrs.sbaddr_q ($aldff) from module agriasic_digital_rv32i_top.
Changing const-value async load to async reset on $driver$u_control_shell.u_dm.i_dm_csrs.sbdata_q ($aldff) from module agriasic_digital_rv32i_top.
Changing const-value async load to async reset on $driver$u_control_shell.u_dm.i_dm_csrs.havereset_q ($aldff) from module agriasic_digital_rv32i_top.
Changing const-value async load to async reset on $driver$u_control_shell.u_dm.i_dm_csrs.resume_pending_q ($aldff) from module agriasic_digital_rv32i_top.
Changing const-value async load to async reset on $driver$u_control_shell.u_dm.i_dm_csrs.progbuf_q[0] ($aldff) from module agriasic_digital_rv32i_top.
Changing const-value async load to async reset on $driver$u_control_shell.u_dm.i_dm_csrs.progbuf_q[1] ($aldff) from module agriasic_digital_rv32i_top.
Changing const-value async load to async reset on $driver$u_control_shell.u_dm.i_dm_csrs.progbuf_q[2] ($aldff) from module agriasic_digital_rv32i_top.
Changing const-value async load to async reset on $driver$u_control_shell.u_dm.i_dm_csrs.progbuf_q[3] ($aldff) from module agriasic_digital_rv32i_top.
Changing const-value async load to async reset on $driver$u_control_shell.u_dm.i_dm_csrs.progbuf_q[4] ($aldff) from module agriasic_digital_rv32i_top.
Changing const-value async load to async reset on $driver$u_control_shell.u_dm.i_dm_csrs.progbuf_q[5] ($aldff) from module agriasic_digital_rv32i_top.
Changing const-value async load to async reset on $driver$u_control_shell.u_dm.i_dm_csrs.progbuf_q[6] ($aldff) from module agriasic_digital_rv32i_top.
Changing const-value async load to async reset on $driver$u_control_shell.u_dm.i_dm_csrs.progbuf_q[7] ($aldff) from module agriasic_digital_rv32i_top.
Changing const-value async load to async reset on $driver$u_control_shell.u_dm.i_dm_csrs.data_q[0] ($aldff) from module agriasic_digital_rv32i_top.
Changing const-value async load to async reset on $driver$u_control_shell.u_dm.i_dm_csrs.data_q[1] ($aldff) from module agriasic_digital_rv32i_top.
Changing const-value async load to async reset on $driver$u_control_shell.u_dm.i_dm_sba.state_q ($aldff) from module agriasic_digital_rv32i_top.
Changing const-value async load to async reset on $driver$u_control_shell.u_dm.i_dm_mem.gen_rom_snd_scratch.i_debug_rom.addr_q ($aldff) from module agriasic_digital_rv32i_top.
Changing const-value async load to async reset on $driver$u_control_shell.u_dm.i_dm_mem.rdata_q ($aldff) from module agriasic_digital_rv32i_top.
Changing const-value async load to async reset on $driver$u_control_shell.u_dm.i_dm_mem.word_enable32_q ($aldff) from module agriasic_digital_rv32i_top.
Changing const-value async load to async reset on $driver$u_control_shell.u_dm.i_dm_mem.cmd_hartsel_q ($aldff) from module agriasic_digital_rv32i_top.
Changing const-value async load to async reset on $driver$u_control_shell.u_dm.i_dm_mem.fwd_rom_q ($aldff) from module agriasic_digital_rv32i_top.
Changing const-value async load to async reset on $driver$u_control_shell.u_dm.i_dm_mem.state_q ($aldff) from module agriasic_digital_rv32i_top.
Changing const-value async load to async reset on $driver$u_control_shell.u_dm.i_dm_mem.halted_q ($aldff) from module agriasic_digital_rv32i_top.
Changing const-value async load to async reset on $driver$u_control_shell.u_dm.i_dm_mem.resuming_q ($aldff) from module agriasic_digital_rv32i_top.
Changing const-value async load to async reset on $driver$u_control_shell.result_i_q ($aldff) from module agriasic_digital_rv32i_top.
Changing const-value async load to async reset on $driver$u_control_shell.result_q_q ($aldff) from module agriasic_digital_rv32i_top.
Changing const-value async load to async reset on $driver$u_measurement_top.u_excitation_ctrl.period_tick_o ($aldff) from module agriasic_digital_rv32i_top.
Changing const-value async load to async reset on $driver$u_measurement_top.u_excitation_ctrl.div_cnt_q ($aldff) from module agriasic_digital_rv32i_top.
Changing const-value async load to async reset on $driver$u_measurement_top.u_excitation_ctrl.phase_q ($aldff) from module agriasic_digital_rv32i_top.
Changing const-value async load to async reset on $driver$u_measurement_top.u_sar_controller.sample_done_o ($aldff) from module agriasic_digital_rv32i_top.
Changing const-value async load to async reset on $driver$u_measurement_top.u_sar_controller.busy_o ($aldff) from module agriasic_digital_rv32i_top.
Changing const-value async load to async reset on $driver$u_measurement_top.u_sar_controller.d_plus_o ($aldff) from module agriasic_digital_rv32i_top.
Changing const-value async load to async reset on $driver$u_measurement_top.u_sar_controller.d_minus_o ($aldff) from module agriasic_digital_rv32i_top.
Changing const-value async load to async reset on $driver$u_measurement_top.u_sar_controller.adc_enable_o ($aldff) from module agriasic_digital_rv32i_top.
Changing const-value async load to async reset on $driver$u_measurement_top.u_sar_controller.adc_sample_o ($aldff) from module agriasic_digital_rv32i_top.
Changing const-value async load to async reset on $driver$u_measurement_top.u_sar_controller.state_q ($aldff) from module agriasic_digital_rv32i_top.
Changing const-value async load to async reset on $driver$u_measurement_top.u_sar_controller.bit_idx_q ($aldff) from module agriasic_digital_rv32i_top.
Changing const-value async load to async reset on $driver$u_measurement_top.u_sar_controller.dac_reg_q ($aldff) from module agriasic_digital_rv32i_top.
Changing const-value async load to async reset on $driver$u_measurement_top.u_sar_controller.regen_cnt_q ($aldff) from module agriasic_digital_rv32i_top.
Changing const-value async load to async reset on $driver$u_measurement_top.u_sar_controller.phase_q ($aldff) from module agriasic_digital_rv32i_top.
Changing const-value async load to async reset on $driver$u_measurement_top.u_measurement_fsm.state_q ($aldff) from module agriasic_digital_rv32i_top.
Changing const-value async load to async reset on $driver$u_measurement_top.u_measurement_fsm.pair_count_q ($aldff) from module agriasic_digital_rv32i_top.
Changing const-value async load to async reset on $driver$u_measurement_top.u_measurement_fsm.i_acc_q ($aldff) from module agriasic_digital_rv32i_top.
Changing const-value async load to async reset on $driver$u_measurement_top.u_measurement_fsm.q_acc_q ($aldff) from module agriasic_digital_rv32i_top.
Changing const-value async load to async reset on $driver$u_measurement_top.u_measurement_fsm.i_shadow_q ($aldff) from module agriasic_digital_rv32i_top.
Changing const-value async load to async reset on $driver$u_measurement_top.u_measurement_fsm.q_shadow_q ($aldff) from module agriasic_digital_rv32i_top.
Changing const-value async load to async reset on $driver$u_measurement_top.u_measurement_fsm.settle_count_q ($aldff) from module agriasic_digital_rv32i_top.

4.7. Executing OPT_CLEAN pass (remove unused cells and wires).
Finding unused cells or wires in module \agriasic_digital_rv32i_top..
Removed 400 unused cells and 10580 unused wires.
<suppressed ~2836 debug messages>

4.8. Executing OPT_EXPR pass (perform const folding).
Optimizing module agriasic_digital_rv32i_top.
<suppressed ~193 debug messages>

4.9. Rerunning OPT passes. (Maybe there is more to do..)

4.10. Executing OPT_MUXTREE pass (detect dead branches in mux trees).
Running muxtree optimizer on module \agriasic_digital_rv32i_top..
  Creating internal representation of mux trees.
  Evaluating internal representation of mux trees.
  Analyzing evaluation results.
    dead port 1/10 on $pmux $procmux$10102.
    dead port 2/10 on $pmux $procmux$10102.
    dead port 3/10 on $pmux $procmux$10102.
    dead port 1/8 on $pmux $procmux$10034.
    dead port 2/8 on $pmux $procmux$10034.
    dead port 3/8 on $pmux $procmux$10034.
    dead port 1/3 on $pmux $procmux$9171.
    dead port 1/6 on $pmux $procmux$9133.
    dead port 4/6 on $pmux $procmux$9133.
    dead port 1/2 on $mux $procmux$1084.
    dead port 2/2 on $mux $procmux$1084.
    dead port 2/2 on $mux $procmux$1075.
    dead port 2/2 on $mux $procmux$5484.
    dead port 1/2 on $mux $procmux$2689.
    dead port 2/2 on $mux $procmux$2689.
    dead port 1/2 on $mux $procmux$7261.
    dead port 2/2 on $mux $procmux$7261.
    dead port 1/2 on $mux $procmux$7226.
    dead port 2/2 on $mux $procmux$7226.
    dead port 1/2 on $mux $procmux$7212.
    dead port 2/2 on $mux $procmux$7212.
    dead port 1/5 on $pmux $procmux$8977.
    dead port 2/5 on $pmux $procmux$8977.
    dead port 3/5 on $pmux $procmux$8977.
    dead port 2/2 on $mux $104.
Removed 25 multiplexer ports.
<suppressed ~2847 debug messages>

4.11. Executing OPT_REDUCE pass (consolidate $*mux and $reduce_* inputs).
  Optimizing cells in module \agriasic_digital_rv32i_top.
    New ctrl vector for $pmux cell $procmux$6606: { $auto$opt_reduce.cc:137:opt_pmux$16799 $auto$opt_reduce.cc:137:opt_pmux$16801 }
    New ctrl vector for $pmux cell $procmux$8921: { $procmux$8936_CTRL $procmux$8935_CTRL $procmux$8934_CTRL $procmux$8931_CTRL }
    New ctrl vector for $pmux cell $procmux$2036: { $auto$opt_reduce.cc:137:opt_pmux$17009 $6283y $auto$opt_reduce.cc:137:opt_pmux$17007 $6264y }
    New ctrl vector for $pmux cell $procmux$8874: { $auto$opt_reduce.cc:137:opt_pmux$17011 $auto$opt_reduce.cc:137:opt_pmux$16915 }
    New ctrl vector for $pmux cell $procmux$15406: { $procmux$15408_CMP $procmux$15409_CMP $procmux$15410_CMP }
    New ctrl vector for $pmux cell $procmux$4336: $auto$opt_reduce.cc:137:opt_pmux$17013
    New ctrl vector for $pmux cell $procmux$247: { $auto$opt_reduce.cc:137:opt_pmux$17015 $procmux$236_CMP $procmux$244_CMP $procmux$256_CMP }
    New ctrl vector for $pmux cell $procmux$3348: $auto$opt_reduce.cc:137:opt_pmux$17017
    New ctrl vector for $pmux cell $procmux$3339: $auto$opt_reduce.cc:137:opt_pmux$17019
    New ctrl vector for $pmux cell $procmux$288: $auto$opt_reduce.cc:137:opt_pmux$17021
    New ctrl vector for $pmux cell $procmux$3252: { $5130y $5169y $procmux$3089_CMP }
    New ctrl vector for $pmux cell $procmux$6687: { $procmux$6659_CMP $procmux$6173_CMP $procmux$6652_CMP $procmux$6442_CMP $procmux$6220_CMP $procmux$6420_CMP $procmux$6342_CMP $procmux$6399_CMP $procmux$6379_CMP $procmux$6360_CMP $procmux$6644_CMP $procmux$6148_CMP $procmux$6291_CMP $procmux$6276_CMP $procmux$6262_CMP $procmux$6231_CMP $procmux$6618_CTRL $auto$opt_reduce.cc:137:opt_pmux$17025 $auto$opt_reduce.cc:137:opt_pmux$17023 $procmux$6181_CMP }
    New ctrl vector for $pmux cell $procmux$8429: { $2852y $auto$opt_reduce.cc:137:opt_pmux$16947 }
    New ctrl vector for $pmux cell $procmux$10034: { $auto$opt_reduce.cc:137:opt_pmux$17027 \u_control_shell.u_core.u_ibex_core.id_stage_i.controller_i.illegal_insn_prio \u_control_shell.u_core.u_ibex_core.id_stage_i.controller_i.instr_fetch_err_prio }
    New ctrl vector for $pmux cell $procmux$8415: { $procmux$7370_CMP $auto$opt_reduce.cc:137:opt_pmux$16949 }
    New ctrl vector for $pmux cell $procmux$8379: { $procmux$7329_CMP $procmux$7370_CMP $procmux$7410_CMP $procmux$7502_CMP $2852y }
    New ctrl vector for $pmux cell $procmux$8367: { $auto$opt_reduce.cc:137:opt_pmux$17029 $2852y }
    New ctrl vector for $pmux cell $procmux$10677: $procmux$10000_CMP
    New ctrl vector for $pmux cell $procmux$2292: { $6292y $6286y $6285y $6284y $6283y $6282y $6281y $6280y $6279y $6268y $6263y $6262y $6260y $6259y $6192y $6247y }
    New ctrl vector for $pmux cell $procmux$1391: { $auto$opt_reduce.cc:137:opt_pmux$17031 $6283y }
    New ctrl vector for $pmux cell $procmux$316: $auto$opt_reduce.cc:137:opt_pmux$17033
    New ctrl vector for $pmux cell $procmux$322: $auto$opt_reduce.cc:137:opt_pmux$17035
    New ctrl vector for $pmux cell $procmux$10699: $procmux$10000_CMP
    New ctrl vector for $pmux cell $procmux$2184: { $auto$opt_reduce.cc:137:opt_pmux$17037 $6264y $6262y }
    New ctrl vector for $pmux cell $procmux$15231: $auto$opt_reduce.cc:137:opt_pmux$17039
    New ctrl vector for $pmux cell $procmux$1175: { $auto$opt_reduce.cc:137:opt_pmux$17045 $procmux$1177_CMP $procmux$1178_CMP $procmux$1179_CMP $auto$opt_reduce.cc:137:opt_pmux$17043 $procmux$1182_CMP $procmux$1184_CMP $procmux$1185_CMP $procmux$1186_CMP $auto$opt_reduce.cc:137:opt_pmux$17041 $procmux$1189_CMP $procmux$1191_CMP }
    New ctrl vector for $pmux cell $procmux$15353: { $procmux$13648_CMP $auto$opt_reduce.cc:137:opt_pmux$17047 }
    New ctrl vector for $pmux cell $procmux$7538: { $procmux$7329_CMP $procmux$7370_CMP $procmux$7410_CMP $procmux$7502_CMP $2852y }
    New ctrl vector for $pmux cell $procmux$2333: { $auto$opt_reduce.cc:137:opt_pmux$17051 $auto$opt_reduce.cc:137:opt_pmux$17049 }
    New ctrl vector for $pmux cell $procmux$2647: $auto$opt_reduce.cc:137:opt_pmux$17053
    New ctrl vector for $pmux cell $procmux$2613: $auto$opt_reduce.cc:137:opt_pmux$17055
    New input vector for $reduce_or cell $auto$opt_reduce.cc:131:opt_pmux$17022: { $procmux$6614_CMP $procmux$6198_CMP }
    New input vector for $reduce_or cell $auto$opt_reduce.cc:131:opt_pmux$17024: { $procmux$6615_CMP $procmux$6208_CMP }
  Optimizing cells in module \agriasic_digital_rv32i_top.
Performed a total of 33 changes.

4.12. Executing OPT_MERGE pass (detect identical cells).
Finding identical cells in module `\agriasic_digital_rv32i_top'.
Computing hashes of 3681 cells of `\agriasic_digital_rv32i_top'.
Finding duplicate cells in `\agriasic_digital_rv32i_top'.
Computing hashes of 3621 cells of `\agriasic_digital_rv32i_top'.
Finding duplicate cells in `\agriasic_digital_rv32i_top'.
Computing hashes of 3617 cells of `\agriasic_digital_rv32i_top'.
Finding duplicate cells in `\agriasic_digital_rv32i_top'.
Computing hashes of 3616 cells of `\agriasic_digital_rv32i_top'.
Finding duplicate cells in `\agriasic_digital_rv32i_top'.
<suppressed ~195 debug messages>
Removed a total of 65 cells.

4.13. Executing OPT_DFF pass (perform DFF optimizations).
Adding EN signal on $driver$u_control_shell.u_dtm.i_dmi_cdc.i_cdc_req.i_dst.data_dst_q.op ($dff) from module agriasic_digital_rv32i_top (D = \u_control_shell.u_dtm.i_dmi_cdc.i_cdc_req.i_src.data_src_q [33:32], Q = \u_control_shell.u_dtm.i_dmi_cdc.i_cdc_req.i_dst.data_dst_q [33:32]).
Adding EN signal on $driver$u_control_shell.u_dtm.i_dmi_cdc.i_cdc_req.i_dst.data_dst_q.data ($dff) from module agriasic_digital_rv32i_top (D = \u_control_shell.u_dtm.i_dmi_cdc.i_cdc_req.i_src.data_src_q [31:0], Q = \u_control_shell.u_dtm.i_dmi_cdc.i_cdc_req.i_dst.data_dst_q [31:0]).
Adding EN signal on $driver$u_control_shell.u_dtm.i_dmi_cdc.i_cdc_req.i_dst.data_dst_q.addr ($dff) from module agriasic_digital_rv32i_top (D = \u_control_shell.u_dtm.i_dmi_cdc.i_cdc_req.i_src.data_src_q [40:34], Q = \u_control_shell.u_dtm.i_dmi_cdc.i_cdc_req.i_dst.data_dst_q [40:34]).
Adding EN signal on $driver$u_control_shell.u_dtm.i_dmi_cdc.i_cdc_req.i_dst.ack_dst_q ($adff) from module agriasic_digital_rv32i_top (D = \u_control_shell.u_dtm.i_dmi_cdc.i_cdc_req.i_dst.ack_dst_d, Q = \u_control_shell.u_dtm.i_dmi_cdc.i_cdc_req.i_dst.ack_dst_q).
Adding EN signal on $driver$u_control_shell.u_dtm.i_dmi_cdc.i_cdc_req.i_cdc_reset_ctrlr.i_cdc_reset_ctrlr_half_a.initiator_state_q ($adff) from module agriasic_digital_rv32i_top (D = \u_control_shell.u_dtm.i_dmi_cdc.i_cdc_req.i_cdc_reset_ctrlr.i_cdc_reset_ctrlr_half_a.initiator_state_d, Q = \u_control_shell.u_dtm.i_dmi_cdc.i_cdc_req.i_cdc_reset_ctrlr.i_cdc_reset_ctrlr_half_a.initiator_state_q).
Adding EN signal on $driver$u_control_shell.u_dtm.i_dmi_cdc.i_cdc_req.i_cdc_reset_ctrlr.i_cdc_reset_ctrlr_half_a.i_state_transition_cdc_src.state_q ($adff) from module agriasic_digital_rv32i_top (D = \u_control_shell.u_dtm.i_dmi_cdc.i_cdc_req.i_cdc_reset_ctrlr.i_cdc_reset_ctrlr_half_a.i_state_transition_cdc_src.state_d, Q = \u_control_shell.u_dtm.i_dmi_cdc.i_cdc_req.i_cdc_reset_ctrlr.i_cdc_reset_ctrlr_half_a.i_state_transition_cdc_src.state_q).
Adding EN signal on $driver$u_control_shell.u_core.u_ibex_core.if_stage_i.gen_prefetch_buffer.prefetch_buffer_i.fifo_i.instr_addr_q ($dff) from module agriasic_digital_rv32i_top (D = \u_control_shell.u_core.u_ibex_core.if_stage_i.gen_prefetch_buffer.prefetch_buffer_i.fifo_i.instr_addr_d, Q = \u_control_shell.u_core.u_ibex_core.if_stage_i.gen_prefetch_buffer.prefetch_buffer_i.fifo_i.instr_addr_q).
Adding EN signal on $driver$u_measurement_top.u_measurement_fsm.state_q ($adff) from module agriasic_digital_rv32i_top (D = \u_measurement_top.u_measurement_fsm.state_d, Q = \u_measurement_top.u_measurement_fsm.state_q).
Adding EN signal on $driver$u_control_shell.u_dtm.i_dmi_cdc.i_cdc_req.i_cdc_reset_ctrlr.i_cdc_reset_ctrlr_half_a.i_state_transition_cdc_src.data_src_q ($adff) from module agriasic_digital_rv32i_top (D = \u_control_shell.u_dtm.i_dmi_cdc.i_cdc_req.i_cdc_reset_ctrlr.i_cdc_reset_ctrlr_half_a.i_state_transition_cdc_src.data_i, Q = \u_control_shell.u_dtm.i_dmi_cdc.i_cdc_req.i_cdc_reset_ctrlr.i_cdc_reset_ctrlr_half_a.i_state_transition_cdc_src.data_src_q).
Adding EN signal on $driver$u_control_shell.u_dtm.i_dmi_cdc.i_cdc_req.i_cdc_reset_ctrlr.i_cdc_reset_ctrlr_half_a.i_state_transition_cdc_dst.state_q ($adff) from module agriasic_digital_rv32i_top (D = \u_control_shell.u_dtm.i_dmi_cdc.i_cdc_req.i_cdc_reset_ctrlr.i_cdc_reset_ctrlr_half_a.i_state_transition_cdc_dst.state_d, Q = \u_control_shell.u_dtm.i_dmi_cdc.i_cdc_req.i_cdc_reset_ctrlr.i_cdc_reset_ctrlr_half_a.i_state_transition_cdc_dst.state_q).
Adding EN signal on $driver$u_control_shell.u_core.u_ibex_core.if_stage_i.gen_prefetch_buffer.prefetch_buffer_i.fifo_i.rdata_q[0] ($dff) from module agriasic_digital_rv32i_top (D = \u_control_shell.u_core.u_ibex_core.if_stage_i.gen_prefetch_buffer.prefetch_buffer_i.fifo_i.rdata_d [31:0], Q = \u_control_shell.u_core.u_ibex_core.if_stage_i.gen_prefetch_buffer.prefetch_buffer_i.fifo_i.rdata_q [31:0]).
Adding EN signal on $driver$u_control_shell.u_core.u_ibex_core.if_stage_i.gen_prefetch_buffer.prefetch_buffer_i.fifo_i.err_q[0:0] ($dff) from module agriasic_digital_rv32i_top (D = \u_control_shell.u_core.u_ibex_core.if_stage_i.gen_prefetch_buffer.prefetch_buffer_i.fifo_i.err_d [0], Q = \u_control_shell.u_core.u_ibex_core.if_stage_i.gen_prefetch_buffer.prefetch_buffer_i.fifo_i.err_q [0]).
Adding EN signal on $driver$u_control_shell.u_core.u_ibex_core.if_stage_i.gen_prefetch_buffer.prefetch_buffer_i.fifo_i.rdata_q[1] ($dff) from module agriasic_digital_rv32i_top (D = \u_control_shell.u_core.u_ibex_core.if_stage_i.gen_prefetch_buffer.prefetch_buffer_i.fifo_i.rdata_d [63:32], Q = \u_control_shell.u_core.u_ibex_core.if_stage_i.gen_prefetch_buffer.prefetch_buffer_i.fifo_i.rdata_q [63:32]).
Adding EN signal on $driver$u_control_shell.u_core.u_ibex_core.if_stage_i.gen_prefetch_buffer.prefetch_buffer_i.fifo_i.err_q[1:1] ($dff) from module agriasic_digital_rv32i_top (D = \u_control_shell.u_core.u_ibex_core.if_stage_i.gen_prefetch_buffer.prefetch_buffer_i.fifo_i.err_d [1], Q = \u_control_shell.u_core.u_ibex_core.if_stage_i.gen_prefetch_buffer.prefetch_buffer_i.fifo_i.err_q [1]).
Adding EN signal on $driver$u_control_shell.u_core.u_ibex_core.if_stage_i.gen_prefetch_buffer.prefetch_buffer_i.fifo_i.rdata_q[2] ($dff) from module agriasic_digital_rv32i_top (D = \u_control_shell.u_core.u_ibex_core.if_stage_i.gen_prefetch_buffer.prefetch_buffer_i.fifo_i.in_rdata_i, Q = \u_control_shell.u_core.u_ibex_core.if_stage_i.gen_prefetch_buffer.prefetch_buffer_i.fifo_i.rdata_q [95:64]).
Adding EN signal on $driver$u_control_shell.u_core.u_ibex_core.if_stage_i.gen_prefetch_buffer.prefetch_buffer_i.fifo_i.err_q[2:2] ($dff) from module agriasic_digital_rv32i_top (D = \u_control_shell.u_core.u_ibex_core.if_stage_i.gen_prefetch_buffer.prefetch_buffer_i.fifo_i.in_err_i, Q = \u_control_shell.u_core.u_ibex_core.if_stage_i.gen_prefetch_buffer.prefetch_buffer_i.fifo_i.err_q [2]).
Adding EN signal on $driver$u_control_shell.u_core.u_ibex_core.if_stage_i.gen_prefetch_buffer.prefetch_buffer_i.stored_addr_q ($dff) from module agriasic_digital_rv32i_top (D = $299y [1:0], Q = \u_control_shell.u_core.u_ibex_core.if_stage_i.gen_prefetch_buffer.prefetch_buffer_i.stored_addr_q [1:0]).
Adding EN signal on $driver$u_control_shell.u_core.u_ibex_core.if_stage_i.gen_prefetch_buffer.prefetch_buffer_i.stored_addr_q ($dff) from module agriasic_digital_rv32i_top (D = \u_control_shell.u_core.u_ibex_core.if_stage_i.gen_prefetch_buffer.prefetch_buffer_i.stored_addr_d [31:2], Q = \u_control_shell.u_core.u_ibex_core.if_stage_i.gen_prefetch_buffer.prefetch_buffer_i.stored_addr_q [31:2]).
Adding EN signal on $driver$u_control_shell.u_core.u_ibex_core.if_stage_i.gen_prefetch_buffer.prefetch_buffer_i.fetch_addr_q ($dff) from module agriasic_digital_rv32i_top (D = \u_control_shell.u_core.u_ibex_core.if_stage_i.gen_prefetch_buffer.prefetch_buffer_i.fetch_addr_d, Q = \u_control_shell.u_core.u_ibex_core.if_stage_i.gen_prefetch_buffer.prefetch_buffer_i.fetch_addr_q).
Adding EN signal on $driver$u_control_shell.u_dtm.i_dmi_cdc.i_cdc_req.i_cdc_reset_ctrlr.i_cdc_reset_ctrlr_half_a.receiver_phase_q ($adff) from module agriasic_digital_rv32i_top (D = \u_control_shell.u_dtm.i_dmi_cdc.i_cdc_req.i_cdc_reset_ctrlr.i_cdc_reset_ctrlr_half_b.i_state_transition_cdc_src.data_src_q, Q = \u_control_shell.u_dtm.i_dmi_cdc.i_cdc_req.i_cdc_reset_ctrlr.i_cdc_reset_ctrlr_half_a.receiver_phase_q).
Adding EN signal on $driver$u_control_shell.u_dtm.i_dmi_cdc.i_cdc_req.i_cdc_reset_ctrlr.i_cdc_reset_ctrlr_half_b.initiator_state_q ($adff) from module agriasic_digital_rv32i_top (D = \u_control_shell.u_dtm.i_dmi_cdc.i_cdc_req.i_cdc_reset_ctrlr.i_cdc_reset_ctrlr_half_b.initiator_state_d, Q = \u_control_shell.u_dtm.i_dmi_cdc.i_cdc_req.i_cdc_reset_ctrlr.i_cdc_reset_ctrlr_half_b.initiator_state_q).
Adding EN signal on $driver$u_control_shell.u_mmio.meas_done_q ($adff) from module agriasic_digital_rv32i_top (D = $procmux$4583_Y, Q = \u_control_shell.u_mmio.meas_done_q).
Adding EN signal on $driver$u_control_shell.u_dtm.i_dmi_cdc.i_cdc_req.i_cdc_reset_ctrlr.i_cdc_reset_ctrlr_half_b.i_state_transition_cdc_src.state_q ($adff) from module agriasic_digital_rv32i_top (D = \u_control_shell.u_dtm.i_dmi_cdc.i_cdc_req.i_cdc_reset_ctrlr.i_cdc_reset_ctrlr_half_b.i_state_transition_cdc_src.state_d, Q = \u_control_shell.u_dtm.i_dmi_cdc.i_cdc_req.i_cdc_reset_ctrlr.i_cdc_reset_ctrlr_half_b.i_state_transition_cdc_src.state_q).
Adding EN signal on $driver$u_control_shell.u_dtm.i_dmi_cdc.i_cdc_req.i_src.req_src_q ($adff) from module agriasic_digital_rv32i_top (D = \u_control_shell.u_dtm.i_dmi_cdc.i_cdc_req.i_src.req_src_d, Q = \u_control_shell.u_dtm.i_dmi_cdc.i_cdc_req.i_src.req_src_q).
Adding EN signal on $driver$u_control_shell.u_dtm.i_dmi_cdc.i_cdc_req.i_cdc_reset_ctrlr.i_cdc_reset_ctrlr_half_b.i_state_transition_cdc_src.data_src_q ($adff) from module agriasic_digital_rv32i_top (D = \u_control_shell.u_dtm.i_dmi_cdc.i_cdc_req.i_cdc_reset_ctrlr.i_cdc_reset_ctrlr_half_b.i_state_transition_cdc_src.data_i, Q = \u_control_shell.u_dtm.i_dmi_cdc.i_cdc_req.i_cdc_reset_ctrlr.i_cdc_reset_ctrlr_half_b.i_state_transition_cdc_src.data_src_q).
Adding EN signal on $driver$u_control_shell.u_dtm.i_dmi_cdc.i_cdc_req.i_src.data_src_q.data ($dff) from module agriasic_digital_rv32i_top (D = \u_control_shell.u_dtm.data_q, Q = \u_control_shell.u_dtm.i_dmi_cdc.i_cdc_req.i_src.data_src_q [31:0]).
Adding EN signal on $driver$u_control_shell.u_dtm.i_dmi_cdc.i_cdc_req.i_src.data_src_q.op ($dff) from module agriasic_digital_rv32i_top (D = \u_control_shell.u_dtm.i_dmi_cdc.i_cdc_req.i_src.data_i [33:32], Q = \u_control_shell.u_dtm.i_dmi_cdc.i_cdc_req.i_src.data_src_q [33:32]).
Adding EN signal on $driver$u_control_shell.u_dtm.i_dmi_cdc.i_cdc_req.i_cdc_reset_ctrlr.i_cdc_reset_ctrlr_half_b.i_state_transition_cdc_dst.state_q ($adff) from module agriasic_digital_rv32i_top (D = \u_control_shell.u_dtm.i_dmi_cdc.i_cdc_req.i_cdc_reset_ctrlr.i_cdc_reset_ctrlr_half_b.i_state_transition_cdc_dst.state_d, Q = \u_control_shell.u_dtm.i_dmi_cdc.i_cdc_req.i_cdc_reset_ctrlr.i_cdc_reset_ctrlr_half_b.i_state_transition_cdc_dst.state_q).
Adding EN signal on $driver$u_measurement_top.u_measurement_fsm.pair_count_q ($adff) from module agriasic_digital_rv32i_top (D = \u_measurement_top.u_measurement_fsm.pair_count_d, Q = \u_measurement_top.u_measurement_fsm.pair_count_q).
Adding EN signal on $driver$u_control_shell.u_dtm.i_dmi_cdc.i_cdc_req.i_src.data_src_q.addr ($dff) from module agriasic_digital_rv32i_top (D = \u_control_shell.u_dtm.address_q, Q = \u_control_shell.u_dtm.i_dmi_cdc.i_cdc_req.i_src.data_src_q [40:34]).
Adding EN signal on $driver$u_control_shell.u_core.u_ibex_core.if_stage_i.instr_rdata_id_o ($dff) from module agriasic_digital_rv32i_top (D = \u_control_shell.u_core.u_ibex_core.if_stage_i.instr_out, Q = \u_control_shell.u_core.u_ibex_core.if_stage_i.instr_rdata_id_o).
Adding EN signal on $driver$u_control_shell.u_core.u_ibex_core.if_stage_i.instr_rdata_alu_id_o ($dff) from module agriasic_digital_rv32i_top (D = \u_control_shell.u_core.u_ibex_core.if_stage_i.instr_out, Q = \u_control_shell.u_core.u_ibex_core.if_stage_i.instr_rdata_alu_id_o).
Adding EN signal on $driver$u_control_shell.u_core.u_ibex_core.if_stage_i.instr_rdata_c_id_o ($dff) from module agriasic_digital_rv32i_top (D = \u_control_shell.u_core.u_ibex_core.if_stage_i.compressed_decoder_i.instr_i [15:0], Q = \u_control_shell.u_core.u_ibex_core.if_stage_i.instr_rdata_c_id_o).
Adding EN signal on $driver$u_control_shell.u_core.u_ibex_core.if_stage_i.instr_is_compressed_id_o ($dff) from module agriasic_digital_rv32i_top (D = \u_control_shell.u_core.u_ibex_core.if_stage_i.instr_is_compressed, Q = \u_control_shell.u_core.u_ibex_core.if_stage_i.instr_is_compressed_id_o).
Adding EN signal on $driver$u_control_shell.u_core.u_ibex_core.if_stage_i.instr_gets_expanded_id_o ($dff) from module agriasic_digital_rv32i_top (D = 2'00, Q = \u_control_shell.u_core.u_ibex_core.if_stage_i.instr_gets_expanded_id_o).
Adding EN signal on $driver$u_control_shell.u_core.u_ibex_core.if_stage_i.instr_fetch_err_o ($dff) from module agriasic_digital_rv32i_top (D = \u_control_shell.u_core.u_ibex_core.if_stage_i.instr_err_out, Q = \u_control_shell.u_core.u_ibex_core.if_stage_i.instr_fetch_err_o).
Adding EN signal on $driver$u_control_shell.u_core.u_ibex_core.if_stage_i.instr_fetch_err_plus2_o ($dff) from module agriasic_digital_rv32i_top (D = \u_control_shell.u_core.u_ibex_core.if_stage_i.if_instr_err_plus2, Q = \u_control_shell.u_core.u_ibex_core.if_stage_i.instr_fetch_err_plus2_o).
Adding EN signal on $driver$u_control_shell.u_core.u_ibex_core.if_stage_i.illegal_c_insn_id_o ($dff) from module agriasic_digital_rv32i_top (D = \u_control_shell.u_core.u_ibex_core.if_stage_i.illegal_c_instr_out, Q = \u_control_shell.u_core.u_ibex_core.if_stage_i.illegal_c_insn_id_o).
Adding EN signal on $driver$u_control_shell.u_core.u_ibex_core.if_stage_i.pc_id_o ($dff) from module agriasic_digital_rv32i_top (D = { \u_control_shell.u_core.u_ibex_core.if_stage_i.gen_prefetch_buffer.prefetch_buffer_i.fifo_i.instr_addr_q 1'0 }, Q = \u_control_shell.u_core.u_ibex_core.if_stage_i.pc_id_o).
Adding EN signal on $driver$u_control_shell.u_dtm.i_dmi_cdc.i_cdc_req.i_cdc_reset_ctrlr.i_cdc_reset_ctrlr_half_b.receiver_phase_q ($adff) from module agriasic_digital_rv32i_top (D = \u_control_shell.u_dtm.i_dmi_cdc.i_cdc_req.i_cdc_reset_ctrlr.i_cdc_reset_ctrlr_half_a.i_state_transition_cdc_src.data_src_q, Q = \u_control_shell.u_dtm.i_dmi_cdc.i_cdc_req.i_cdc_reset_ctrlr.i_cdc_reset_ctrlr_half_b.receiver_phase_q).
Adding EN signal on $driver$u_measurement_top.u_measurement_fsm.i_acc_q ($adff) from module agriasic_digital_rv32i_top (D = \u_measurement_top.u_measurement_fsm.i_acc_d, Q = \u_measurement_top.u_measurement_fsm.i_acc_q).
Adding EN signal on $driver$u_control_shell.u_core.u_ibex_core.id_stage_i.imd_val_q[0] ($adff) from module agriasic_digital_rv32i_top (D = \u_control_shell.u_core.u_ibex_core.id_stage_i.imd_val_d_ex_i [67:34], Q = \u_control_shell.u_core.u_ibex_core.id_stage_i.imd_val_q [67:34]).
Adding EN signal on $driver$u_control_shell.u_dtm.i_dmi_cdc.i_cdc_resp.i_src.data_src_q.data ($dff) from module agriasic_digital_rv32i_top (D = \u_control_shell.u_dtm.i_dmi_cdc.i_cdc_resp.i_src.data_i [33:2], Q = \u_control_shell.u_dtm.i_dmi_cdc.i_cdc_resp.i_src.data_src_q [33:2]).
Adding EN signal on $driver$u_control_shell.u_dtm.i_dmi_cdc.i_cdc_resp.i_src.data_src_q.resp ($dff) from module agriasic_digital_rv32i_top (D = \u_control_shell.u_dtm.i_dmi_cdc.i_cdc_resp.i_src.data_i [1:0], Q = \u_control_shell.u_dtm.i_dmi_cdc.i_cdc_resp.i_src.data_src_q [1:0]).
Adding EN signal on $driver$u_measurement_top.u_measurement_fsm.q_acc_q ($adff) from module agriasic_digital_rv32i_top (D = \u_measurement_top.u_measurement_fsm.q_acc_d, Q = \u_measurement_top.u_measurement_fsm.q_acc_q).
Adding EN signal on $driver$u_control_shell.u_dtm.i_dmi_cdc.i_cdc_resp.i_src.req_src_q ($adff) from module agriasic_digital_rv32i_top (D = \u_control_shell.u_dtm.i_dmi_cdc.i_cdc_resp.i_src.req_src_d, Q = \u_control_shell.u_dtm.i_dmi_cdc.i_cdc_resp.i_src.req_src_q).
Adding EN signal on $driver$u_control_shell.u_dtm.i_dmi_cdc.i_cdc_resp.i_dst.data_dst_q.data ($dff) from module agriasic_digital_rv32i_top (D = \u_control_shell.u_dtm.i_dmi_cdc.i_cdc_resp.i_src.data_src_q [33:2], Q = \u_control_shell.u_dtm.i_dmi_cdc.i_cdc_resp.i_dst.data_dst_q [33:2]).
Adding EN signal on $driver$u_control_shell.u_dtm.i_dmi_cdc.i_cdc_resp.i_dst.data_dst_q.resp ($dff) from module agriasic_digital_rv32i_top (D = \u_control_shell.u_dtm.i_dmi_cdc.i_cdc_resp.i_src.data_src_q [1:0], Q = \u_control_shell.u_dtm.i_dmi_cdc.i_cdc_resp.i_dst.data_dst_q [1:0]).
Adding EN signal on $driver$u_control_shell.u_dtm.i_dmi_cdc.i_cdc_resp.i_dst.ack_dst_q ($adff) from module agriasic_digital_rv32i_top (D = \u_control_shell.u_dtm.i_dmi_cdc.i_cdc_resp.i_dst.ack_dst_d, Q = \u_control_shell.u_dtm.i_dmi_cdc.i_cdc_resp.i_dst.ack_dst_q).
Adding EN signal on $driver$u_control_shell.u_dtm.i_dmi_cdc.i_cdc_resp.i_cdc_reset_ctrlr.i_cdc_reset_ctrlr_half_a.initiator_state_q ($adff) from module agriasic_digital_rv32i_top (D = \u_control_shell.u_dtm.i_dmi_cdc.i_cdc_resp.i_cdc_reset_ctrlr.i_cdc_reset_ctrlr_half_a.initiator_state_d, Q = \u_control_shell.u_dtm.i_dmi_cdc.i_cdc_resp.i_cdc_reset_ctrlr.i_cdc_reset_ctrlr_half_a.initiator_state_q).
Adding EN signal on $driver$u_control_shell.u_dtm.i_dmi_cdc.i_cdc_resp.i_cdc_reset_ctrlr.i_cdc_reset_ctrlr_half_a.i_state_transition_cdc_src.state_q ($adff) from module agriasic_digital_rv32i_top (D = \u_control_shell.u_dtm.i_dmi_cdc.i_cdc_resp.i_cdc_reset_ctrlr.i_cdc_reset_ctrlr_half_a.i_state_transition_cdc_src.state_d, Q = \u_control_shell.u_dtm.i_dmi_cdc.i_cdc_resp.i_cdc_reset_ctrlr.i_cdc_reset_ctrlr_half_a.i_state_transition_cdc_src.state_q).
Adding EN signal on $driver$u_measurement_top.u_measurement_fsm.i_shadow_q ($adff) from module agriasic_digital_rv32i_top (D = \u_measurement_top.u_measurement_fsm.i_acc_q, Q = \u_measurement_top.u_measurement_fsm.i_shadow_q).
Adding EN signal on $driver$u_measurement_top.u_measurement_fsm.q_shadow_q ($adff) from module agriasic_digital_rv32i_top (D = \u_measurement_top.u_measurement_fsm.q_acc_q, Q = \u_measurement_top.u_measurement_fsm.q_shadow_q).
Adding EN signal on $driver$u_control_shell.u_dtm.i_dmi_cdc.i_cdc_resp.i_cdc_reset_ctrlr.i_cdc_reset_ctrlr_half_a.i_state_transition_cdc_src.data_src_q ($adff) from module agriasic_digital_rv32i_top (D = \u_control_shell.u_dtm.i_dmi_cdc.i_cdc_resp.i_cdc_reset_ctrlr.i_cdc_reset_ctrlr_half_a.i_state_transition_cdc_src.data_i, Q = \u_control_shell.u_dtm.i_dmi_cdc.i_cdc_resp.i_cdc_reset_ctrlr.i_cdc_reset_ctrlr_half_a.i_state_transition_cdc_src.data_src_q).
Adding EN signal on $driver$u_control_shell.u_dtm.i_dmi_cdc.i_cdc_resp.i_cdc_reset_ctrlr.i_cdc_reset_ctrlr_half_a.i_state_transition_cdc_dst.state_q ($adff) from module agriasic_digital_rv32i_top (D = \u_control_shell.u_dtm.i_dmi_cdc.i_cdc_resp.i_cdc_reset_ctrlr.i_cdc_reset_ctrlr_half_a.i_state_transition_cdc_dst.state_d, Q = \u_control_shell.u_dtm.i_dmi_cdc.i_cdc_resp.i_cdc_reset_ctrlr.i_cdc_reset_ctrlr_half_a.i_state_transition_cdc_dst.state_q).
Adding EN signal on $driver$u_control_shell.u_mmio.cfg_conv_q ($adff) from module agriasic_digital_rv32i_top (D = \u_control_shell.u_mmio.data_wdata_i [7:0], Q = \u_control_shell.u_mmio.cfg_conv_q).
Adding EN signal on $driver$u_control_shell.u_core.gen_regfile_ff.register_file_i.g_plain_rf.g_rf_flops[31].rf_reg_q ($adff) from module agriasic_digital_rv32i_top (D = \u_control_shell.u_core.gen_regfile_ff.register_file_i.wdata_a_i, Q = \u_control_shell.u_core.gen_regfile_ff.register_file_i.g_plain_rf.g_rf_flops[31].rf_reg_q).
Adding EN signal on $driver$u_control_shell.u_core.u_ibex_core.id_stage_i.imd_val_q[1] ($adff) from module agriasic_digital_rv32i_top (D = \u_control_shell.u_core.u_ibex_core.id_stage_i.imd_val_d_ex_i [33:32], Q = \u_control_shell.u_core.u_ibex_core.id_stage_i.imd_val_q [33:32]).
Adding EN signal on $driver$u_control_shell.u_core.u_ibex_core.id_stage_i.imd_val_q[1] ($adff) from module agriasic_digital_rv32i_top (D = \u_control_shell.u_core.u_ibex_core.id_stage_i.imd_val_d_ex_i [31:0], Q = \u_control_shell.u_core.u_ibex_core.id_stage_i.imd_val_q [31:0]).
Adding EN signal on $driver$u_control_shell.u_core.u_ibex_core.id_stage_i.controller_i.ctrl_fsm_cs ($adff) from module agriasic_digital_rv32i_top (D = \u_control_shell.u_core.u_ibex_core.id_stage_i.controller_i.ctrl_fsm_ns, Q = \u_control_shell.u_core.u_ibex_core.id_stage_i.controller_i.ctrl_fsm_cs).
Adding EN signal on $driver$u_control_shell.u_core.u_ibex_core.id_stage_i.controller_i.nmi_mode_q ($adff) from module agriasic_digital_rv32i_top (D = 1'0, Q = \u_control_shell.u_core.u_ibex_core.id_stage_i.controller_i.nmi_mode_q).
Adding EN signal on $driver$u_control_shell.u_core.u_ibex_core.id_stage_i.controller_i.debug_mode_q ($adff) from module agriasic_digital_rv32i_top (D = \u_control_shell.u_core.u_ibex_core.id_stage_i.controller_i.debug_mode_d, Q = \u_control_shell.u_core.u_ibex_core.id_stage_i.controller_i.debug_mode_q).
Adding EN signal on $driver$u_control_shell.u_dtm.i_dmi_cdc.i_cdc_resp.i_cdc_reset_ctrlr.i_cdc_reset_ctrlr_half_a.receiver_phase_q ($adff) from module agriasic_digital_rv32i_top (D = \u_control_shell.u_dtm.i_dmi_cdc.i_cdc_resp.i_cdc_reset_ctrlr.i_cdc_reset_ctrlr_half_b.i_state_transition_cdc_src.data_src_q, Q = \u_control_shell.u_dtm.i_dmi_cdc.i_cdc_resp.i_cdc_reset_ctrlr.i_cdc_reset_ctrlr_half_a.receiver_phase_q).
Adding EN signal on $driver$u_control_shell.u_dtm.i_dmi_cdc.i_cdc_resp.i_cdc_reset_ctrlr.i_cdc_reset_ctrlr_half_b.initiator_state_q ($adff) from module agriasic_digital_rv32i_top (D = \u_control_shell.u_dtm.i_dmi_cdc.i_cdc_resp.i_cdc_reset_ctrlr.i_cdc_reset_ctrlr_half_b.initiator_state_d, Q = \u_control_shell.u_dtm.i_dmi_cdc.i_cdc_resp.i_cdc_reset_ctrlr.i_cdc_reset_ctrlr_half_b.initiator_state_q).
Adding EN signal on $driver$u_control_shell.u_dtm.i_dmi_cdc.i_cdc_resp.i_cdc_reset_ctrlr.i_cdc_reset_ctrlr_half_b.i_state_transition_cdc_src.state_q ($adff) from module agriasic_digital_rv32i_top (D = \u_control_shell.u_dtm.i_dmi_cdc.i_cdc_resp.i_cdc_reset_ctrlr.i_cdc_reset_ctrlr_half_b.i_state_transition_cdc_src.state_d, Q = \u_control_shell.u_dtm.i_dmi_cdc.i_cdc_resp.i_cdc_reset_ctrlr.i_cdc_reset_ctrlr_half_b.i_state_transition_cdc_src.state_q).
Adding EN signal on $driver$u_control_shell.u_dtm.i_dmi_cdc.i_cdc_resp.i_cdc_reset_ctrlr.i_cdc_reset_ctrlr_half_b.i_state_transition_cdc_src.data_src_q ($adff) from module agriasic_digital_rv32i_top (D = \u_control_shell.u_dtm.i_dmi_cdc.i_cdc_resp.i_cdc_reset_ctrlr.i_cdc_reset_ctrlr_half_b.i_state_transition_cdc_src.data_i, Q = \u_control_shell.u_dtm.i_dmi_cdc.i_cdc_resp.i_cdc_reset_ctrlr.i_cdc_reset_ctrlr_half_b.i_state_transition_cdc_src.data_src_q).
Adding EN signal on $driver$u_control_shell.u_dtm.i_dmi_cdc.i_cdc_resp.i_cdc_reset_ctrlr.i_cdc_reset_ctrlr_half_b.i_state_transition_cdc_dst.state_q ($adff) from module agriasic_digital_rv32i_top (D = \u_control_shell.u_dtm.i_dmi_cdc.i_cdc_resp.i_cdc_reset_ctrlr.i_cdc_reset_ctrlr_half_b.i_state_transition_cdc_dst.state_d, Q = \u_control_shell.u_dtm.i_dmi_cdc.i_cdc_resp.i_cdc_reset_ctrlr.i_cdc_reset_ctrlr_half_b.i_state_transition_cdc_dst.state_q).
Adding EN signal on $driver$u_control_shell.u_dtm.i_dmi_cdc.i_cdc_resp.i_cdc_reset_ctrlr.i_cdc_reset_ctrlr_half_b.receiver_phase_q ($adff) from module agriasic_digital_rv32i_top (D = \u_control_shell.u_dtm.i_dmi_cdc.i_cdc_resp.i_cdc_reset_ctrlr.i_cdc_reset_ctrlr_half_a.i_state_transition_cdc_src.data_src_q, Q = \u_control_shell.u_dtm.i_dmi_cdc.i_cdc_resp.i_cdc_reset_ctrlr.i_cdc_reset_ctrlr_half_b.receiver_phase_q).
Adding EN signal on $driver$u_control_shell.u_dtm.i_dmi_jtag_tap.jtag_ir_q ($adff) from module agriasic_digital_rv32i_top (D = \u_control_shell.u_dtm.i_dmi_jtag_tap.jtag_ir_d, Q = \u_control_shell.u_dtm.i_dmi_jtag_tap.jtag_ir_q).
Adding EN signal on $driver$u_control_shell.u_core.u_ibex_core.id_stage_i.id_fsm_q ($adff) from module agriasic_digital_rv32i_top (D = $procmux$9027_Y, Q = \u_control_shell.u_core.u_ibex_core.id_stage_i.id_fsm_q).
Adding EN signal on $driver$u_control_shell.u_core.u_ibex_core.ex_block_i.gen_multdiv_fast.multdiv_i.op_numerator_q ($adff) from module agriasic_digital_rv32i_top (D = $2408y, Q = \u_control_shell.u_core.u_ibex_core.ex_block_i.gen_multdiv_fast.multdiv_i.op_numerator_q).
Adding EN signal on $driver$u_control_shell.u_core.u_ibex_core.ex_block_i.gen_multdiv_fast.multdiv_i.op_quotient_q ($adff) from module agriasic_digital_rv32i_top (D = \u_control_shell.u_core.u_ibex_core.ex_block_i.gen_multdiv_fast.multdiv_i.op_quotient_d, Q = \u_control_shell.u_core.u_ibex_core.ex_block_i.gen_multdiv_fast.multdiv_i.op_quotient_q).
Adding EN signal on $driver$u_control_shell.u_core.u_ibex_core.ex_block_i.gen_multdiv_fast.multdiv_i.div_counter_q ($adff) from module agriasic_digital_rv32i_top (D = \u_control_shell.u_core.u_ibex_core.ex_block_i.gen_multdiv_fast.multdiv_i.div_counter_d, Q = \u_control_shell.u_core.u_ibex_core.ex_block_i.gen_multdiv_fast.multdiv_i.div_counter_q).
Adding EN signal on $driver$u_control_shell.u_core.u_ibex_core.ex_block_i.gen_multdiv_fast.multdiv_i.div_by_zero_q ($adff) from module agriasic_digital_rv32i_top (D = \u_control_shell.u_core.u_ibex_core.ex_block_i.alu_i.is_equal, Q = \u_control_shell.u_core.u_ibex_core.ex_block_i.gen_multdiv_fast.multdiv_i.div_by_zero_q).
Adding EN signal on $driver$u_control_shell.u_core.u_ibex_core.ex_block_i.gen_multdiv_fast.multdiv_i.md_state_q ($adff) from module agriasic_digital_rv32i_top (D = \u_control_shell.u_core.u_ibex_core.ex_block_i.gen_multdiv_fast.multdiv_i.md_state_d, Q = \u_control_shell.u_core.u_ibex_core.ex_block_i.gen_multdiv_fast.multdiv_i.md_state_q).
Adding EN signal on $driver$u_control_shell.u_dm.i_dm_csrs.i_fifo.read_pointer_q ($adff) from module agriasic_digital_rv32i_top (D = $procmux$1051_Y, Q = \u_control_shell.u_dm.i_dm_csrs.i_fifo.read_pointer_q).
Adding EN signal on $driver$u_control_shell.u_dm.i_dm_csrs.i_fifo.write_pointer_q ($adff) from module agriasic_digital_rv32i_top (D = $procmux$1048_Y, Q = \u_control_shell.u_dm.i_dm_csrs.i_fifo.write_pointer_q).
Adding EN signal on $driver$u_control_shell.u_dm.i_dm_csrs.i_fifo.status_cnt_q ($adff) from module agriasic_digital_rv32i_top (D = $procmux$1045_Y, Q = \u_control_shell.u_dm.i_dm_csrs.i_fifo.status_cnt_q).
Adding EN signal on $driver$u_control_shell.u_dm.i_dm_csrs.i_fifo.mem_q[0] ($adff) from module agriasic_digital_rv32i_top (D = \u_control_shell.u_dm.i_dm_csrs.i_fifo.mem_n [33:0], Q = \u_control_shell.u_dm.i_dm_csrs.i_fifo.mem_q [33:0]).
Adding EN signal on $driver$u_control_shell.u_dm.i_dm_csrs.i_fifo.mem_q[1] ($adff) from module agriasic_digital_rv32i_top (D = \u_control_shell.u_dm.i_dm_csrs.i_fifo.mem_n [67:34], Q = \u_control_shell.u_dm.i_dm_csrs.i_fifo.mem_q [67:34]).
Adding EN signal on $driver$u_control_shell.u_dm.i_dm_csrs.dmcontrol_q.haltreq ($adff) from module agriasic_digital_rv32i_top (D = $procmux$960_Y [31], Q = \u_control_shell.u_dm.i_dm_csrs.dmcontrol_q [31]).
Adding EN signal on $driver$u_control_shell.u_dtm.i_dmi_jtag_tap.jtag_ir_shift_q ($adff) from module agriasic_digital_rv32i_top (D = \u_control_shell.u_dtm.i_dmi_jtag_tap.jtag_ir_shift_d, Q = \u_control_shell.u_dtm.i_dmi_jtag_tap.jtag_ir_shift_q).
Adding EN signal on $driver$u_control_shell.u_dtm.data_q ($adff) from module agriasic_digital_rv32i_top (D = \u_control_shell.u_dtm.data_d, Q = \u_control_shell.u_dtm.data_q).
Adding EN signal on $driver$u_control_shell.u_dtm.address_q ($adff) from module agriasic_digital_rv32i_top (D = \u_control_shell.u_dtm.address_d, Q = \u_control_shell.u_dtm.address_q).
Adding EN signal on $driver$u_control_shell.u_dtm.state_q ($adff) from module agriasic_digital_rv32i_top (D = \u_control_shell.u_dtm.state_d, Q = \u_control_shell.u_dtm.state_q).
Adding EN signal on $driver$u_control_shell.u_dtm.error_q ($adff) from module agriasic_digital_rv32i_top (D = \u_control_shell.u_dtm.error_d, Q = \u_control_shell.u_dtm.error_q).
Adding EN signal on $driver$u_control_shell.u_core.u_ibex_core.ex_block_i.gen_multdiv_fast.multdiv_i.gen_mult_fast.mult_state_q ($adff) from module agriasic_digital_rv32i_top (D = \u_control_shell.u_core.u_ibex_core.ex_block_i.gen_multdiv_fast.multdiv_i.gen_mult_fast.mult_state_d, Q = \u_control_shell.u_core.u_ibex_core.ex_block_i.gen_multdiv_fast.multdiv_i.gen_mult_fast.mult_state_q).
Adding EN signal on $driver$u_control_shell.u_core.u_ibex_core.load_store_unit_i.rdata_q ($adff) from module agriasic_digital_rv32i_top (D = \u_control_shell.u_core.u_ibex_core.load_store_unit_i.data_rdata_i [31:8], Q = \u_control_shell.u_core.u_ibex_core.load_store_unit_i.rdata_q).
Adding EN signal on $driver$u_control_shell.u_core.u_ibex_core.load_store_unit_i.rdata_offset_q ($adff) from module agriasic_digital_rv32i_top (D = \u_control_shell.u_core.u_ibex_core.ex_block_i.alu_adder_result_ext [2:1], Q = \u_control_shell.u_core.u_ibex_core.load_store_unit_i.rdata_offset_q).
Adding EN signal on $driver$u_control_shell.u_core.u_ibex_core.load_store_unit_i.data_type_q ($adff) from module agriasic_digital_rv32i_top (D = \u_control_shell.u_core.u_ibex_core.load_store_unit_i.lsu_type_i, Q = \u_control_shell.u_core.u_ibex_core.load_store_unit_i.data_type_q).
Adding EN signal on $driver$u_control_shell.u_core.u_ibex_core.load_store_unit_i.data_sign_ext_q ($adff) from module agriasic_digital_rv32i_top (D = \u_control_shell.u_core.u_ibex_core.load_store_unit_i.lsu_sign_ext_i, Q = \u_control_shell.u_core.u_ibex_core.load_store_unit_i.data_sign_ext_q).
Adding EN signal on $driver$u_control_shell.u_dm.i_dm_csrs.dmcontrol_q.ndmreset ($adff) from module agriasic_digital_rv32i_top (D = $procmux$960_Y [1], Q = \u_control_shell.u_dm.i_dm_csrs.dmcontrol_q [1]).
Adding EN signal on $driver$u_control_shell.u_core.u_ibex_core.load_store_unit_i.data_we_q ($adff) from module agriasic_digital_rv32i_top (D = \u_control_shell.u_bus.data_we_i, Q = \u_control_shell.u_core.u_ibex_core.load_store_unit_i.data_we_q).
Adding EN signal on $driver$u_control_shell.u_dm.i_dm_csrs.command_q.cmdtype ($adff) from module agriasic_digital_rv32i_top (D = $procmux$954_Y [31:24], Q = \u_control_shell.u_dm.i_dm_csrs.command_q [31:24]).
Adding EN signal on $driver$u_control_shell.u_dm.i_dm_csrs.command_q.control ($adff) from module agriasic_digital_rv32i_top (D = $procmux$954_Y [23:0], Q = \u_control_shell.u_dm.i_dm_csrs.command_q [23:0]).
Adding EN signal on $driver$u_control_shell.u_mmio.cfg_pair_log2_q ($adff) from module agriasic_digital_rv32i_top (D = \u_control_shell.u_mmio.data_wdata_i [3:0], Q = \u_control_shell.u_mmio.cfg_pair_log2_q).
Adding EN signal on $driver$u_control_shell.u_dm.i_dm_csrs.abstractauto_q.autoexecprogbuf ($adff) from module agriasic_digital_rv32i_top (D = $procmux$948_Y [31:16], Q = \u_control_shell.u_dm.i_dm_csrs.abstractauto_q [31:16]).
Adding EN signal on $driver$u_control_shell.u_dm.i_dm_csrs.abstractauto_q.autoexecdata ($adff) from module agriasic_digital_rv32i_top (D = $procmux$948_Y [11:0], Q = \u_control_shell.u_dm.i_dm_csrs.abstractauto_q [11:0]).
Adding EN signal on $driver$u_control_shell.u_dm.i_dm_csrs.sbcs_q.zero0 ($adff) from module agriasic_digital_rv32i_top (D = $procmux$945_Y [28:23], Q = \u_control_shell.u_dm.i_dm_csrs.sbcs_q [28:23]).
Adding EN signal on $driver$u_control_shell.u_mmio.spi_ctrl_wdata_o ($adff) from module agriasic_digital_rv32i_top (D = \u_control_shell.u_mmio.data_wdata_i [15:0], Q = \u_control_shell.u_mmio.spi_ctrl_wdata_o).
Adding EN signal on $driver$u_control_shell.u_core.u_ibex_core.load_store_unit_i.addr_last_q ($adff) from module agriasic_digital_rv32i_top (D = \u_control_shell.u_core.u_ibex_core.load_store_unit_i.addr_last_d, Q = \u_control_shell.u_core.u_ibex_core.load_store_unit_i.addr_last_q).
Adding EN signal on $driver$u_control_shell.u_core.u_ibex_core.load_store_unit_i.handle_misaligned_q ($adff) from module agriasic_digital_rv32i_top (D = \u_control_shell.u_core.u_ibex_core.load_store_unit_i.handle_misaligned_d, Q = \u_control_shell.u_core.u_ibex_core.load_store_unit_i.handle_misaligned_q).
Adding EN signal on $driver$u_control_shell.u_core.u_ibex_core.load_store_unit_i.pmp_err_q ($adff) from module agriasic_digital_rv32i_top (D = \u_control_shell.u_core.u_ibex_core.load_store_unit_i.pmp_err_d, Q = \u_control_shell.u_core.u_ibex_core.load_store_unit_i.pmp_err_q).
Adding EN signal on $driver$u_control_shell.u_core.u_ibex_core.load_store_unit_i.lsu_err_q ($adff) from module agriasic_digital_rv32i_top (D = \u_control_shell.u_core.u_ibex_core.load_store_unit_i.lsu_err_d, Q = \u_control_shell.u_core.u_ibex_core.load_store_unit_i.lsu_err_q).
Adding EN signal on $driver$u_control_shell.u_core.u_ibex_core.load_store_unit_i.resp_is_cap_q ($adff) from module agriasic_digital_rv32i_top (D = 1'0, Q = \u_control_shell.u_core.u_ibex_core.load_store_unit_i.resp_is_cap_q).
Adding EN signal on $driver$u_control_shell.u_core.u_ibex_core.load_store_unit_i.cap_rx_fsm_q ($adff) from module agriasic_digital_rv32i_top (D = \u_control_shell.u_core.u_ibex_core.load_store_unit_i.cap_rx_fsm_d, Q = \u_control_shell.u_core.u_ibex_core.load_store_unit_i.cap_rx_fsm_q).
Handling D = Q on $driver$u_control_shell.u_core.u_ibex_core.load_store_unit_i.cap_lsw_err_q ($adff) from module agriasic_digital_rv32i_top (removing D path).
Adding EN signal on $driver$u_control_shell.u_dm.i_dm_csrs.sbcs_q.sbreadonaddr ($adff) from module agriasic_digital_rv32i_top (D = $procmux$945_Y [20], Q = \u_control_shell.u_dm.i_dm_csrs.sbcs_q [20]).
Adding EN signal on $driver$u_control_shell.u_dm.i_dm_csrs.sbcs_q.sbaccess ($adff) from module agriasic_digital_rv32i_top (D = $procmux$945_Y [19:17], Q = \u_control_shell.u_dm.i_dm_csrs.sbcs_q [19:17]).
Adding EN signal on $driver$u_control_shell.u_dm.i_dm_csrs.sbcs_q.sbautoincrement ($adff) from module agriasic_digital_rv32i_top (D = $procmux$945_Y [16], Q = \u_control_shell.u_dm.i_dm_csrs.sbcs_q [16]).
Adding EN signal on $driver$u_control_shell.u_dm.i_dm_csrs.sbcs_q.sbreadondata ($adff) from module agriasic_digital_rv32i_top (D = $procmux$945_Y [15], Q = \u_control_shell.u_dm.i_dm_csrs.sbcs_q [15]).
Adding EN signal on $driver$u_control_shell.u_dm.i_dm_csrs.sbcs_q.sberror ($adff) from module agriasic_digital_rv32i_top (D = $procmux$945_Y [14:12], Q = \u_control_shell.u_dm.i_dm_csrs.sbcs_q [14:12]).
Adding EN signal on $driver$u_control_shell.u_dm.i_dm_csrs.sbdata_q ($adff) from module agriasic_digital_rv32i_top (D = $procmux$939_Y [31:0], Q = \u_control_shell.u_dm.i_dm_csrs.sbdata_q [31:0]).
Adding EN signal on $driver$u_control_shell.u_dm.i_dm_csrs.sbdata_q ($adff) from module agriasic_digital_rv32i_top (D = $procmux$939_Y [63:32], Q = \u_control_shell.u_dm.i_dm_csrs.sbdata_q [63:32]).
Adding EN signal on $driver$u_control_shell.u_dm.i_dm_csrs.havereset_q ($adff) from module agriasic_digital_rv32i_top (D = \u_control_shell.u_dm.i_dm_csrs.havereset_d, Q = \u_control_shell.u_dm.i_dm_csrs.havereset_q).
Adding EN signal on $driver$u_control_shell.u_dm.i_dm_csrs.progbuf_q[0] ($adff) from module agriasic_digital_rv32i_top (D = $procmux$933_Y [31:0], Q = \u_control_shell.u_dm.i_dm_csrs.progbuf_q [31:0]).
Adding EN signal on $driver$u_control_shell.u_dm.i_dm_csrs.progbuf_q[1] ($adff) from module agriasic_digital_rv32i_top (D = $procmux$933_Y [63:32], Q = \u_control_shell.u_dm.i_dm_csrs.progbuf_q [63:32]).
Adding EN signal on $driver$u_control_shell.u_dm.i_dm_csrs.progbuf_q[2] ($adff) from module agriasic_digital_rv32i_top (D = $procmux$933_Y [95:64], Q = \u_control_shell.u_dm.i_dm_csrs.progbuf_q [95:64]).
Adding EN signal on $driver$u_control_shell.u_dm.i_dm_csrs.progbuf_q[3] ($adff) from module agriasic_digital_rv32i_top (D = $procmux$933_Y [127:96], Q = \u_control_shell.u_dm.i_dm_csrs.progbuf_q [127:96]).
Adding EN signal on $driver$u_control_shell.u_dm.i_dm_csrs.progbuf_q[4] ($adff) from module agriasic_digital_rv32i_top (D = $procmux$933_Y [159:128], Q = \u_control_shell.u_dm.i_dm_csrs.progbuf_q [159:128]).
Adding EN signal on $driver$u_control_shell.u_dm.i_dm_csrs.progbuf_q[5] ($adff) from module agriasic_digital_rv32i_top (D = $procmux$933_Y [191:160], Q = \u_control_shell.u_dm.i_dm_csrs.progbuf_q [191:160]).
Adding EN signal on $driver$u_control_shell.u_dm.i_dm_csrs.progbuf_q[6] ($adff) from module agriasic_digital_rv32i_top (D = $procmux$933_Y [223:192], Q = \u_control_shell.u_dm.i_dm_csrs.progbuf_q [223:192]).
Adding EN signal on $driver$u_control_shell.u_dm.i_dm_csrs.progbuf_q[7] ($adff) from module agriasic_digital_rv32i_top (D = $procmux$933_Y [255:224], Q = \u_control_shell.u_dm.i_dm_csrs.progbuf_q [255:224]).
Adding EN signal on $driver$u_control_shell.u_dm.i_dm_csrs.data_q[0] ($adff) from module agriasic_digital_rv32i_top (D = $procmux$930_Y [31:0], Q = \u_control_shell.u_dm.i_dm_csrs.data_q [31:0]).
Adding EN signal on $driver$u_control_shell.u_core.u_ibex_core.wb_stage_i.g_writeback_stage.rf_wdata_wb_q ($dff) from module agriasic_digital_rv32i_top (D = \u_control_shell.u_core.u_ibex_core.wb_stage_i.rf_wdata_id_i, Q = \u_control_shell.u_core.u_ibex_core.wb_stage_i.g_writeback_stage.rf_wdata_wb_q).
Adding EN signal on $driver$u_control_shell.u_core.u_ibex_core.wb_stage_i.g_writeback_stage.rf_we_wb_q ($dff) from module agriasic_digital_rv32i_top (D = \u_control_shell.u_core.u_ibex_core.wb_stage_i.rf_we_id_i, Q = \u_control_shell.u_core.u_ibex_core.wb_stage_i.g_writeback_stage.rf_we_wb_q).
Adding EN signal on $driver$u_control_shell.u_core.u_ibex_core.wb_stage_i.g_writeback_stage.rf_waddr_wb_q ($dff) from module agriasic_digital_rv32i_top (D = \u_control_shell.u_core.u_ibex_core.if_stage_i.instr_rdata_id_o [11:7], Q = \u_control_shell.u_core.u_ibex_core.wb_stage_i.g_writeback_stage.rf_waddr_wb_q).
Adding EN signal on $driver$u_control_shell.u_core.u_ibex_core.wb_stage_i.g_writeback_stage.wb_pc_q ($dff) from module agriasic_digital_rv32i_top (D = \u_control_shell.u_core.u_ibex_core.if_stage_i.pc_id_o, Q = \u_control_shell.u_core.u_ibex_core.wb_stage_i.g_writeback_stage.wb_pc_q).
Adding EN signal on $driver$u_control_shell.u_core.u_ibex_core.wb_stage_i.g_writeback_stage.wb_count_q ($dff) from module agriasic_digital_rv32i_top (D = \u_control_shell.u_core.u_ibex_core.wb_stage_i.instr_perf_count_id_i, Q = \u_control_shell.u_core.u_ibex_core.wb_stage_i.g_writeback_stage.wb_count_q).
Adding EN signal on $driver$u_control_shell.u_core.u_ibex_core.wb_stage_i.g_writeback_stage.wb_instr_type_q ($dff) from module agriasic_digital_rv32i_top (D = \u_control_shell.u_core.u_ibex_core.wb_stage_i.instr_type_wb_i, Q = \u_control_shell.u_core.u_ibex_core.wb_stage_i.g_writeback_stage.wb_instr_type_q).
Adding SRST signal on $auto$ff.cc:337:slice$17740 ($dffe) from module agriasic_digital_rv32i_top (D = $1901y, Q = \u_control_shell.u_core.u_ibex_core.wb_stage_i.g_writeback_stage.wb_instr_type_q, rval = 2'10).
Adding EN signal on $driver$u_control_shell.u_core.u_ibex_core.wb_stage_i.g_writeback_stage.wb_is_cheriot_q ($dff) from module agriasic_digital_rv32i_top (D = 1'0, Q = \u_control_shell.u_core.u_ibex_core.wb_stage_i.g_writeback_stage.wb_is_cheriot_q).
Adding EN signal on $driver$u_control_shell.u_core.u_ibex_core.wb_stage_i.g_writeback_stage.wb_cheriot_load_q ($dff) from module agriasic_digital_rv32i_top (D = 1'0, Q = \u_control_shell.u_core.u_ibex_core.wb_stage_i.g_writeback_stage.wb_cheriot_load_q).
Adding EN signal on $driver$u_control_shell.u_core.u_ibex_core.wb_stage_i.g_writeback_stage.wb_cheriot_store_q ($dff) from module agriasic_digital_rv32i_top (D = 1'0, Q = \u_control_shell.u_core.u_ibex_core.wb_stage_i.g_writeback_stage.wb_cheriot_store_q).
Adding EN signal on $driver$u_control_shell.u_core.u_ibex_core.wb_stage_i.g_writeback_stage.cheriot_rf_we_q ($dff) from module agriasic_digital_rv32i_top (D = 1'0, Q = \u_control_shell.u_core.u_ibex_core.wb_stage_i.g_writeback_stage.cheriot_rf_we_q).
Adding EN signal on $driver$u_control_shell.u_core.u_ibex_core.wb_stage_i.g_writeback_stage.cheriot_rf_wdata_q ($dff) from module agriasic_digital_rv32i_top (D = 0, Q = \u_control_shell.u_core.u_ibex_core.wb_stage_i.g_writeback_stage.cheriot_rf_wdata_q).
Adding EN signal on $driver$u_control_shell.u_boot.fw_div_q ($adff) from module agriasic_digital_rv32i_top (D = \u_control_shell.u_mmio.spi_ctrl_wdata_o [15:8], Q = \u_control_shell.u_boot.fw_div_q).
Adding EN signal on $driver$u_control_shell.u_mmio.spi_data_wdata_o ($adff) from module agriasic_digital_rv32i_top (D = \u_control_shell.u_mmio.data_wdata_i [7:0], Q = \u_control_shell.u_mmio.spi_data_wdata_o).
Adding EN signal on $driver$u_control_shell.u_dm.i_dm_csrs.data_q[1] ($adff) from module agriasic_digital_rv32i_top (D = $procmux$930_Y [63:32], Q = \u_control_shell.u_dm.i_dm_csrs.data_q [63:32]).
Adding EN signal on $driver$u_measurement_top.u_sar_controller.phase_q ($adff) from module agriasic_digital_rv32i_top (D = \u_measurement_top.u_sar_controller.sample_phase_i, Q = \u_measurement_top.u_sar_controller.phase_q).
Adding EN signal on $driver$u_control_shell.u_mmio.cfg_settle_q ($adff) from module agriasic_digital_rv32i_top (D = \u_control_shell.u_mmio.data_wdata_i [7:0], Q = \u_control_shell.u_mmio.cfg_settle_q).
Adding EN signal on $driver$u_control_shell.u_mmio.cfg_divider_q ($adff) from module agriasic_digital_rv32i_top (D = \u_control_shell.u_mmio.data_wdata_i [13:0], Q = \u_control_shell.u_mmio.cfg_divider_q).
Adding EN signal on $driver$u_control_shell.u_core.u_ibex_core.cs_registers_i.priv_lvl_q ($adff) from module agriasic_digital_rv32i_top (D = \u_control_shell.u_core.u_ibex_core.cs_registers_i.priv_lvl_d, Q = \u_control_shell.u_core.u_ibex_core.cs_registers_i.priv_lvl_q).
Adding EN signal on $driver$u_control_shell.u_core.u_ibex_core.cs_registers_i.u_mstatus_csr.rdata_q ($adff) from module agriasic_digital_rv32i_top (D = \u_control_shell.u_core.u_ibex_core.cs_registers_i.csr_wdata_int [21], Q = \u_control_shell.u_core.u_ibex_core.cs_registers_i.u_mstatus_csr.rdata_q [0]).
Adding EN signal on $driver$u_control_shell.u_core.u_ibex_core.cs_registers_i.u_mstatus_csr.rdata_q ($adff) from module agriasic_digital_rv32i_top (D = \u_control_shell.u_core.u_ibex_core.cs_registers_i.u_mstatus_csr.wr_data_i [5:1], Q = \u_control_shell.u_core.u_ibex_core.cs_registers_i.u_mstatus_csr.rdata_q [5:1]).
Adding EN signal on $driver$u_control_shell.u_core.u_ibex_core.cs_registers_i.u_mepc_csr.rdata_q ($adff) from module agriasic_digital_rv32i_top (D = \u_control_shell.u_core.u_ibex_core.cs_registers_i.u_mepc_csr.wr_data_i, Q = \u_control_shell.u_core.u_ibex_core.cs_registers_i.u_mepc_csr.rdata_q).
Adding EN signal on $driver$u_control_shell.u_core.u_ibex_core.cs_registers_i.u_mie_csr.rdata_q ($adff) from module agriasic_digital_rv32i_top (D = { \u_control_shell.u_core.u_ibex_core.cs_registers_i.csr_wdata_int [3] \u_control_shell.u_core.u_ibex_core.cs_registers_i.csr_wdata_int [7] \u_control_shell.u_core.u_ibex_core.cs_registers_i.csr_wdata_int [11] \u_control_shell.u_core.u_ibex_core.cs_registers_i.csr_wdata_int [30:16] }, Q = \u_control_shell.u_core.u_ibex_core.cs_registers_i.u_mie_csr.rdata_q).
Adding EN signal on $driver$u_control_shell.u_core.u_ibex_core.cs_registers_i.u_mscratch_csr.rdata_q ($adff) from module agriasic_digital_rv32i_top (D = \u_control_shell.u_core.u_ibex_core.cs_registers_i.csr_wdata_int, Q = \u_control_shell.u_core.u_ibex_core.cs_registers_i.u_mscratch_csr.rdata_q).
Adding EN signal on $driver$u_control_shell.u_core.u_ibex_core.cs_registers_i.u_mcause_csr.rdata_q ($adff) from module agriasic_digital_rv32i_top (D = \u_control_shell.u_core.u_ibex_core.cs_registers_i.u_mcause_csr.wr_data_i, Q = \u_control_shell.u_core.u_ibex_core.cs_registers_i.u_mcause_csr.rdata_q).
Adding EN signal on $driver$u_control_shell.u_core.u_ibex_core.cs_registers_i.u_mtval_csr.rdata_q ($adff) from module agriasic_digital_rv32i_top (D = \u_control_shell.u_core.u_ibex_core.cs_registers_i.u_mtval_csr.wr_data_i, Q = \u_control_shell.u_core.u_ibex_core.cs_registers_i.u_mtval_csr.rdata_q).
Adding EN signal on $driver$u_control_shell.u_core.u_ibex_core.cs_registers_i.u_mtvec_csr.rdata_q ($adff) from module agriasic_digital_rv32i_top (D = \u_control_shell.u_core.u_ibex_core.cs_registers_i.u_mtvec_csr.wr_data_i, Q = \u_control_shell.u_core.u_ibex_core.cs_registers_i.u_mtvec_csr.rdata_q).
Adding EN signal on $driver$u_measurement_top.u_measurement_fsm.settle_count_q ($adff) from module agriasic_digital_rv32i_top (D = \u_measurement_top.u_measurement_fsm.settle_count_d, Q = \u_measurement_top.u_measurement_fsm.settle_count_q).
Adding EN signal on $driver$u_control_shell.u_core.u_ibex_core.cs_registers_i.u_dcsr_csr.rdata_q ($adff) from module agriasic_digital_rv32i_top (D = { \u_control_shell.u_core.u_ibex_core.cs_registers_i.u_dcsr_csr.wr_data_i [8:6] \u_control_shell.u_core.u_ibex_core.cs_registers_i.u_dcsr_csr.wr_data_i [1:0] }, Q = { \u_control_shell.u_core.u_ibex_core.cs_registers_i.u_dcsr_csr.rdata_q [8:6] \u_control_shell.u_core.u_ibex_core.cs_registers_i.u_dcsr_csr.rdata_q [1:0] }).
Adding EN signal on $driver$u_control_shell.u_core.u_ibex_core.cs_registers_i.u_dcsr_csr.rdata_q ($adff) from module agriasic_digital_rv32i_top (D = { 16'0100000000000000 \u_control_shell.u_core.u_ibex_core.cs_registers_i.csr_wdata_int [15] 1'0 \u_control_shell.u_core.u_ibex_core.cs_registers_i.csr_wdata_int [13:12] 6'000000 \u_control_shell.u_core.u_ibex_core.cs_registers_i.csr_wdata_int [2] }, Q = { \u_control_shell.u_core.u_ibex_core.cs_registers_i.u_dcsr_csr.rdata_q [31:9] \u_control_shell.u_core.u_ibex_core.cs_registers_i.u_dcsr_csr.rdata_q [5:2] }).
Adding EN signal on $driver$u_control_shell.u_core.u_ibex_core.cs_registers_i.u_depc_csr.rdata_q ($adff) from module agriasic_digital_rv32i_top (D = \u_control_shell.u_core.u_ibex_core.cs_registers_i.u_depc_csr.wr_data_i, Q = \u_control_shell.u_core.u_ibex_core.cs_registers_i.u_depc_csr.rdata_q).
Adding EN signal on $driver$u_control_shell.u_core.u_ibex_core.cs_registers_i.u_dscratch0_csr.rdata_q ($adff) from module agriasic_digital_rv32i_top (D = \u_control_shell.u_core.u_ibex_core.cs_registers_i.u_dscratch0_csr.wr_data_i, Q = \u_control_shell.u_core.u_ibex_core.cs_registers_i.u_dscratch0_csr.rdata_q).
Adding EN signal on $driver$u_control_shell.u_core.u_ibex_core.cs_registers_i.u_dscratch1_csr.rdata_q ($adff) from module agriasic_digital_rv32i_top (D = \u_control_shell.u_core.u_ibex_core.cs_registers_i.u_dscratch1_csr.wr_data_i, Q = \u_control_shell.u_core.u_ibex_core.cs_registers_i.u_dscratch1_csr.rdata_q).
Adding EN signal on $driver$u_control_shell.u_core.u_ibex_core.cs_registers_i.u_mstack_csr.rdata_q ($adff) from module agriasic_digital_rv32i_top (D = \u_control_shell.u_core.u_ibex_core.cs_registers_i.u_mstatus_csr.rdata_q [4:2], Q = \u_control_shell.u_core.u_ibex_core.cs_registers_i.u_mstack_csr.rdata_q).
Adding EN signal on $driver$u_control_shell.u_core.u_ibex_core.cs_registers_i.u_mstack_epc_csr.rdata_q ($adff) from module agriasic_digital_rv32i_top (D = \u_control_shell.u_core.u_ibex_core.cs_registers_i.u_mepc_csr.rdata_q, Q = \u_control_shell.u_core.u_ibex_core.cs_registers_i.u_mstack_epc_csr.rdata_q).
Adding EN signal on $driver$u_control_shell.u_core.u_ibex_core.cs_registers_i.u_mstack_cause_csr.rdata_q ($adff) from module agriasic_digital_rv32i_top (D = \u_control_shell.u_core.u_ibex_core.cs_registers_i.u_mcause_csr.rdata_q, Q = \u_control_shell.u_core.u_ibex_core.cs_registers_i.u_mstack_cause_csr.rdata_q).
Adding EN signal on $driver$u_control_shell.u_core.u_ibex_core.cs_registers_i.mcycle_counter_i.counter_q ($adff) from module agriasic_digital_rv32i_top (D = \u_control_shell.u_core.u_ibex_core.cs_registers_i.mcycle_counter_i.counter_d [63:32], Q = \u_control_shell.u_core.u_ibex_core.cs_registers_i.mcycle_counter_i.counter_q [63:32]).
Adding EN signal on $driver$u_control_shell.u_core.u_ibex_core.cs_registers_i.mcycle_counter_i.counter_q ($adff) from module agriasic_digital_rv32i_top (D = \u_control_shell.u_core.u_ibex_core.cs_registers_i.mcycle_counter_i.counter_d [31:0], Q = \u_control_shell.u_core.u_ibex_core.cs_registers_i.mcycle_counter_i.counter_q [31:0]).
Adding EN signal on $driver$u_control_shell.u_core.u_ibex_core.cs_registers_i.minstret_counter_i.counter_q ($adff) from module agriasic_digital_rv32i_top (D = \u_control_shell.u_core.u_ibex_core.cs_registers_i.minstret_counter_i.counter_d [63:32], Q = \u_control_shell.u_core.u_ibex_core.cs_registers_i.minstret_counter_i.counter_q [63:32]).
Adding EN signal on $driver$u_control_shell.u_core.u_ibex_core.cs_registers_i.minstret_counter_i.counter_q ($adff) from module agriasic_digital_rv32i_top (D = \u_control_shell.u_core.u_ibex_core.cs_registers_i.minstret_counter_i.counter_d [31:0], Q = \u_control_shell.u_core.u_ibex_core.cs_registers_i.minstret_counter_i.counter_q [31:0]).
Adding EN signal on $driver$u_control_shell.u_core.u_ibex_core.cs_registers_i.mcountinhibit_q ($adff) from module agriasic_digital_rv32i_top (D = { \u_control_shell.u_core.u_ibex_core.cs_registers_i.csr_wdata_int [2] 1'0 \u_control_shell.u_core.u_ibex_core.cs_registers_i.csr_wdata_int [0] }, Q = \u_control_shell.u_core.u_ibex_core.cs_registers_i.mcountinhibit_q).
Adding EN signal on $driver$u_control_shell.u_core.u_ibex_core.cs_registers_i.u_mcounteren_csr.rdata_q ($adff) from module agriasic_digital_rv32i_top (D = \u_control_shell.u_core.u_ibex_core.cs_registers_i.u_mcounteren_csr.wr_data_i, Q = \u_control_shell.u_core.u_ibex_core.cs_registers_i.u_mcounteren_csr.rdata_q).
Adding EN signal on $driver$u_control_shell.u_dm.i_dm_sba.state_q ($adff) from module agriasic_digital_rv32i_top (D = \u_control_shell.u_dm.i_dm_sba.state_d, Q = \u_control_shell.u_dm.i_dm_sba.state_q).
Adding EN signal on $driver$u_control_shell.u_dm.i_dm_mem.gen_rom_snd_scratch.i_debug_rom.addr_q ($adff) from module agriasic_digital_rv32i_top (D = \u_control_shell.u_dm.i_dm_mem.addr_i [7:3], Q = \u_control_shell.u_dm.i_dm_mem.gen_rom_snd_scratch.i_debug_rom.addr_q).
Adding EN signal on $driver$u_control_shell.u_dm.i_dm_mem.rdata_q ($adff) from module agriasic_digital_rv32i_top (D = $procmux$15511_Y, Q = \u_control_shell.u_dm.i_dm_mem.rdata_q).
Adding EN signal on $driver$u_control_shell.u_dm.i_dm_mem.cmd_hartsel_q ($adff) from module agriasic_digital_rv32i_top (D = \u_control_shell.u_dm.i_dm_csrs.dmcontrol_q [16], Q = \u_control_shell.u_dm.i_dm_mem.cmd_hartsel_q).
Adding EN signal on $driver$u_control_shell.u_dm.i_dm_mem.state_q ($adff) from module agriasic_digital_rv32i_top (D = \u_control_shell.u_dm.i_dm_mem.state_d, Q = \u_control_shell.u_dm.i_dm_mem.state_q).
Adding EN signal on $driver$u_control_shell.u_dm.i_dm_mem.halted_q ($adff) from module agriasic_digital_rv32i_top (D = \u_control_shell.u_dm.i_dm_mem.halted_d, Q = \u_control_shell.u_dm.i_dm_mem.halted_q).
Adding EN signal on $driver$u_control_shell.u_mmio.meas_busy_q ($adff) from module agriasic_digital_rv32i_top (D = $procmux$4587_Y, Q = \u_control_shell.u_mmio.meas_busy_q).
Adding EN signal on $driver$u_control_shell.u_core.u_ibex_core.cs_registers_i.u_cpuctrlsts_part_csr.rdata_q ($adff) from module agriasic_digital_rv32i_top (D = \u_control_shell.u_core.u_ibex_core.cs_registers_i.u_cpuctrlsts_part_csr.wr_data_i [7:6], Q = \u_control_shell.u_core.u_ibex_core.cs_registers_i.u_cpuctrlsts_part_csr.rdata_q [7:6]).
Adding EN signal on $driver$u_control_shell.u_core.u_ibex_core.cs_registers_i.u_cpuctrlsts_part_csr.rdata_q ($adff) from module agriasic_digital_rv32i_top (D = 6'000000, Q = \u_control_shell.u_core.u_ibex_core.cs_registers_i.u_cpuctrlsts_part_csr.rdata_q [5:0]).
Adding EN signal on $driver$u_control_shell.u_core.gen_regfile_ff.register_file_i.g_plain_rf.g_rf_flops[1].rf_reg_q ($adff) from module agriasic_digital_rv32i_top (D = \u_control_shell.u_core.gen_regfile_ff.register_file_i.wdata_a_i, Q = \u_control_shell.u_core.gen_regfile_ff.register_file_i.g_plain_rf.g_rf_flops[1].rf_reg_q).
Adding EN signal on $driver$u_control_shell.u_core.gen_regfile_ff.register_file_i.g_plain_rf.g_rf_flops[2].rf_reg_q ($adff) from module agriasic_digital_rv32i_top (D = \u_control_shell.u_core.gen_regfile_ff.register_file_i.wdata_a_i, Q = \u_control_shell.u_core.gen_regfile_ff.register_file_i.g_plain_rf.g_rf_flops[2].rf_reg_q).
Adding EN signal on $driver$u_control_shell.u_core.gen_regfile_ff.register_file_i.g_plain_rf.g_rf_flops[3].rf_reg_q ($adff) from module agriasic_digital_rv32i_top (D = \u_control_shell.u_core.gen_regfile_ff.register_file_i.wdata_a_i, Q = \u_control_shell.u_core.gen_regfile_ff.register_file_i.g_plain_rf.g_rf_flops[3].rf_reg_q).
Adding EN signal on $driver$u_control_shell.u_core.gen_regfile_ff.register_file_i.g_plain_rf.g_rf_flops[4].rf_reg_q ($adff) from module agriasic_digital_rv32i_top (D = \u_control_shell.u_core.gen_regfile_ff.register_file_i.wdata_a_i, Q = \u_control_shell.u_core.gen_regfile_ff.register_file_i.g_plain_rf.g_rf_flops[4].rf_reg_q).
Adding EN signal on $driver$u_control_shell.u_core.gen_regfile_ff.register_file_i.g_plain_rf.g_rf_flops[5].rf_reg_q ($adff) from module agriasic_digital_rv32i_top (D = \u_control_shell.u_core.gen_regfile_ff.register_file_i.wdata_a_i, Q = \u_control_shell.u_core.gen_regfile_ff.register_file_i.g_plain_rf.g_rf_flops[5].rf_reg_q).
Adding EN signal on $driver$u_control_shell.u_core.gen_regfile_ff.register_file_i.g_plain_rf.g_rf_flops[6].rf_reg_q ($adff) from module agriasic_digital_rv32i_top (D = \u_control_shell.u_core.gen_regfile_ff.register_file_i.wdata_a_i, Q = \u_control_shell.u_core.gen_regfile_ff.register_file_i.g_plain_rf.g_rf_flops[6].rf_reg_q).
Adding EN signal on $driver$u_control_shell.u_core.gen_regfile_ff.register_file_i.g_plain_rf.g_rf_flops[7].rf_reg_q ($adff) from module agriasic_digital_rv32i_top (D = \u_control_shell.u_core.gen_regfile_ff.register_file_i.wdata_a_i, Q = \u_control_shell.u_core.gen_regfile_ff.register_file_i.g_plain_rf.g_rf_flops[7].rf_reg_q).
Adding EN signal on $driver$u_control_shell.u_core.gen_regfile_ff.register_file_i.g_plain_rf.g_rf_flops[8].rf_reg_q ($adff) from module agriasic_digital_rv32i_top (D = \u_control_shell.u_core.gen_regfile_ff.register_file_i.wdata_a_i, Q = \u_control_shell.u_core.gen_regfile_ff.register_file_i.g_plain_rf.g_rf_flops[8].rf_reg_q).
Adding EN signal on $driver$u_control_shell.u_core.gen_regfile_ff.register_file_i.g_plain_rf.g_rf_flops[9].rf_reg_q ($adff) from module agriasic_digital_rv32i_top (D = \u_control_shell.u_core.gen_regfile_ff.register_file_i.wdata_a_i, Q = \u_control_shell.u_core.gen_regfile_ff.register_file_i.g_plain_rf.g_rf_flops[9].rf_reg_q).
Adding EN signal on $driver$u_control_shell.u_core.gen_regfile_ff.register_file_i.g_plain_rf.g_rf_flops[10].rf_reg_q ($adff) from module agriasic_digital_rv32i_top (D = \u_control_shell.u_core.gen_regfile_ff.register_file_i.wdata_a_i, Q = \u_control_shell.u_core.gen_regfile_ff.register_file_i.g_plain_rf.g_rf_flops[10].rf_reg_q).
Adding EN signal on $driver$u_control_shell.u_core.gen_regfile_ff.register_file_i.g_plain_rf.g_rf_flops[11].rf_reg_q ($adff) from module agriasic_digital_rv32i_top (D = \u_control_shell.u_core.gen_regfile_ff.register_file_i.wdata_a_i, Q = \u_control_shell.u_core.gen_regfile_ff.register_file_i.g_plain_rf.g_rf_flops[11].rf_reg_q).
Adding EN signal on $driver$u_control_shell.u_core.gen_regfile_ff.register_file_i.g_plain_rf.g_rf_flops[12].rf_reg_q ($adff) from module agriasic_digital_rv32i_top (D = \u_control_shell.u_core.gen_regfile_ff.register_file_i.wdata_a_i, Q = \u_control_shell.u_core.gen_regfile_ff.register_file_i.g_plain_rf.g_rf_flops[12].rf_reg_q).
Adding EN signal on $driver$u_control_shell.u_core.gen_regfile_ff.register_file_i.g_plain_rf.g_rf_flops[13].rf_reg_q ($adff) from module agriasic_digital_rv32i_top (D = \u_control_shell.u_core.gen_regfile_ff.register_file_i.wdata_a_i, Q = \u_control_shell.u_core.gen_regfile_ff.register_file_i.g_plain_rf.g_rf_flops[13].rf_reg_q).
Adding EN signal on $driver$u_control_shell.u_core.gen_regfile_ff.register_file_i.g_plain_rf.g_rf_flops[14].rf_reg_q ($adff) from module agriasic_digital_rv32i_top (D = \u_control_shell.u_core.gen_regfile_ff.register_file_i.wdata_a_i, Q = \u_control_shell.u_core.gen_regfile_ff.register_file_i.g_plain_rf.g_rf_flops[14].rf_reg_q).
Adding EN signal on $driver$u_control_shell.u_core.gen_regfile_ff.register_file_i.g_plain_rf.g_rf_flops[15].rf_reg_q ($adff) from module agriasic_digital_rv32i_top (D = \u_control_shell.u_core.gen_regfile_ff.register_file_i.wdata_a_i, Q = \u_control_shell.u_core.gen_regfile_ff.register_file_i.g_plain_rf.g_rf_flops[15].rf_reg_q).
Adding EN signal on $driver$u_control_shell.u_core.gen_regfile_ff.register_file_i.g_plain_rf.g_rf_flops[16].rf_reg_q ($adff) from module agriasic_digital_rv32i_top (D = \u_control_shell.u_core.gen_regfile_ff.register_file_i.wdata_a_i, Q = \u_control_shell.u_core.gen_regfile_ff.register_file_i.g_plain_rf.g_rf_flops[16].rf_reg_q).
Adding EN signal on $driver$u_control_shell.u_core.gen_regfile_ff.register_file_i.g_plain_rf.g_rf_flops[17].rf_reg_q ($adff) from module agriasic_digital_rv32i_top (D = \u_control_shell.u_core.gen_regfile_ff.register_file_i.wdata_a_i, Q = \u_control_shell.u_core.gen_regfile_ff.register_file_i.g_plain_rf.g_rf_flops[17].rf_reg_q).
Adding EN signal on $driver$u_control_shell.u_core.gen_regfile_ff.register_file_i.g_plain_rf.g_rf_flops[18].rf_reg_q ($adff) from module agriasic_digital_rv32i_top (D = \u_control_shell.u_core.gen_regfile_ff.register_file_i.wdata_a_i, Q = \u_control_shell.u_core.gen_regfile_ff.register_file_i.g_plain_rf.g_rf_flops[18].rf_reg_q).
Adding EN signal on $driver$u_control_shell.u_core.gen_regfile_ff.register_file_i.g_plain_rf.g_rf_flops[19].rf_reg_q ($adff) from module agriasic_digital_rv32i_top (D = \u_control_shell.u_core.gen_regfile_ff.register_file_i.wdata_a_i, Q = \u_control_shell.u_core.gen_regfile_ff.register_file_i.g_plain_rf.g_rf_flops[19].rf_reg_q).
Adding EN signal on $driver$u_control_shell.u_core.gen_regfile_ff.register_file_i.g_plain_rf.g_rf_flops[20].rf_reg_q ($adff) from module agriasic_digital_rv32i_top (D = \u_control_shell.u_core.gen_regfile_ff.register_file_i.wdata_a_i, Q = \u_control_shell.u_core.gen_regfile_ff.register_file_i.g_plain_rf.g_rf_flops[20].rf_reg_q).
Adding EN signal on $driver$u_control_shell.u_core.gen_regfile_ff.register_file_i.g_plain_rf.g_rf_flops[21].rf_reg_q ($adff) from module agriasic_digital_rv32i_top (D = \u_control_shell.u_core.gen_regfile_ff.register_file_i.wdata_a_i, Q = \u_control_shell.u_core.gen_regfile_ff.register_file_i.g_plain_rf.g_rf_flops[21].rf_reg_q).
Adding EN signal on $driver$u_control_shell.u_core.gen_regfile_ff.register_file_i.g_plain_rf.g_rf_flops[22].rf_reg_q ($adff) from module agriasic_digital_rv32i_top (D = \u_control_shell.u_core.gen_regfile_ff.register_file_i.wdata_a_i, Q = \u_control_shell.u_core.gen_regfile_ff.register_file_i.g_plain_rf.g_rf_flops[22].rf_reg_q).
Adding EN signal on $driver$u_control_shell.u_core.gen_regfile_ff.register_file_i.g_plain_rf.g_rf_flops[23].rf_reg_q ($adff) from module agriasic_digital_rv32i_top (D = \u_control_shell.u_core.gen_regfile_ff.register_file_i.wdata_a_i, Q = \u_control_shell.u_core.gen_regfile_ff.register_file_i.g_plain_rf.g_rf_flops[23].rf_reg_q).
Adding EN signal on $driver$u_control_shell.u_core.gen_regfile_ff.register_file_i.g_plain_rf.g_rf_flops[24].rf_reg_q ($adff) from module agriasic_digital_rv32i_top (D = \u_control_shell.u_core.gen_regfile_ff.register_file_i.wdata_a_i, Q = \u_control_shell.u_core.gen_regfile_ff.register_file_i.g_plain_rf.g_rf_flops[24].rf_reg_q).
Adding EN signal on $driver$u_control_shell.u_core.gen_regfile_ff.register_file_i.g_plain_rf.g_rf_flops[25].rf_reg_q ($adff) from module agriasic_digital_rv32i_top (D = \u_control_shell.u_core.gen_regfile_ff.register_file_i.wdata_a_i, Q = \u_control_shell.u_core.gen_regfile_ff.register_file_i.g_plain_rf.g_rf_flops[25].rf_reg_q).
Adding EN signal on $driver$u_control_shell.u_core.gen_regfile_ff.register_file_i.g_plain_rf.g_rf_flops[26].rf_reg_q ($adff) from module agriasic_digital_rv32i_top (D = \u_control_shell.u_core.gen_regfile_ff.register_file_i.wdata_a_i, Q = \u_control_shell.u_core.gen_regfile_ff.register_file_i.g_plain_rf.g_rf_flops[26].rf_reg_q).
Adding EN signal on $driver$u_control_shell.u_core.gen_regfile_ff.register_file_i.g_plain_rf.g_rf_flops[27].rf_reg_q ($adff) from module agriasic_digital_rv32i_top (D = \u_control_shell.u_core.gen_regfile_ff.register_file_i.wdata_a_i, Q = \u_control_shell.u_core.gen_regfile_ff.register_file_i.g_plain_rf.g_rf_flops[27].rf_reg_q).
Adding EN signal on $driver$u_control_shell.u_core.gen_regfile_ff.register_file_i.g_plain_rf.g_rf_flops[28].rf_reg_q ($adff) from module agriasic_digital_rv32i_top (D = \u_control_shell.u_core.gen_regfile_ff.register_file_i.wdata_a_i, Q = \u_control_shell.u_core.gen_regfile_ff.register_file_i.g_plain_rf.g_rf_flops[28].rf_reg_q).
Adding EN signal on $driver$u_control_shell.u_boot.sh_tx_q ($adff) from module agriasic_digital_rv32i_top (D = $procmux$4512_Y, Q = \u_control_shell.u_boot.sh_tx_q).
Adding EN signal on $driver$u_control_shell.u_core.gen_regfile_ff.register_file_i.g_plain_rf.g_rf_flops[29].rf_reg_q ($adff) from module agriasic_digital_rv32i_top (D = \u_control_shell.u_core.gen_regfile_ff.register_file_i.wdata_a_i, Q = \u_control_shell.u_core.gen_regfile_ff.register_file_i.g_plain_rf.g_rf_flops[29].rf_reg_q).
Adding EN signal on $driver$u_control_shell.u_boot.sck_q ($adff) from module agriasic_digital_rv32i_top (D = $procmux$4517_Y, Q = \u_control_shell.u_boot.sck_q).
Adding EN signal on $driver$u_control_shell.u_core.gen_regfile_ff.register_file_i.g_plain_rf.g_rf_flops[30].rf_reg_q ($adff) from module agriasic_digital_rv32i_top (D = \u_control_shell.u_core.gen_regfile_ff.register_file_i.wdata_a_i, Q = \u_control_shell.u_core.gen_regfile_ff.register_file_i.g_plain_rf.g_rf_flops[30].rf_reg_q).
Adding EN signal on $driver$u_control_shell.u_boot.bit_cnt_q ($adff) from module agriasic_digital_rv32i_top (D = $procmux$4522_Y, Q = \u_control_shell.u_boot.bit_cnt_q).
Adding EN signal on $driver$u_control_shell.u_boot.div_cnt_q ($adff) from module agriasic_digital_rv32i_top (D = $procmux$4527_Y, Q = \u_control_shell.u_boot.div_cnt_q).
Adding EN signal on $driver$u_control_shell.u_boot.fw_cs_n_q ($adff) from module agriasic_digital_rv32i_top (D = \u_control_shell.u_mmio.spi_ctrl_wdata_o [0], Q = \u_control_shell.u_boot.fw_cs_n_q).
Adding EN signal on $driver$u_control_shell.u_boot.force_flash_q ($adff) from module agriasic_digital_rv32i_top (D = $procmux$4083_Y, Q = \u_control_shell.u_boot.force_flash_q).
Adding EN signal on $driver$u_control_shell.u_boot.eng_rx ($adff) from module agriasic_digital_rv32i_top (D = \u_control_shell.u_boot.sh_rx_q, Q = \u_control_shell.u_boot.eng_rx).
Adding EN signal on $driver$u_control_shell.u_mmio.periph_dout_q ($adff) from module agriasic_digital_rv32i_top (D = \u_control_shell.u_mmio.periph_rdata, Q = \u_control_shell.u_mmio.periph_dout_q).
Adding EN signal on $driver$u_control_shell.u_boot.bus_err_q ($adff) from module agriasic_digital_rv32i_top (D = $procmux$4033_Y, Q = \u_control_shell.u_boot.bus_err_q).
Adding EN signal on $driver$u_control_shell.u_boot.fw_valid_q ($adff) from module agriasic_digital_rv32i_top (D = $procmux$3995_Y, Q = \u_control_shell.u_boot.fw_valid_q).
Adding EN signal on $driver$u_control_shell.u_boot.crc_q ($adff) from module agriasic_digital_rv32i_top (D = $procmux$4038_Y, Q = \u_control_shell.u_boot.crc_q).
Adding EN signal on $driver$u_control_shell.u_boot.word_q ($adff) from module agriasic_digital_rv32i_top (D = $4995y, Q = \u_control_shell.u_boot.word_q).
Adding EN signal on $driver$u_control_shell.u_boot.off_q ($adff) from module agriasic_digital_rv32i_top (D = $procmux$4049_Y, Q = \u_control_shell.u_boot.off_q).
Adding EN signal on $driver$u_control_shell.u_boot.length_q ($adff) from module agriasic_digital_rv32i_top (D = \u_control_shell.u_boot.hdr_q [95:64], Q = \u_control_shell.u_boot.length_q).
Adding EN signal on $driver$u_control_shell.u_boot.hdr_q[3] ($adff) from module agriasic_digital_rv32i_top (D = $4930y [31:0], Q = \u_control_shell.u_boot.hdr_q [31:0]).
Adding EN signal on $driver$u_control_shell.u_boot.hdr_q[2] ($adff) from module agriasic_digital_rv32i_top (D = $4930y [63:32], Q = \u_control_shell.u_boot.hdr_q [63:32]).
Adding EN signal on $driver$u_control_shell.u_boot.hdr_q[1] ($adff) from module agriasic_digital_rv32i_top (D = $4930y [95:64], Q = \u_control_shell.u_boot.hdr_q [95:64]).
Adding EN signal on $driver$u_control_shell.u_boot.hdr_q[0] ($adff) from module agriasic_digital_rv32i_top (D = $4930y [127:96], Q = \u_control_shell.u_boot.hdr_q [127:96]).
Adding EN signal on $driver$u_control_shell.u_boot.byte_idx_q ($adff) from module agriasic_digital_rv32i_top (D = $procmux$4063_Y, Q = \u_control_shell.u_boot.byte_idx_q).
Adding EN signal on $driver$u_control_shell.u_boot.delay_q ($adff) from module agriasic_digital_rv32i_top (D = $4983y, Q = \u_control_shell.u_boot.delay_q).
Adding EN signal on $driver$u_control_shell.u_boot.err_q ($adff) from module agriasic_digital_rv32i_top (D = \u_control_shell.u_boot.err_d, Q = \u_control_shell.u_boot.err_q).
Adding EN signal on $driver$u_control_shell.u_boot.sh_rx_q ($adff) from module agriasic_digital_rv32i_top (D = { \u_control_shell.u_boot.sh_rx_q [6:0] \flash_miso_i }, Q = \u_control_shell.u_boot.sh_rx_q).
Adding EN signal on $driver$u_measurement_top.u_excitation_ctrl.phase_q ($adff) from module agriasic_digital_rv32i_top (D = $procmux$5565_Y, Q = \u_measurement_top.u_excitation_ctrl.phase_q).
Adding EN signal on $driver$u_measurement_top.u_sar_controller.d_plus_o ($adff) from module agriasic_digital_rv32i_top (D = \u_measurement_top.u_sar_controller.eval_code, Q = \u_measurement_top.u_sar_controller.d_plus_o).
Adding EN signal on $driver$u_measurement_top.u_sar_controller.d_minus_o ($adff) from module agriasic_digital_rv32i_top (D = \u_measurement_top.u_sar_controller.eval_code, Q = \u_measurement_top.u_sar_controller.d_minus_o).
Adding EN signal on $driver$u_measurement_top.u_sar_controller.adc_enable_o ($adff) from module agriasic_digital_rv32i_top (D = $procmux$4943_Y, Q = \u_measurement_top.u_sar_controller.adc_enable_o).
Adding EN signal on $driver$u_measurement_top.u_sar_controller.state_q ($adff) from module agriasic_digital_rv32i_top (D = $procmux$4852_Y, Q = \u_measurement_top.u_sar_controller.state_q).
Adding EN signal on $driver$u_measurement_top.u_sar_controller.bit_idx_q ($adff) from module agriasic_digital_rv32i_top (D = $procmux$4932_Y, Q = \u_measurement_top.u_sar_controller.bit_idx_q).
Adding EN signal on $driver$u_measurement_top.u_sar_controller.dac_reg_q ($adff) from module agriasic_digital_rv32i_top (D = $procmux$4927_Y, Q = \u_measurement_top.u_sar_controller.dac_reg_q).
Adding EN signal on $driver$u_measurement_top.u_sar_controller.regen_cnt_q ($adff) from module agriasic_digital_rv32i_top (D = $procmux$4923_Y, Q = \u_measurement_top.u_sar_controller.regen_cnt_q).
Setting constant 0-bit at position 0 on $driver$u_control_shell.u_core.u_ibex_core.load_store_unit_i.cap_lsw_err_q ($dlatch) from module agriasic_digital_rv32i_top.
Setting constant 0-bit at position 0 on $auto$ff.cc:337:slice$17887 ($adffe) from module agriasic_digital_rv32i_top.
Setting constant 0-bit at position 1 on $auto$ff.cc:337:slice$17887 ($adffe) from module agriasic_digital_rv32i_top.
Setting constant 0-bit at position 2 on $auto$ff.cc:337:slice$17887 ($adffe) from module agriasic_digital_rv32i_top.
Setting constant 0-bit at position 3 on $auto$ff.cc:337:slice$17887 ($adffe) from module agriasic_digital_rv32i_top.
Setting constant 0-bit at position 4 on $auto$ff.cc:337:slice$17887 ($adffe) from module agriasic_digital_rv32i_top.
Setting constant 0-bit at position 5 on $auto$ff.cc:337:slice$17887 ($adffe) from module agriasic_digital_rv32i_top.
Setting constant 0-bit at position 1 on $auto$ff.cc:337:slice$17834 ($adffe) from module agriasic_digital_rv32i_top.
Setting constant 0-bit at position 1 on $auto$ff.cc:337:slice$17833 ($adffe) from module agriasic_digital_rv32i_top.
Setting constant 0-bit at position 1 on $auto$ff.cc:337:slice$17796 ($adffe) from module agriasic_digital_rv32i_top.
Setting constant 0-bit at position 2 on $auto$ff.cc:337:slice$17796 ($adffe) from module agriasic_digital_rv32i_top.
Setting constant 0-bit at position 3 on $auto$ff.cc:337:slice$17796 ($adffe) from module agriasic_digital_rv32i_top.
Setting constant 0-bit at position 4 on $auto$ff.cc:337:slice$17796 ($adffe) from module agriasic_digital_rv32i_top.
Setting constant 0-bit at position 5 on $auto$ff.cc:337:slice$17796 ($adffe) from module agriasic_digital_rv32i_top.
Setting constant 0-bit at position 6 on $auto$ff.cc:337:slice$17796 ($adffe) from module agriasic_digital_rv32i_top.
Setting constant 0-bit at position 9 on $auto$ff.cc:337:slice$17796 ($adffe) from module agriasic_digital_rv32i_top.
Setting constant 0-bit at position 11 on $auto$ff.cc:337:slice$17796 ($adffe) from module agriasic_digital_rv32i_top.
Setting constant 0-bit at position 12 on $auto$ff.cc:337:slice$17796 ($adffe) from module agriasic_digital_rv32i_top.
Setting constant 0-bit at position 13 on $auto$ff.cc:337:slice$17796 ($adffe) from module agriasic_digital_rv32i_top.
Setting constant 0-bit at position 14 on $auto$ff.cc:337:slice$17796 ($adffe) from module agriasic_digital_rv32i_top.
Setting constant 0-bit at position 15 on $auto$ff.cc:337:slice$17796 ($adffe) from module agriasic_digital_rv32i_top.
Setting constant 0-bit at position 16 on $auto$ff.cc:337:slice$17796 ($adffe) from module agriasic_digital_rv32i_top.
Setting constant 0-bit at position 17 on $auto$ff.cc:337:slice$17796 ($adffe) from module agriasic_digital_rv32i_top.
Setting constant 0-bit at position 18 on $auto$ff.cc:337:slice$17796 ($adffe) from module agriasic_digital_rv32i_top.
Setting constant 0-bit at position 19 on $auto$ff.cc:337:slice$17796 ($adffe) from module agriasic_digital_rv32i_top.
Setting constant 0-bit at position 20 on $auto$ff.cc:337:slice$17796 ($adffe) from module agriasic_digital_rv32i_top.
Setting constant 0-bit at position 21 on $auto$ff.cc:337:slice$17796 ($adffe) from module agriasic_digital_rv32i_top.
Setting constant 0-bit at position 22 on $auto$ff.cc:337:slice$17796 ($adffe) from module agriasic_digital_rv32i_top.
Setting constant 0-bit at position 23 on $auto$ff.cc:337:slice$17796 ($adffe) from module agriasic_digital_rv32i_top.
Setting constant 0-bit at position 24 on $auto$ff.cc:337:slice$17796 ($adffe) from module agriasic_digital_rv32i_top.
Setting constant 1-bit at position 25 on $auto$ff.cc:337:slice$17796 ($adffe) from module agriasic_digital_rv32i_top.
Setting constant 0-bit at position 26 on $auto$ff.cc:337:slice$17796 ($adffe) from module agriasic_digital_rv32i_top.
Setting constant 0-bit at position 0 on $auto$ff.cc:337:slice$17746 ($dffe) from module agriasic_digital_rv32i_top.
Setting constant 0-bit at position 1 on $auto$ff.cc:337:slice$17746 ($dffe) from module agriasic_digital_rv32i_top.
Setting constant 0-bit at position 2 on $auto$ff.cc:337:slice$17746 ($dffe) from module agriasic_digital_rv32i_top.
Setting constant 0-bit at position 3 on $auto$ff.cc:337:slice$17746 ($dffe) from module agriasic_digital_rv32i_top.
Setting constant 0-bit at position 4 on $auto$ff.cc:337:slice$17746 ($dffe) from module agriasic_digital_rv32i_top.
Setting constant 0-bit at position 5 on $auto$ff.cc:337:slice$17746 ($dffe) from module agriasic_digital_rv32i_top.
Setting constant 0-bit at position 6 on $auto$ff.cc:337:slice$17746 ($dffe) from module agriasic_digital_rv32i_top.
Setting constant 0-bit at position 7 on $auto$ff.cc:337:slice$17746 ($dffe) from module agriasic_digital_rv32i_top.
Setting constant 0-bit at position 8 on $auto$ff.cc:337:slice$17746 ($dffe) from module agriasic_digital_rv32i_top.
Setting constant 0-bit at position 9 on $auto$ff.cc:337:slice$17746 ($dffe) from module agriasic_digital_rv32i_top.
Setting constant 0-bit at position 10 on $auto$ff.cc:337:slice$17746 ($dffe) from module agriasic_digital_rv32i_top.
Setting constant 0-bit at position 11 on $auto$ff.cc:337:slice$17746 ($dffe) from module agriasic_digital_rv32i_top.
Setting constant 0-bit at position 12 on $auto$ff.cc:337:slice$17746 ($dffe) from module agriasic_digital_rv32i_top.
Setting constant 0-bit at position 13 on $auto$ff.cc:337:slice$17746 ($dffe) from module agriasic_digital_rv32i_top.
Setting constant 0-bit at position 14 on $auto$ff.cc:337:slice$17746 ($dffe) from module agriasic_digital_rv32i_top.
Setting constant 0-bit at position 15 on $auto$ff.cc:337:slice$17746 ($dffe) from module agriasic_digital_rv32i_top.
Setting constant 0-bit at position 16 on $auto$ff.cc:337:slice$17746 ($dffe) from module agriasic_digital_rv32i_top.
Setting constant 0-bit at position 17 on $auto$ff.cc:337:slice$17746 ($dffe) from module agriasic_digital_rv32i_top.
Setting constant 0-bit at position 18 on $auto$ff.cc:337:slice$17746 ($dffe) from module agriasic_digital_rv32i_top.
Setting constant 0-bit at position 19 on $auto$ff.cc:337:slice$17746 ($dffe) from module agriasic_digital_rv32i_top.
Setting constant 0-bit at position 20 on $auto$ff.cc:337:slice$17746 ($dffe) from module agriasic_digital_rv32i_top.
Setting constant 0-bit at position 21 on $auto$ff.cc:337:slice$17746 ($dffe) from module agriasic_digital_rv32i_top.
Setting constant 0-bit at position 22 on $auto$ff.cc:337:slice$17746 ($dffe) from module agriasic_digital_rv32i_top.
Setting constant 0-bit at position 23 on $auto$ff.cc:337:slice$17746 ($dffe) from module agriasic_digital_rv32i_top.
Setting constant 0-bit at position 24 on $auto$ff.cc:337:slice$17746 ($dffe) from module agriasic_digital_rv32i_top.
Setting constant 0-bit at position 25 on $auto$ff.cc:337:slice$17746 ($dffe) from module agriasic_digital_rv32i_top.
Setting constant 0-bit at position 26 on $auto$ff.cc:337:slice$17746 ($dffe) from module agriasic_digital_rv32i_top.
Setting constant 0-bit at position 27 on $auto$ff.cc:337:slice$17746 ($dffe) from module agriasic_digital_rv32i_top.
Setting constant 0-bit at position 28 on $auto$ff.cc:337:slice$17746 ($dffe) from module agriasic_digital_rv32i_top.
Setting constant 0-bit at position 29 on $auto$ff.cc:337:slice$17746 ($dffe) from module agriasic_digital_rv32i_top.
Setting constant 0-bit at position 30 on $auto$ff.cc:337:slice$17746 ($dffe) from module agriasic_digital_rv32i_top.
Setting constant 0-bit at position 31 on $auto$ff.cc:337:slice$17746 ($dffe) from module agriasic_digital_rv32i_top.
Setting constant 0-bit at position 0 on $auto$ff.cc:337:slice$17745 ($dffe) from module agriasic_digital_rv32i_top.
Setting constant 0-bit at position 0 on $auto$ff.cc:337:slice$17744 ($dffe) from module agriasic_digital_rv32i_top.
Setting constant 0-bit at position 0 on $auto$ff.cc:337:slice$17743 ($dffe) from module agriasic_digital_rv32i_top.
Setting constant 0-bit at position 0 on $auto$ff.cc:337:slice$17742 ($dffe) from module agriasic_digital_rv32i_top.
Setting constant 0-bit at position 0 on $driver$u_control_shell.u_core.u_ibex_core.load_store_unit_i.cheriot_err_q ($adff) from module agriasic_digital_rv32i_top.
Setting constant 0-bit at position 0 on $auto$ff.cc:337:slice$17566 ($adffe) from module agriasic_digital_rv32i_top.
Setting constant 0-bit at position 0 on $auto$ff.cc:337:slice$17330 ($adffe) from module agriasic_digital_rv32i_top.
Setting constant 0-bit at position 0 on $auto$ff.cc:337:slice$17222 ($dffe) from module agriasic_digital_rv32i_top.
Setting constant 0-bit at position 0 on $auto$ff.cc:337:slice$17218 ($dffe) from module agriasic_digital_rv32i_top.
Setting constant 0-bit at position 1 on $auto$ff.cc:337:slice$17218 ($dffe) from module agriasic_digital_rv32i_top.

4.14. Executing OPT_CLEAN pass (remove unused cells and wires).
Finding unused cells or wires in module \agriasic_digital_rv32i_top..
Removed 243 unused cells and 418 unused wires.
<suppressed ~277 debug messages>

4.15. Executing OPT_EXPR pass (perform const folding).
Optimizing module agriasic_digital_rv32i_top.
<suppressed ~80 debug messages>

4.16. Rerunning OPT passes. (Maybe there is more to do..)

4.17. Executing OPT_MUXTREE pass (detect dead branches in mux trees).
Running muxtree optimizer on module \agriasic_digital_rv32i_top..
  Creating internal representation of mux trees.
  Evaluating internal representation of mux trees.
  Analyzing evaluation results.
Removed 0 multiplexer ports.
<suppressed ~2301 debug messages>

4.18. Executing OPT_REDUCE pass (consolidate $*mux and $reduce_* inputs).
  Optimizing cells in module \agriasic_digital_rv32i_top.
    New ctrl vector for $pmux cell $procmux$6086: \u_control_shell.u_core.u_ibex_core.cs_registers_i.csr_save_cause_i
    New ctrl vector for $pmux cell $procmux$6079: \u_control_shell.u_core.u_ibex_core.cs_registers_i.csr_save_cause_i
    New ctrl vector for $pmux cell $procmux$6072: \u_control_shell.u_core.u_ibex_core.cs_registers_i.csr_save_cause_i
    New ctrl vector for $pmux cell $procmux$6065: \u_control_shell.u_core.u_ibex_core.cs_registers_i.csr_save_cause_i
    New ctrl vector for $pmux cell $procmux$9133: { \u_control_shell.u_core.u_ibex_core.id_stage_i.multdiv_en_dec \u_control_shell.u_core.u_ibex_core.id_stage_i.lsu_req_dec }
  Optimizing cells in module \agriasic_digital_rv32i_top.
Performed a total of 5 changes.

4.19. Executing OPT_MERGE pass (detect identical cells).
Finding identical cells in module `\agriasic_digital_rv32i_top'.
Computing hashes of 3726 cells of `\agriasic_digital_rv32i_top'.
Finding duplicate cells in `\agriasic_digital_rv32i_top'.
Computing hashes of 3635 cells of `\agriasic_digital_rv32i_top'.
Finding duplicate cells in `\agriasic_digital_rv32i_top'.
Computing hashes of 3577 cells of `\agriasic_digital_rv32i_top'.
Finding duplicate cells in `\agriasic_digital_rv32i_top'.
Computing hashes of 3576 cells of `\agriasic_digital_rv32i_top'.
Finding duplicate cells in `\agriasic_digital_rv32i_top'.
<suppressed ~450 debug messages>
Removed a total of 150 cells.

4.20. Executing OPT_DFF pass (perform DFF optimizations).
Adding SRST signal on $auto$ff.cc:337:slice$17220 ($dffe) from module agriasic_digital_rv32i_top (D = \u_control_shell.u_core.u_ibex_core.if_stage_i.gen_prefetch_buffer.prefetch_buffer_i.fifo_i.err_plus2, Q = \u_control_shell.u_core.u_ibex_core.if_stage_i.instr_fetch_err_plus2_o, rval = 1'0).
Setting constant 0-bit at position 0 on $auto$ff.cc:337:slice$17738 ($dffe) from module agriasic_digital_rv32i_top.

4.21. Executing OPT_CLEAN pass (remove unused cells and wires).
Finding unused cells or wires in module \agriasic_digital_rv32i_top..
Removed 7 unused cells and 185 unused wires.
<suppressed ~25 debug messages>

4.22. Executing OPT_EXPR pass (perform const folding).
Optimizing module agriasic_digital_rv32i_top.

4.23. Rerunning OPT passes. (Maybe there is more to do..)

4.24. Executing OPT_MUXTREE pass (detect dead branches in mux trees).
Running muxtree optimizer on module \agriasic_digital_rv32i_top..
  Creating internal representation of mux trees.
  Evaluating internal representation of mux trees.
  Analyzing evaluation results.
Removed 0 multiplexer ports.
<suppressed ~2302 debug messages>

4.25. Executing OPT_REDUCE pass (consolidate $*mux and $reduce_* inputs).
  Optimizing cells in module \agriasic_digital_rv32i_top.
Performed a total of 0 changes.

4.26. Executing OPT_MERGE pass (detect identical cells).
Finding identical cells in module `\agriasic_digital_rv32i_top'.
Computing hashes of 3569 cells of `\agriasic_digital_rv32i_top'.
Finding duplicate cells in `\agriasic_digital_rv32i_top'.
Removed a total of 0 cells.

4.27. Executing OPT_DFF pass (perform DFF optimizations).

4.28. Executing OPT_CLEAN pass (remove unused cells and wires).
Finding unused cells or wires in module \agriasic_digital_rv32i_top..

4.29. Executing OPT_EXPR pass (perform const folding).
Optimizing module agriasic_digital_rv32i_top.

4.30. Finished fast OPT passes. (There is nothing left to do.)

5. Executing JSON backend.

6. Executing SYNTH pass.

6.1. Executing HIERARCHY pass (managing design hierarchy).

6.1.1. Analyzing design hierarchy..
Top module:  \agriasic_digital_rv32i_top

6.1.2. Analyzing design hierarchy..
Top module:  \agriasic_digital_rv32i_top
Removed 0 unused modules.

6.2. Executing PROC pass (convert processes to netlists).

6.2.1. Executing PROC_CLEAN pass (remove empty switches from decision trees).
Cleaned up 0 empty switches.

6.2.2. Executing PROC_RMDEAD pass (remove dead branches from decision trees).
Removed a total of 0 dead cases.

6.2.3. Executing PROC_PRUNE pass (remove redundant assignments in processes).
Removed 0 redundant assignments.
Promoted 0 assignments to connections.

6.2.4. Executing PROC_INIT pass (extract init attributes).

6.2.5. Executing PROC_ARST pass (detect async resets in processes).

6.2.6. Executing PROC_ROM pass (convert switches to ROMs).
Converted 0 switches.

6.2.7. Executing PROC_MUX pass (convert decision trees to multiplexers).

6.2.8. Executing PROC_DLATCH pass (convert process syncs to latches).

6.2.9. Executing PROC_DFF pass (convert process syncs to FFs).

6.2.10. Executing PROC_MEMWR pass (convert process memory writes to cells).

6.2.11. Executing PROC_CLEAN pass (remove empty switches from decision trees).
Cleaned up 0 empty switches.

6.2.12. Executing OPT_EXPR pass (perform const folding).
Optimizing module agriasic_digital_rv32i_top.

6.3. Executing OPT_EXPR pass (perform const folding).
Optimizing module agriasic_digital_rv32i_top.

6.4. Executing OPT_CLEAN pass (remove unused cells and wires).
Finding unused cells or wires in module \agriasic_digital_rv32i_top..

6.5. Executing CHECK pass (checking for obvious problems).
Checking module agriasic_digital_rv32i_top...
Found and reported 0 problems.

6.6. Executing OPT pass (performing simple optimizations).

6.6.1. Executing OPT_EXPR pass (perform const folding).
Optimizing module agriasic_digital_rv32i_top.

6.6.2. Executing OPT_MERGE pass (detect identical cells).
Finding identical cells in module `\agriasic_digital_rv32i_top'.
Computing hashes of 3569 cells of `\agriasic_digital_rv32i_top'.
Finding duplicate cells in `\agriasic_digital_rv32i_top'.
Removed a total of 0 cells.

6.6.3. Executing OPT_MUXTREE pass (detect dead branches in mux trees).
Running muxtree optimizer on module \agriasic_digital_rv32i_top..
  Creating internal representation of mux trees.
  Evaluating internal representation of mux trees.
  Analyzing evaluation results.
Removed 0 multiplexer ports.
<suppressed ~2302 debug messages>

6.6.4. Executing OPT_REDUCE pass (consolidate $*mux and $reduce_* inputs).
  Optimizing cells in module \agriasic_digital_rv32i_top.
Performed a total of 0 changes.

6.6.5. Executing OPT_MERGE pass (detect identical cells).
Finding identical cells in module `\agriasic_digital_rv32i_top'.
Computing hashes of 3569 cells of `\agriasic_digital_rv32i_top'.
Finding duplicate cells in `\agriasic_digital_rv32i_top'.
Removed a total of 0 cells.

6.6.6. Executing OPT_DFF pass (perform DFF optimizations).

6.6.7. Executing OPT_CLEAN pass (remove unused cells and wires).
Finding unused cells or wires in module \agriasic_digital_rv32i_top..

6.6.8. Executing OPT_EXPR pass (perform const folding).
Optimizing module agriasic_digital_rv32i_top.

6.6.9. Finished fast OPT passes. (There is nothing left to do.)

6.7. Executing OPT pass (performing simple optimizations).

6.7.1. Executing OPT_EXPR pass (perform const folding).
Optimizing module agriasic_digital_rv32i_top.

6.7.2. Executing OPT_MERGE pass (detect identical cells).
Finding identical cells in module `\agriasic_digital_rv32i_top'.
Computing hashes of 3569 cells of `\agriasic_digital_rv32i_top'.
Finding duplicate cells in `\agriasic_digital_rv32i_top'.
Removed a total of 0 cells.

6.7.3. Executing OPT_MUXTREE pass (detect dead branches in mux trees).
Running muxtree optimizer on module \agriasic_digital_rv32i_top..
  Creating internal representation of mux trees.
  Evaluating internal representation of mux trees.
  Analyzing evaluation results.
Removed 0 multiplexer ports.
<suppressed ~2302 debug messages>

6.7.4. Executing OPT_REDUCE pass (consolidate $*mux and $reduce_* inputs).
  Optimizing cells in module \agriasic_digital_rv32i_top.
Performed a total of 0 changes.

6.7.5. Executing OPT_MERGE pass (detect identical cells).
Finding identical cells in module `\agriasic_digital_rv32i_top'.
Computing hashes of 3569 cells of `\agriasic_digital_rv32i_top'.
Finding duplicate cells in `\agriasic_digital_rv32i_top'.
Removed a total of 0 cells.

6.7.6. Executing OPT_DFF pass (perform DFF optimizations).

6.7.7. Executing OPT_CLEAN pass (remove unused cells and wires).
Finding unused cells or wires in module \agriasic_digital_rv32i_top..

6.7.8. Executing OPT_EXPR pass (perform const folding).
Optimizing module agriasic_digital_rv32i_top.

6.7.9. Finished fast OPT passes. (There is nothing left to do.)

6.8. Executing WREDUCE pass (reducing word size of cells).
Removed top 27 address bits (of 32) from memory init port agriasic_digital_rv32i_top.$auto$mem.cc:351:emit$4 ($auto$proc_rom.cc:155:do_switch$2).
Removed top 1 bits (of 2) from port B of cell agriasic_digital_rv32i_top.$auto$simple.cc:194:make_patterns_logic$18029 ($ne).
Removed top 1 bits (of 2) from port B of cell agriasic_digital_rv32i_top.$auto$simple.cc:194:make_patterns_logic$18016 ($ne).
Removed top 1 bits (of 2) from port B of cell agriasic_digital_rv32i_top.$auto$simple.cc:194:make_patterns_logic$17924 ($ne).
Removed top 1 bits (of 2) from port B of cell agriasic_digital_rv32i_top.$auto$simple.cc:194:make_patterns_logic$17922 ($ne).
Removed top 3 bits (of 4) from port B of cell agriasic_digital_rv32i_top.$auto$simple.cc:194:make_patterns_logic$17837 ($ne).
Removed top 1 bits (of 2) from port B of cell agriasic_digital_rv32i_top.$auto$simple.cc:194:make_patterns_logic$17807 ($ne).
Removed top 1 bits (of 3) from port B of cell agriasic_digital_rv32i_top.$auto$simple.cc:194:make_patterns_logic$17753 ($ne).
Removed top 1 bits (of 3) from port B of cell agriasic_digital_rv32i_top.$auto$simple.cc:194:make_patterns_logic$17732 ($ne).
Removed top 1 bits (of 3) from port B of cell agriasic_digital_rv32i_top.$auto$simple.cc:194:make_patterns_logic$17730 ($ne).
Removed top 1 bits (of 3) from port B of cell agriasic_digital_rv32i_top.$auto$simple.cc:194:make_patterns_logic$17728 ($ne).
Removed top 1 bits (of 3) from port B of cell agriasic_digital_rv32i_top.$auto$simple.cc:194:make_patterns_logic$17724 ($ne).
Removed top 1 bits (of 2) from port B of cell agriasic_digital_rv32i_top.$auto$simple.cc:194:make_patterns_logic$17719 ($ne).
Removed top 1 bits (of 2) from port B of cell agriasic_digital_rv32i_top.$auto$simple.cc:194:make_patterns_logic$17717 ($ne).
Removed top 1 bits (of 3) from port B of cell agriasic_digital_rv32i_top.$auto$simple.cc:194:make_patterns_logic$17638 ($ne).
Removed top 1 bits (of 3) from port B of cell agriasic_digital_rv32i_top.$auto$simple.cc:194:make_patterns_logic$17627 ($ne).
Removed top 1 bits (of 3) from port B of cell agriasic_digital_rv32i_top.$auto$simple.cc:194:make_patterns_logic$17625 ($ne).
Removed top 1 bits (of 3) from port B of cell agriasic_digital_rv32i_top.$auto$simple.cc:194:make_patterns_logic$17620 ($ne).
Removed top 1 bits (of 3) from port B of cell agriasic_digital_rv32i_top.$auto$simple.cc:194:make_patterns_logic$17618 ($ne).
Removed top 1 bits (of 3) from port B of cell agriasic_digital_rv32i_top.$auto$simple.cc:194:make_patterns_logic$17616 ($ne).
Removed top 1 bits (of 2) from port B of cell agriasic_digital_rv32i_top.$auto$simple.cc:194:make_patterns_logic$17582 ($ne).
Removed top 1 bits (of 2) from port B of cell agriasic_digital_rv32i_top.$auto$simple.cc:194:make_patterns_logic$17580 ($ne).
Removed top 1 bits (of 2) from port B of cell agriasic_digital_rv32i_top.$auto$simple.cc:194:make_patterns_logic$17515 ($ne).
Removed top 1 bits (of 2) from port B of cell agriasic_digital_rv32i_top.$auto$simple.cc:194:make_patterns_logic$17496 ($ne).
Removed top 1 bits (of 24) from FF cell agriasic_digital_rv32i_top.$auto$ff.cc:337:slice$17490 ($adffe).
Removed top 1 bits (of 2) from port B of cell agriasic_digital_rv32i_top.$auto$simple.cc:194:make_patterns_logic$17485 ($ne).
Removed top 1 bits (of 2) from port B of cell agriasic_digital_rv32i_top.$auto$simple.cc:194:make_patterns_logic$17477 ($ne).
Removed top 2 bits (of 3) from port B of cell agriasic_digital_rv32i_top.$auto$simple.cc:194:make_patterns_logic$17417 ($ne).
Removed top 1 bits (of 2) from port B of cell agriasic_digital_rv32i_top.$auto$simple.cc:194:make_patterns_logic$17414 ($ne).
Removed top 1 bits (of 2) from port B of cell agriasic_digital_rv32i_top.$auto$simple.cc:194:make_patterns_logic$17411 ($ne).
Removed top 1 bits (of 2) from port B of cell agriasic_digital_rv32i_top.$auto$simple.cc:194:make_patterns_logic$17320 ($ne).
Removed top 5 bits (of 7) from port B of cell agriasic_digital_rv32i_top.$auto$simple.cc:194:make_patterns_logic$17237 ($ne).
Removed top 1 bits (of 14) from port A of cell agriasic_digital_rv32i_top.$auto$opt_expr.cc:702:replace_const_cells$16788 ($not).
Removed top 1 bits (of 14) from port A of cell agriasic_digital_rv32i_top.$auto$opt_expr.cc:702:replace_const_cells$16786 ($not).
Removed top 1 bits (of 14) from port A of cell agriasic_digital_rv32i_top.$auto$opt_expr.cc:702:replace_const_cells$16784 ($not).
Removed top 1 bits (of 14) from port A of cell agriasic_digital_rv32i_top.$auto$opt_expr.cc:702:replace_const_cells$16782 ($not).
Removed top 1 bits (of 14) from port A of cell agriasic_digital_rv32i_top.$auto$opt_expr.cc:702:replace_const_cells$16780 ($not).
Removed top 1 bits (of 14) from port A of cell agriasic_digital_rv32i_top.$auto$opt_expr.cc:702:replace_const_cells$16778 ($not).
Removed top 1 bits (of 14) from port A of cell agriasic_digital_rv32i_top.$auto$opt_expr.cc:702:replace_const_cells$16776 ($not).
Removed top 1 bits (of 14) from port A of cell agriasic_digital_rv32i_top.$auto$opt_expr.cc:702:replace_const_cells$16774 ($not).
Removed top 6 bits (of 64) from port A of cell agriasic_digital_rv32i_top.$auto$opt_expr.cc:771:replace_const_cells$16752 ($and).
Removed top 3 bits (of 4) from FF cell agriasic_digital_rv32i_top.$driver$u_control_shell.u_core.core_busy_q ($adff).
Removed top 3 bits (of 4) from mux cell agriasic_digital_rv32i_top.$69 ($mux).
Removed top 29 bits (of 31) from port B of cell agriasic_digital_rv32i_top.$170 ($add).
Removed top 29 bits (of 32) from port B of cell agriasic_digital_rv32i_top.$295 ($add).
Removed top 3 bits (of 5) from port B of cell agriasic_digital_rv32i_top.$453 ($eq).
Removed top 27 bits (of 32) from mux cell agriasic_digital_rv32i_top.$663 ($mux).
Removed top 29 bits (of 32) from mux cell agriasic_digital_rv32i_top.$677 ($mux).
Removed top 1 bits (of 4) from port B of cell agriasic_digital_rv32i_top.$1250 ($ne).
Removed top 30 bits (of 32) from port B of cell agriasic_digital_rv32i_top.$1489 ($add).
Removed top 5 bits (of 7) from mux cell agriasic_digital_rv32i_top.$1502 ($mux).
Removed top 1 bits (of 2) from mux cell agriasic_digital_rv32i_top.$1901 ($mux).
Removed top 1 bits (of 2) from port B of cell agriasic_digital_rv32i_top.$1917 ($eq).
Removed top 2 bits (of 34) from mux cell agriasic_digital_rv32i_top.$2101 ($mux).
Removed top 1 bits (of 33) from port A of cell agriasic_digital_rv32i_top.$2109 ($add).
Removed top 1 bits (of 33) from port B of cell agriasic_digital_rv32i_top.$2109 ($add).
Removed top 1 bits (of 33) from port Y of cell agriasic_digital_rv32i_top.$2109 ($add).
Removed top 1 bits (of 34) from port A of cell agriasic_digital_rv32i_top.$2156 ($add).
Removed top 1 bits (of 34) from port B of cell agriasic_digital_rv32i_top.$2156 ($add).
Removed top 1 bits (of 34) from port Y of cell agriasic_digital_rv32i_top.$2156 ($add).
Removed top 26 bits (of 32) from port A of cell agriasic_digital_rv32i_top.$2220 ($sub).
Removed top 27 bits (of 32) from port B of cell agriasic_digital_rv32i_top.$2220 ($sub).
Removed top 27 bits (of 32) from port Y of cell agriasic_digital_rv32i_top.$2220 ($sub).
Removed top 5 bits (of 6) from port A of cell agriasic_digital_rv32i_top.$2220 ($sub).
Removed top 1 bits (of 33) from port Y of cell agriasic_digital_rv32i_top.$2243 ($sshr).
Converting cell agriasic_digital_rv32i_top.$2333 ($mul) from unsigned to signed.
Removed top 18 bits (of 35) from port A of cell agriasic_digital_rv32i_top.$2333 ($mul).
Removed top 18 bits (of 35) from port B of cell agriasic_digital_rv32i_top.$2333 ($mul).
Removed top 1 bits (of 35) from port Y of cell agriasic_digital_rv32i_top.$2333 ($mul).
Converting cell agriasic_digital_rv32i_top.$2334 ($add) from unsigned to signed.
Removed top 1 bits (of 35) from port A of cell agriasic_digital_rv32i_top.$2334 ($add).
Removed top 1 bits (of 35) from port B of cell agriasic_digital_rv32i_top.$2334 ($add).
Removed top 1 bits (of 35) from port Y of cell agriasic_digital_rv32i_top.$2334 ($add).
Removed top 1 bits (of 33) from port A of cell agriasic_digital_rv32i_top.$2374 ($or).
Removed top 1 bits (of 33) from port B of cell agriasic_digital_rv32i_top.$2374 ($or).
Removed top 1 bits (of 33) from port Y of cell agriasic_digital_rv32i_top.$2374 ($or).
Removed top 1 bits (of 33) from mux cell agriasic_digital_rv32i_top.$2375 ($mux).
Removed top 31 bits (of 32) from port A of cell agriasic_digital_rv32i_top.$2377 ($shl).
Removed top 4 bits (of 5) from port B of cell agriasic_digital_rv32i_top.$2395 ($sub).
Removed top 4 bits (of 5) from port B of cell agriasic_digital_rv32i_top.$2413 ($eq).
Removed top 30 bits (of 32) from mux cell agriasic_digital_rv32i_top.$2622 ($mux).
Removed top 2 bits (of 4) from mux cell agriasic_digital_rv32i_top.$2689 ($mux).
Removed top 2 bits (of 4) from mux cell agriasic_digital_rv32i_top.$2690 ($mux).
Removed top 2 bits (of 4) from mux cell agriasic_digital_rv32i_top.$2738 ($mux).
Removed top 1 bits (of 2) from port B of cell agriasic_digital_rv32i_top.$2983 ($eq).
Removed top 2 bits (of 12) from port B of cell agriasic_digital_rv32i_top.$3171 ($eq).
Removed top 2 bits (of 12) from port B of cell agriasic_digital_rv32i_top.$3172 ($eq).
Removed top 2 bits (of 12) from port B of cell agriasic_digital_rv32i_top.$3173 ($eq).
Removed top 2 bits (of 12) from port B of cell agriasic_digital_rv32i_top.$3174 ($eq).
Removed top 2 bits (of 12) from port B of cell agriasic_digital_rv32i_top.$3175 ($eq).
Removed top 2 bits (of 12) from port B of cell agriasic_digital_rv32i_top.$3176 ($eq).
Removed top 2 bits (of 12) from port B of cell agriasic_digital_rv32i_top.$3177 ($eq).
Removed top 2 bits (of 12) from port B of cell agriasic_digital_rv32i_top.$3178 ($eq).
Removed top 2 bits (of 12) from port B of cell agriasic_digital_rv32i_top.$3179 ($eq).
Removed top 2 bits (of 12) from port B of cell agriasic_digital_rv32i_top.$3180 ($eq).
Removed top 2 bits (of 12) from port B of cell agriasic_digital_rv32i_top.$3181 ($eq).
Removed top 2 bits (of 12) from port B of cell agriasic_digital_rv32i_top.$3182 ($eq).
Removed top 2 bits (of 12) from port B of cell agriasic_digital_rv32i_top.$3183 ($eq).
Removed top 2 bits (of 12) from port B of cell agriasic_digital_rv32i_top.$3184 ($eq).
Removed top 2 bits (of 12) from port B of cell agriasic_digital_rv32i_top.$3185 ($eq).
Removed top 2 bits (of 12) from port B of cell agriasic_digital_rv32i_top.$3186 ($eq).
Removed top 2 bits (of 12) from port B of cell agriasic_digital_rv32i_top.$3187 ($eq).
Removed top 2 bits (of 12) from port B of cell agriasic_digital_rv32i_top.$3188 ($eq).
Removed top 2 bits (of 12) from port B of cell agriasic_digital_rv32i_top.$3189 ($eq).
Removed top 2 bits (of 12) from port B of cell agriasic_digital_rv32i_top.$3190 ($eq).
Removed top 17 bits (of 18) from port A of cell agriasic_digital_rv32i_top.$3374 ($and).
Removed top 63 bits (of 64) from port B of cell agriasic_digital_rv32i_top.$3647 ($add).
Removed top 63 bits (of 64) from port B of cell agriasic_digital_rv32i_top.$3670 ($add).
Removed top 4 bits (of 5) from port B of cell agriasic_digital_rv32i_top.$4010 ($eq).
Removed top 3 bits (of 5) from port B of cell agriasic_digital_rv32i_top.$4012 ($eq).
Removed top 3 bits (of 5) from port B of cell agriasic_digital_rv32i_top.$4014 ($eq).
Removed top 2 bits (of 5) from port B of cell agriasic_digital_rv32i_top.$4016 ($eq).
Removed top 2 bits (of 5) from port B of cell agriasic_digital_rv32i_top.$4018 ($eq).
Removed top 2 bits (of 5) from port B of cell agriasic_digital_rv32i_top.$4020 ($eq).
Removed top 2 bits (of 5) from port B of cell agriasic_digital_rv32i_top.$4022 ($eq).
Removed top 1 bits (of 5) from port B of cell agriasic_digital_rv32i_top.$4024 ($eq).
Removed top 1 bits (of 5) from port B of cell agriasic_digital_rv32i_top.$4026 ($eq).
Removed top 1 bits (of 5) from port B of cell agriasic_digital_rv32i_top.$4028 ($eq).
Removed top 1 bits (of 5) from port B of cell agriasic_digital_rv32i_top.$4030 ($eq).
Removed top 1 bits (of 5) from port B of cell agriasic_digital_rv32i_top.$4032 ($eq).
Removed top 1 bits (of 5) from port B of cell agriasic_digital_rv32i_top.$4034 ($eq).
Removed top 1 bits (of 5) from port B of cell agriasic_digital_rv32i_top.$4036 ($eq).
Removed top 1 bits (of 5) from port B of cell agriasic_digital_rv32i_top.$4038 ($eq).
Removed top 1 bits (of 6) from port A of cell agriasic_digital_rv32i_top.$4232 ($not).
Removed top 1 bits (of 6) from port A of cell agriasic_digital_rv32i_top.$4238 ($not).
Removed top 19 bits (of 32) from port B of cell agriasic_digital_rv32i_top.$4407 ($lt).
Removed top 15 bits (of 32) from port B of cell agriasic_digital_rv32i_top.$4410 ($ge).
Removed top 15 bits (of 32) from port B of cell agriasic_digital_rv32i_top.$4411 ($lt).
Removed top 3 bits (of 32) from port B of cell agriasic_digital_rv32i_top.$4420 ($ge).
Removed top 3 bits (of 32) from port B of cell agriasic_digital_rv32i_top.$4421 ($lt).
Removed top 19 bits (of 32) from port B of cell agriasic_digital_rv32i_top.$4435 ($lt).
Removed top 15 bits (of 32) from port B of cell agriasic_digital_rv32i_top.$4438 ($ge).
Removed top 15 bits (of 32) from port B of cell agriasic_digital_rv32i_top.$4439 ($lt).
Removed top 3 bits (of 32) from port B of cell agriasic_digital_rv32i_top.$4448 ($ge).
Removed top 3 bits (of 32) from port B of cell agriasic_digital_rv32i_top.$4449 ($lt).
Removed top 19 bits (of 32) from port B of cell agriasic_digital_rv32i_top.$4461 ($lt).
Removed top 15 bits (of 32) from port B of cell agriasic_digital_rv32i_top.$4464 ($ge).
Removed top 15 bits (of 32) from port B of cell agriasic_digital_rv32i_top.$4465 ($lt).
Removed top 3 bits (of 32) from port B of cell agriasic_digital_rv32i_top.$4474 ($ge).
Removed top 3 bits (of 32) from port B of cell agriasic_digital_rv32i_top.$4475 ($lt).
Removed top 19 bits (of 32) from port B of cell agriasic_digital_rv32i_top.$4489 ($lt).
Removed top 15 bits (of 32) from port B of cell agriasic_digital_rv32i_top.$4492 ($ge).
Removed top 15 bits (of 32) from port B of cell agriasic_digital_rv32i_top.$4493 ($lt).
Removed top 3 bits (of 32) from port B of cell agriasic_digital_rv32i_top.$4502 ($ge).
Removed top 3 bits (of 32) from port B of cell agriasic_digital_rv32i_top.$4503 ($lt).
Removed top 1 bits (of 2) from port B of cell agriasic_digital_rv32i_top.$4515 ($ne).
Removed top 1 bits (of 2) from port B of cell agriasic_digital_rv32i_top.$4518 ($eq).
Removed top 1 bits (of 2) from port B of cell agriasic_digital_rv32i_top.$4524 ($eq).
Removed top 1 bits (of 2) from port B of cell agriasic_digital_rv32i_top.$4533 ($eq).
Removed top 1 bits (of 2) from port B of cell agriasic_digital_rv32i_top.$4539 ($eq).
Removed top 20 bits (of 32) from mux cell agriasic_digital_rv32i_top.$4622 ($mux).
Removed top 15 bits (of 32) from port B of cell agriasic_digital_rv32i_top.$4721 ($ge).
Removed top 15 bits (of 32) from port B of cell agriasic_digital_rv32i_top.$4722 ($lt).
Removed top 15 bits (of 32) from port B of cell agriasic_digital_rv32i_top.$4725 ($sub).
Removed top 1 bits (of 4) from port B of cell agriasic_digital_rv32i_top.$4806 ($gt).
Removed top 3 bits (of 4) from port B of cell agriasic_digital_rv32i_top.$4867 ($sub).
Removed top 3 bits (of 4) from port B of cell agriasic_digital_rv32i_top.$4868 ($eq).
Removed top 7 bits (of 8) from port B of cell agriasic_digital_rv32i_top.$4877 ($add).
Removed top 1 bits (of 4) from port B of cell agriasic_digital_rv32i_top.$4892 ($ne).
Removed top 6 bits (of 8) from mux cell agriasic_digital_rv32i_top.$4907 ($mux).
Removed top 1 bits (of 3) from port A of cell agriasic_digital_rv32i_top.$4920 ($not).
Removed top 27 bits (of 33) from port A of cell agriasic_digital_rv32i_top.$4923 ($neg).
Converting cell agriasic_digital_rv32i_top.$4923 ($neg) from signed to unsigned.
Removed top 1 bits (of 6) from port A of cell agriasic_digital_rv32i_top.$4923 ($neg).
Removed top 1 bits (of 5) from port B of cell agriasic_digital_rv32i_top.$4931 ($eq).
Removed top 1 bits (of 32) from port B of cell agriasic_digital_rv32i_top.$4935 ($ne).
Removed top 19 bits (of 32) from port B of cell agriasic_digital_rv32i_top.$4937 ($gt).
Removed top 2 bits (of 4) from mux cell agriasic_digital_rv32i_top.$4953 ($mux).
Removed top 19 bits (of 20) from port B of cell agriasic_digital_rv32i_top.$4981 ($add).
Removed top 3 bits (of 5) from port B of cell agriasic_digital_rv32i_top.$4985 ($eq).
Removed top 4 bits (of 5) from port B of cell agriasic_digital_rv32i_top.$4988 ($add).
Removed top 27 bits (of 33) from port A of cell agriasic_digital_rv32i_top.$4993 ($neg).
Converting cell agriasic_digital_rv32i_top.$4993 ($neg) from signed to unsigned.
Removed top 1 bits (of 6) from port A of cell agriasic_digital_rv32i_top.$4993 ($neg).
Removed top 24 bits (of 32) from port B of cell agriasic_digital_rv32i_top.$4996 ($xor).
Removed top 31 bits (of 32) from port B of cell agriasic_digital_rv32i_top.$5029 ($add).
Removed top 1 bits (of 4) from port B of cell agriasic_digital_rv32i_top.$5041 ($eq).
Removed top 29 bits (of 32) from port B of cell agriasic_digital_rv32i_top.$5054 ($sub).
Removed top 1 bits (of 2) from port B of cell agriasic_digital_rv32i_top.$5138 ($eq).
Removed top 3 bits (of 4) from mux cell agriasic_digital_rv32i_top.$5257 ($mux).
Removed top 3 bits (of 4) from mux cell agriasic_digital_rv32i_top.$5261 ($mux).
Removed top 3 bits (of 4) from mux cell agriasic_digital_rv32i_top.$5263 ($mux).
Removed top 1 bits (of 4) from mux cell agriasic_digital_rv32i_top.$5268 ($mux).
Removed top 2 bits (of 4) from mux cell agriasic_digital_rv32i_top.$5269 ($mux).
Removed top 2 bits (of 4) from mux cell agriasic_digital_rv32i_top.$5270 ($mux).
Removed top 1 bits (of 4) from mux cell agriasic_digital_rv32i_top.$5271 ($mux).
Removed top 2 bits (of 4) from mux cell agriasic_digital_rv32i_top.$5272 ($mux).
Removed top 14 bits (of 15) from port B of cell agriasic_digital_rv32i_top.$6137 ($lt).
Converting cell agriasic_digital_rv32i_top.$6138 ($lt) from signed to unsigned.
Removed top 1 bits (of 16) from port A of cell agriasic_digital_rv32i_top.$6138 ($lt).
Removed top 1 bits (of 2) from port B of cell agriasic_digital_rv32i_top.$6138 ($lt).
Removed top 9 bits (of 10) from port B of cell agriasic_digital_rv32i_top.$6144 ($lt).
Converting cell agriasic_digital_rv32i_top.$6145 ($lt) from signed to unsigned.
Removed top 1 bits (of 11) from port A of cell agriasic_digital_rv32i_top.$6145 ($lt).
Removed top 1 bits (of 2) from port B of cell agriasic_digital_rv32i_top.$6145 ($lt).
Removed top 4 bits (of 5) from port B of cell agriasic_digital_rv32i_top.$6151 ($lt).
Converting cell agriasic_digital_rv32i_top.$6152 ($lt) from signed to unsigned.
Removed top 1 bits (of 6) from port A of cell agriasic_digital_rv32i_top.$6152 ($lt).
Removed top 1 bits (of 2) from port B of cell agriasic_digital_rv32i_top.$6152 ($lt).
Removed top 1 bits (of 8) from port A of cell agriasic_digital_rv32i_top.$6182 ($sub).
Removed top 5 bits (of 8) from port B of cell agriasic_digital_rv32i_top.$6182 ($sub).
Removed top 4 bits (of 8) from port Y of cell agriasic_digital_rv32i_top.$6182 ($sub).
Removed top 3 bits (of 7) from port A of cell agriasic_digital_rv32i_top.$6182 ($sub).
Removed top 12 bits (of 32) from port A of cell agriasic_digital_rv32i_top.$6221 ($gt).
Removed top 31 bits (of 32) from port B of cell agriasic_digital_rv32i_top.$6221 ($gt).
Removed top 1 bits (of 2) from port B of cell agriasic_digital_rv32i_top.$6243 ($eq).
Removed top 10 bits (of 32) from mux cell agriasic_digital_rv32i_top.$6261 ($mux).
Removed top 2 bits (of 7) from port B of cell agriasic_digital_rv32i_top.$6280 ($eq).
Removed top 1 bits (of 7) from port B of cell agriasic_digital_rv32i_top.$6281 ($eq).
Removed top 1 bits (of 7) from port B of cell agriasic_digital_rv32i_top.$6282 ($eq).
Removed top 1 bits (of 8) from port A of cell agriasic_digital_rv32i_top.$6309 ($ge).
Removed top 5 bits (of 8) from port B of cell agriasic_digital_rv32i_top.$6309 ($ge).
Removed top 1 bits (of 8) from port A of cell agriasic_digital_rv32i_top.$6310 ($le).
Removed top 5 bits (of 8) from port B of cell agriasic_digital_rv32i_top.$6310 ($le).
Removed top 2 bits (of 7) from port B of cell agriasic_digital_rv32i_top.$6324 ($eq).
Removed top 2 bits (of 7) from port B of cell agriasic_digital_rv32i_top.$6331 ($eq).
Removed top 2 bits (of 7) from port B of cell agriasic_digital_rv32i_top.$6332 ($eq).
Removed top 2 bits (of 7) from port B of cell agriasic_digital_rv32i_top.$6333 ($eq).
Removed top 2 bits (of 7) from port B of cell agriasic_digital_rv32i_top.$6341 ($eq).
Removed top 2 bits (of 7) from port B of cell agriasic_digital_rv32i_top.$6354 ($eq).
Removed top 1 bits (of 8) from port A of cell agriasic_digital_rv32i_top.$6361 ($ge).
Removed top 2 bits (of 8) from port B of cell agriasic_digital_rv32i_top.$6361 ($ge).
Removed top 1 bits (of 8) from port A of cell agriasic_digital_rv32i_top.$6362 ($le).
Removed top 2 bits (of 8) from port B of cell agriasic_digital_rv32i_top.$6362 ($le).
Removed top 1 bits (of 7) from port B of cell agriasic_digital_rv32i_top.$6376 ($eq).
Removed top 1 bits (of 7) from port B of cell agriasic_digital_rv32i_top.$6384 ($eq).
Removed top 1 bits (of 7) from port B of cell agriasic_digital_rv32i_top.$6391 ($eq).
Removed top 1 bits (of 7) from port B of cell agriasic_digital_rv32i_top.$6396 ($eq).
Removed top 1 bits (of 7) from port B of cell agriasic_digital_rv32i_top.$6403 ($eq).
Converting cell agriasic_digital_rv32i_top.$6465 ($lt) from signed to unsigned.
Removed top 1 bits (of 2) from port A of cell agriasic_digital_rv32i_top.$6465 ($lt).
Removed top 1 bits (of 2) from port B of cell agriasic_digital_rv32i_top.$6465 ($lt).
Removed top 31 bits (of 32) from port A of cell agriasic_digital_rv32i_top.$6494 ($add).
Removed top 31 bits (of 32) from port B of cell agriasic_digital_rv32i_top.$6494 ($add).
Removed top 31 bits (of 32) from port Y of cell agriasic_digital_rv32i_top.$6494 ($add).
Removed top 30 bits (of 32) from port A of cell agriasic_digital_rv32i_top.$6496 ($add).
Removed top 31 bits (of 32) from port B of cell agriasic_digital_rv32i_top.$6496 ($add).
Removed top 30 bits (of 32) from port Y of cell agriasic_digital_rv32i_top.$6496 ($add).
Removed top 31 bits (of 32) from port A of cell agriasic_digital_rv32i_top.$6504 ($add).
Removed top 31 bits (of 32) from port B of cell agriasic_digital_rv32i_top.$6504 ($add).
Removed top 31 bits (of 32) from port Y of cell agriasic_digital_rv32i_top.$6504 ($add).
Removed top 30 bits (of 32) from port A of cell agriasic_digital_rv32i_top.$6506 ($sub).
Removed top 31 bits (of 32) from port B of cell agriasic_digital_rv32i_top.$6506 ($sub).
Removed top 30 bits (of 32) from port Y of cell agriasic_digital_rv32i_top.$6506 ($sub).
Removed top 29 bits (of 32) from port A of cell agriasic_digital_rv32i_top.$6608 ($neg).
Converting cell agriasic_digital_rv32i_top.$6608 ($neg) from signed to unsigned.
Removed top 1 bits (of 3) from port A of cell agriasic_digital_rv32i_top.$6608 ($neg).
Removed top 31 bits (of 32) from port A of cell agriasic_digital_rv32i_top.$6615 ($shl).
Removed top 29 bits (of 32) from port A of cell agriasic_digital_rv32i_top.$6651 ($gt).
Removed top 30 bits (of 32) from port B of cell agriasic_digital_rv32i_top.$6651 ($gt).
Removed top 27 bits (of 32) from port B of cell agriasic_digital_rv32i_top.$6677 ($shl).
Removed top 27 bits (of 32) from port B of cell agriasic_digital_rv32i_top.$6683 ($shr).
Removed top 31 bits (of 32) from port B of cell agriasic_digital_rv32i_top.$6715 ($le).
Removed top 1 bits (of 12) from port B of cell agriasic_digital_rv32i_top.$6717 ($sub).
Removed top 2 bits (of 10) from port B of cell agriasic_digital_rv32i_top.$6763 ($sub).
Removed top 9 bits (of 10) from port Y of cell agriasic_digital_rv32i_top.$6763 ($sub).
Removed top 9 bits (of 10) from port A of cell agriasic_digital_rv32i_top.$6763 ($sub).
Removed top 7 bits (of 8) from port B of cell agriasic_digital_rv32i_top.$6763 ($sub).
Removed top 24 bits (of 32) from mux cell agriasic_digital_rv32i_top.$6773 ($mux).
Removed top 16 bits (of 32) from mux cell agriasic_digital_rv32i_top.$6782 ($mux).
Removed top 8 bits (of 32) from mux cell agriasic_digital_rv32i_top.$6791 ($mux).
Removed top 31 bits (of 32) from port A of cell agriasic_digital_rv32i_top.$6796 ($lt).
Removed top 30 bits (of 32) from port B of cell agriasic_digital_rv32i_top.$6796 ($lt).
Removed top 31 bits (of 33) from port A of cell agriasic_digital_rv32i_top.$6799 ($lt).
Converting cell agriasic_digital_rv32i_top.$6799 ($lt) from signed to unsigned.
Removed top 1 bits (of 2) from port A of cell agriasic_digital_rv32i_top.$6799 ($lt).
Removed top 1 bits (of 3) from port B of cell agriasic_digital_rv32i_top.$6799 ($lt).
Removed top 3 bits (of 12) from port B of cell agriasic_digital_rv32i_top.$6824 ($eq).
Removed top 3 bits (of 12) from port B of cell agriasic_digital_rv32i_top.$6832 ($eq).
Removed top 3 bits (of 12) from port B of cell agriasic_digital_rv32i_top.$6833 ($eq).
Converting cell agriasic_digital_rv32i_top.$6834 ($lt) from signed to unsigned.
Removed top 1 bits (of 2) from port A of cell agriasic_digital_rv32i_top.$6834 ($lt).
Removed top 1 bits (of 2) from port B of cell agriasic_digital_rv32i_top.$6834 ($lt).
Removed top 3 bits (of 12) from port B of cell agriasic_digital_rv32i_top.$6838 ($eq).
Removed top 2 bits (of 12) from port B of cell agriasic_digital_rv32i_top.$6843 ($eq).
Removed top 2 bits (of 12) from port B of cell agriasic_digital_rv32i_top.$6853 ($ge).
Removed top 2 bits (of 12) from port B of cell agriasic_digital_rv32i_top.$6854 ($le).
Removed top 8 bits (of 9) from port B of cell agriasic_digital_rv32i_top.$6858 ($add).
Removed top 8 bits (of 9) from port Y of cell agriasic_digital_rv32i_top.$6858 ($add).
Removed top 8 bits (of 9) from port A of cell agriasic_digital_rv32i_top.$6858 ($add).
Removed top 2 bits (of 9) from port B of cell agriasic_digital_rv32i_top.$6860 ($sub).
Removed cell agriasic_digital_rv32i_top.$6860 ($sub).
Removed top 2 bits (of 12) from port B of cell agriasic_digital_rv32i_top.$6863 ($ge).
Removed top 2 bits (of 12) from port B of cell agriasic_digital_rv32i_top.$6864 ($le).
Removed top 2 bits (of 9) from port B of cell agriasic_digital_rv32i_top.$6866 ($sub).
Removed top 6 bits (of 9) from port Y of cell agriasic_digital_rv32i_top.$6866 ($sub).
Removed top 6 bits (of 9) from port A of cell agriasic_digital_rv32i_top.$6866 ($sub).
Removed top 4 bits (of 7) from port B of cell agriasic_digital_rv32i_top.$6866 ($sub).
Converting cell agriasic_digital_rv32i_top.$6867 ($lt) from signed to unsigned.
Removed top 1 bits (of 4) from port A of cell agriasic_digital_rv32i_top.$6867 ($lt).
Removed top 1 bits (of 4) from port B of cell agriasic_digital_rv32i_top.$6867 ($lt).
Removed top 2 bits (of 12) from port B of cell agriasic_digital_rv32i_top.$6870 ($ge).
Removed top 2 bits (of 12) from port B of cell agriasic_digital_rv32i_top.$6871 ($le).
Removed top 2 bits (of 9) from port B of cell agriasic_digital_rv32i_top.$6873 ($sub).
Removed top 6 bits (of 9) from port Y of cell agriasic_digital_rv32i_top.$6873 ($sub).
Removed top 6 bits (of 9) from port A of cell agriasic_digital_rv32i_top.$6873 ($sub).
Removed top 4 bits (of 7) from port B of cell agriasic_digital_rv32i_top.$6873 ($sub).
Removed top 1 bits (of 12) from port B of cell agriasic_digital_rv32i_top.$6875 ($ge).
Removed top 1 bits (of 12) from port B of cell agriasic_digital_rv32i_top.$6876 ($le).
Removed top 8 bits (of 20) from port A of cell agriasic_digital_rv32i_top.$6878 ($le).
Removed top 19 bits (of 20) from port B of cell agriasic_digital_rv32i_top.$6878 ($le).
Removed top 29 bits (of 32) from port A of cell agriasic_digital_rv32i_top.$6921 ($lt).
Removed top 30 bits (of 32) from port B of cell agriasic_digital_rv32i_top.$6921 ($lt).
Removed top 1 bits (of 5) from port B of cell agriasic_digital_rv32i_top.$6929 ($eq).
Removed top 29 bits (of 32) from port A of cell agriasic_digital_rv32i_top.$6937 ($ge).
Removed top 30 bits (of 32) from port B of cell agriasic_digital_rv32i_top.$6937 ($ge).
Removed top 13 bits (of 14) from port B of cell agriasic_digital_rv32i_top.$7088 ($sub).
Removed top 1 bits (of 4) from port B of cell agriasic_digital_rv32i_top.$7091 ($lt).
Removed top 3 bits (of 4) from port B of cell agriasic_digital_rv32i_top.$7107 ($add).
Removed top 13 bits (of 14) from port B of cell agriasic_digital_rv32i_top.$7110 ($add).
Removed top 7 bits (of 8) from port A of cell agriasic_digital_rv32i_top.$7125 ($shl).
Removed top 7 bits (of 8) from port B of cell agriasic_digital_rv32i_top.$7148 ($sub).
Removed top 2 bits (of 3) from port B of cell agriasic_digital_rv32i_top.$7154 ($sub).
Removed top 7 bits (of 8) from port A of cell agriasic_digital_rv32i_top.$7187 ($shl).
Removed top 1 bits (of 4) from port B of cell agriasic_digital_rv32i_top.$7188 ($ge).
Removed top 7 bits (of 16) from port A of cell agriasic_digital_rv32i_top.$7191 ($sub).
Removed top 7 bits (of 16) from port B of cell agriasic_digital_rv32i_top.$7191 ($sub).
Converting cell agriasic_digital_rv32i_top.$7191 ($sub) from signed to unsigned.
Removed top 6 bits (of 16) from port Y of cell agriasic_digital_rv32i_top.$7191 ($sub).
Removed top 1 bits (of 9) from port A of cell agriasic_digital_rv32i_top.$7191 ($sub).
Removed top 1 bits (of 9) from port B of cell agriasic_digital_rv32i_top.$7191 ($sub).
Removed top 1 bits (of 10) from port Y of cell agriasic_digital_rv32i_top.$7191 ($sub).
Removed top 7 bits (of 8) from port B of cell agriasic_digital_rv32i_top.$7200 ($add).
Removed top 7 bits (of 16) from port B of cell agriasic_digital_rv32i_top.$7214 ($add).
Removed top 1 bits (of 4) from port B of cell agriasic_digital_rv32i_top.$7215 ($eq).
Removed top 7 bits (of 16) from port B of cell agriasic_digital_rv32i_top.$7225 ($add).
Removed top 7 bits (of 8) from port B of cell agriasic_digital_rv32i_top.$7226 ($add).
Removed top 1 bits (of 2) from port B of cell agriasic_digital_rv32i_top.$procmux$73_CMP0 ($eq).
Removed top 1 bits (of 3) from mux cell agriasic_digital_rv32i_top.$procmux$162 ($mux).
Removed top 1 bits (of 3) from mux cell agriasic_digital_rv32i_top.$procmux$219 ($mux).
Removed top 1 bits (of 3) from port B of cell agriasic_digital_rv32i_top.$procmux$311_CMP0 ($eq).
Removed top 2 bits (of 3) from port B of cell agriasic_digital_rv32i_top.$procmux$313_CMP0 ($eq).
Removed top 1 bits (of 3) from mux cell agriasic_digital_rv32i_top.$procmux$316 ($mux).
Removed top 1 bits (of 3) from port B of cell agriasic_digital_rv32i_top.$procmux$325_CMP0 ($eq).
Removed top 1 bits (of 3) from port B of cell agriasic_digital_rv32i_top.$procmux$328_CMP0 ($eq).
Removed top 1 bits (of 3) from port B of cell agriasic_digital_rv32i_top.$procmux$329_CMP0 ($eq).
Removed top 2 bits (of 3) from port B of cell agriasic_digital_rv32i_top.$procmux$330_CMP0 ($eq).
Removed top 1 bits (of 4) from port B of cell agriasic_digital_rv32i_top.$procmux$553_CMP0 ($eq).
Removed top 1 bits (of 4) from port B of cell agriasic_digital_rv32i_top.$procmux$555_CMP0 ($eq).
Removed top 1 bits (of 4) from port B of cell agriasic_digital_rv32i_top.$procmux$557_CMP0 ($eq).
Removed top 1 bits (of 4) from port B of cell agriasic_digital_rv32i_top.$procmux$559_CMP0 ($eq).
Removed top 2 bits (of 4) from port B of cell agriasic_digital_rv32i_top.$procmux$561_CMP0 ($eq).
Removed top 2 bits (of 4) from port B of cell agriasic_digital_rv32i_top.$procmux$563_CMP0 ($eq).
Removed top 3 bits (of 4) from port B of cell agriasic_digital_rv32i_top.$procmux$565_CMP0 ($eq).
Removed top 1 bits (of 2) from port B of cell agriasic_digital_rv32i_top.$procmux$627_CMP0 ($eq).
Removed top 1 bits (of 2) from port B of cell agriasic_digital_rv32i_top.$procmux$646_CMP0 ($eq).
Removed top 1 bits (of 2) from port B of cell agriasic_digital_rv32i_top.$procmux$689_CMP0 ($eq).
Removed top 1 bits (of 4) from port B of cell agriasic_digital_rv32i_top.$procmux$916_CMP0 ($eq).
Removed top 1 bits (of 4) from port B of cell agriasic_digital_rv32i_top.$procmux$918_CMP0 ($eq).
Removed top 1 bits (of 4) from port B of cell agriasic_digital_rv32i_top.$procmux$920_CMP0 ($eq).
Removed top 1 bits (of 4) from port B of cell agriasic_digital_rv32i_top.$procmux$922_CMP0 ($eq).
Removed top 2 bits (of 4) from port B of cell agriasic_digital_rv32i_top.$procmux$924_CMP0 ($eq).
Removed top 2 bits (of 4) from port B of cell agriasic_digital_rv32i_top.$procmux$926_CMP0 ($eq).
Removed top 3 bits (of 4) from port B of cell agriasic_digital_rv32i_top.$procmux$928_CMP0 ($eq).
Removed top 2 bits (of 32) from mux cell agriasic_digital_rv32i_top.$procmux$945 ($mux).
Removed top 1 bits (of 2) from port B of cell agriasic_digital_rv32i_top.$procmux$1043_CMP0 ($eq).
Removed top 1 bits (of 2) from port B of cell agriasic_digital_rv32i_top.$procmux$1167_CMP0 ($eq).
Removed top 1 bits (of 4) from port B of cell agriasic_digital_rv32i_top.$procmux$1184_CMP0 ($eq).
Removed top 1 bits (of 4) from port B of cell agriasic_digital_rv32i_top.$procmux$1185_CMP0 ($eq).
Removed top 1 bits (of 4) from port B of cell agriasic_digital_rv32i_top.$procmux$1186_CMP0 ($eq).
Removed top 2 bits (of 4) from port B of cell agriasic_digital_rv32i_top.$procmux$1189_CMP0 ($eq).
Removed top 3 bits (of 4) from port B of cell agriasic_digital_rv32i_top.$procmux$1190_CMP0 ($eq).
Removed top 2 bits (of 4) from port B of cell agriasic_digital_rv32i_top.$procmux$1237_CMP0 ($eq).
Removed top 1 bits (of 4) from port B of cell agriasic_digital_rv32i_top.$procmux$1250_CMP0 ($eq).
Removed top 3 bits (of 32) from mux cell agriasic_digital_rv32i_top.$procmux$2260 ($mux).
Removed top 4 bits (of 5) from port B of cell agriasic_digital_rv32i_top.$procmux$2698_CMP0 ($eq).
Removed top 1 bits (of 4) from port B of cell agriasic_digital_rv32i_top.$procmux$2983_CMP0 ($eq).
Removed top 1 bits (of 4) from port B of cell agriasic_digital_rv32i_top.$procmux$2985_CMP0 ($eq).
Removed top 1 bits (of 4) from port B of cell agriasic_digital_rv32i_top.$procmux$2987_CMP0 ($eq).
Removed top 1 bits (of 4) from port B of cell agriasic_digital_rv32i_top.$procmux$2989_CMP0 ($eq).
Removed top 2 bits (of 4) from port B of cell agriasic_digital_rv32i_top.$procmux$2991_CMP0 ($eq).
Removed top 2 bits (of 4) from port B of cell agriasic_digital_rv32i_top.$procmux$2993_CMP0 ($eq).
Removed top 3 bits (of 4) from port B of cell agriasic_digital_rv32i_top.$procmux$2995_CMP0 ($eq).
Removed top 1 bits (of 3) from port B of cell agriasic_digital_rv32i_top.$procmux$3360_CMP0 ($eq).
Removed top 1 bits (of 3) from port B of cell agriasic_digital_rv32i_top.$procmux$3381_CMP0 ($eq).
Removed top 2 bits (of 3) from port B of cell agriasic_digital_rv32i_top.$procmux$3383_CMP0 ($eq).
Removed top 1 bits (of 4) from port B of cell agriasic_digital_rv32i_top.$procmux$3947_CMP0 ($eq).
Removed top 1 bits (of 4) from port B of cell agriasic_digital_rv32i_top.$procmux$3948_CMP0 ($eq).
Removed top 1 bits (of 4) from port B of cell agriasic_digital_rv32i_top.$procmux$3950_CMP0 ($eq).
Removed top 1 bits (of 4) from port B of cell agriasic_digital_rv32i_top.$procmux$3952_CMP0 ($eq).
Removed top 2 bits (of 4) from port B of cell agriasic_digital_rv32i_top.$procmux$3954_CMP0 ($eq).
Removed top 2 bits (of 4) from port B of cell agriasic_digital_rv32i_top.$procmux$3956_CMP0 ($eq).
Removed top 3 bits (of 4) from port B of cell agriasic_digital_rv32i_top.$procmux$3958_CMP0 ($eq).
Removed top 6 bits (of 8) from mux cell agriasic_digital_rv32i_top.$procmux$4329 ($mux).
Removed top 1 bits (of 4) from port B of cell agriasic_digital_rv32i_top.$procmux$4349_CMP0 ($eq).
Removed top 3 bits (of 4) from port B of cell agriasic_digital_rv32i_top.$procmux$4355_CMP0 ($eq).
Removed top 2 bits (of 4) from port B of cell agriasic_digital_rv32i_top.$procmux$4364_CMP0 ($eq).
Removed top 1 bits (of 4) from port B of cell agriasic_digital_rv32i_top.$procmux$4368_CMP0 ($eq).
Removed top 1 bits (of 4) from port B of cell agriasic_digital_rv32i_top.$procmux$4370_CMP0 ($eq).
Removed top 2 bits (of 4) from port B of cell agriasic_digital_rv32i_top.$procmux$4372_CMP0 ($eq).
Removed top 1 bits (of 4) from port B of cell agriasic_digital_rv32i_top.$procmux$4378_CMP0 ($eq).
Removed top 1 bits (of 4) from port B of cell agriasic_digital_rv32i_top.$procmux$4564_CMP0 ($eq).
Removed top 1 bits (of 4) from port B of cell agriasic_digital_rv32i_top.$procmux$4565_CMP0 ($eq).
Removed top 1 bits (of 4) from port B of cell agriasic_digital_rv32i_top.$procmux$4566_CMP0 ($eq).
Removed top 1 bits (of 4) from port B of cell agriasic_digital_rv32i_top.$procmux$4666_CMP0 ($eq).
Removed top 2 bits (of 4) from port B of cell agriasic_digital_rv32i_top.$procmux$4672_CMP0 ($eq).
Removed top 2 bits (of 4) from port B of cell agriasic_digital_rv32i_top.$procmux$4679_CMP0 ($eq).
Removed top 3 bits (of 4) from port B of cell agriasic_digital_rv32i_top.$procmux$4687_CMP0 ($eq).
Removed top 1 bits (of 2) from port B of cell agriasic_digital_rv32i_top.$procmux$4763_CMP0 ($eq).
Removed top 1 bits (of 2) from port B of cell agriasic_digital_rv32i_top.$procmux$4772_CMP0 ($eq).
Removed top 1 bits (of 2) from port B of cell agriasic_digital_rv32i_top.$procmux$4781_CMP0 ($eq).
Removed top 1 bits (of 2) from mux cell agriasic_digital_rv32i_top.$procmux$4784 ($mux).
Removed top 1 bits (of 2) from port B of cell agriasic_digital_rv32i_top.$procmux$4925_CMP0 ($eq).
Removed top 16 bits (of 32) from mux cell agriasic_digital_rv32i_top.$procmux$6324 ($mux).
Removed top 29 bits (of 32) from mux cell agriasic_digital_rv32i_top.$procmux$6500 ($mux).
Removed top 29 bits (of 32) from mux cell agriasic_digital_rv32i_top.$procmux$6503 ($mux).
Removed top 23 bits (of 32) from mux cell agriasic_digital_rv32i_top.$procmux$6533 ($mux).
Removed top 1 bits (of 12) from port B of cell agriasic_digital_rv32i_top.$procmux$6612_CMP0 ($eq).
Removed top 2 bits (of 12) from port B of cell agriasic_digital_rv32i_top.$procmux$6653_CMP0 ($eq).
Removed top 2 bits (of 12) from port B of cell agriasic_digital_rv32i_top.$procmux$6653_CMP1 ($eq).
Removed top 2 bits (of 12) from port B of cell agriasic_digital_rv32i_top.$procmux$6654_CMP0 ($eq).
Removed top 1 bits (of 12) from port B of cell agriasic_digital_rv32i_top.$procmux$6693_CMP0 ($eq).
Removed top 2 bits (of 12) from port B of cell agriasic_digital_rv32i_top.$procmux$6701_CMP0 ($eq).
Removed top 2 bits (of 12) from port B of cell agriasic_digital_rv32i_top.$procmux$6701_CMP1 ($eq).
Removed top 2 bits (of 12) from port B of cell agriasic_digital_rv32i_top.$procmux$6701_CMP2 ($eq).
Removed top 2 bits (of 12) from port B of cell agriasic_digital_rv32i_top.$procmux$6701_CMP3 ($eq).
Removed top 2 bits (of 12) from port B of cell agriasic_digital_rv32i_top.$procmux$6701_CMP4 ($eq).
Removed top 2 bits (of 12) from port B of cell agriasic_digital_rv32i_top.$procmux$6701_CMP5 ($eq).
Removed top 2 bits (of 12) from port B of cell agriasic_digital_rv32i_top.$procmux$6701_CMP6 ($eq).
Removed top 2 bits (of 12) from port B of cell agriasic_digital_rv32i_top.$procmux$6701_CMP7 ($eq).
Removed top 2 bits (of 12) from port B of cell agriasic_digital_rv32i_top.$procmux$6701_CMP8 ($eq).
Removed top 2 bits (of 12) from port B of cell agriasic_digital_rv32i_top.$procmux$6701_CMP9 ($eq).
Removed top 2 bits (of 12) from port B of cell agriasic_digital_rv32i_top.$procmux$6701_CMP10 ($eq).
Removed top 2 bits (of 12) from port B of cell agriasic_digital_rv32i_top.$procmux$6701_CMP11 ($eq).
Removed top 2 bits (of 12) from port B of cell agriasic_digital_rv32i_top.$procmux$6701_CMP12 ($eq).
Removed top 2 bits (of 12) from port B of cell agriasic_digital_rv32i_top.$procmux$6701_CMP13 ($eq).
Removed top 2 bits (of 12) from port B of cell agriasic_digital_rv32i_top.$procmux$6701_CMP14 ($eq).
Removed top 2 bits (of 12) from port B of cell agriasic_digital_rv32i_top.$procmux$6701_CMP15 ($eq).
Removed top 2 bits (of 12) from port B of cell agriasic_digital_rv32i_top.$procmux$6701_CMP16 ($eq).
Removed top 2 bits (of 12) from port B of cell agriasic_digital_rv32i_top.$procmux$6701_CMP17 ($eq).
Removed top 2 bits (of 12) from port B of cell agriasic_digital_rv32i_top.$procmux$6701_CMP18 ($eq).
Removed top 2 bits (of 12) from port B of cell agriasic_digital_rv32i_top.$procmux$6701_CMP19 ($eq).
Removed top 2 bits (of 12) from port B of cell agriasic_digital_rv32i_top.$procmux$6701_CMP20 ($eq).
Removed top 2 bits (of 12) from port B of cell agriasic_digital_rv32i_top.$procmux$6701_CMP21 ($eq).
Removed top 2 bits (of 12) from port B of cell agriasic_digital_rv32i_top.$procmux$6701_CMP22 ($eq).
Removed top 2 bits (of 12) from port B of cell agriasic_digital_rv32i_top.$procmux$6701_CMP23 ($eq).
Removed top 2 bits (of 12) from port B of cell agriasic_digital_rv32i_top.$procmux$6701_CMP24 ($eq).
Removed top 2 bits (of 12) from port B of cell agriasic_digital_rv32i_top.$procmux$6701_CMP25 ($eq).
Removed top 2 bits (of 12) from port B of cell agriasic_digital_rv32i_top.$procmux$6701_CMP26 ($eq).
Removed top 2 bits (of 12) from port B of cell agriasic_digital_rv32i_top.$procmux$6701_CMP27 ($eq).
Removed top 2 bits (of 12) from port B of cell agriasic_digital_rv32i_top.$procmux$6701_CMP28 ($eq).
Removed top 2 bits (of 12) from port B of cell agriasic_digital_rv32i_top.$procmux$6702_CMP0 ($eq).
Removed top 1 bits (of 12) from port B of cell agriasic_digital_rv32i_top.$procmux$6703_CMP0 ($eq).
Removed top 1 bits (of 12) from port B of cell agriasic_digital_rv32i_top.$procmux$6705_CMP0 ($eq).
Removed top 1 bits (of 12) from port B of cell agriasic_digital_rv32i_top.$procmux$6706_CMP0 ($eq).
Removed top 2 bits (of 12) from port B of cell agriasic_digital_rv32i_top.$procmux$6727_CMP0 ($eq).
Removed top 2 bits (of 12) from port B of cell agriasic_digital_rv32i_top.$procmux$6728_CMP0 ($eq).
Removed top 2 bits (of 12) from port B of cell agriasic_digital_rv32i_top.$procmux$6729_CMP0 ($eq).
Removed top 2 bits (of 12) from port B of cell agriasic_digital_rv32i_top.$procmux$6730_CMP0 ($eq).
Removed top 2 bits (of 12) from port B of cell agriasic_digital_rv32i_top.$procmux$6731_CMP0 ($eq).
Removed top 2 bits (of 12) from port B of cell agriasic_digital_rv32i_top.$procmux$6732_CMP0 ($eq).
Removed top 2 bits (of 12) from port B of cell agriasic_digital_rv32i_top.$procmux$6733_CMP0 ($eq).
Removed top 2 bits (of 12) from port B of cell agriasic_digital_rv32i_top.$procmux$6734_CMP0 ($eq).
Removed top 2 bits (of 12) from port B of cell agriasic_digital_rv32i_top.$procmux$6735_CMP0 ($eq).
Removed top 2 bits (of 12) from port B of cell agriasic_digital_rv32i_top.$procmux$6736_CMP0 ($eq).
Removed top 11 bits (of 32) from mux cell agriasic_digital_rv32i_top.$procmux$6749 ($mux).
Removed top 11 bits (of 32) from mux cell agriasic_digital_rv32i_top.$procmux$6765 ($mux).
Removed top 1 bits (of 96) from mux cell agriasic_digital_rv32i_top.$procmux$6800 ($mux).
Removed top 29 bits (of 32) from mux cell agriasic_digital_rv32i_top.$procmux$6819 ($mux).
Removed top 1 bits (of 32) from mux cell agriasic_digital_rv32i_top.$procmux$6840 ($mux).
Removed top 1 bits (of 128) from mux cell agriasic_digital_rv32i_top.$procmux$6859 ($mux).
Removed top 1 bits (of 128) from mux cell agriasic_digital_rv32i_top.$procmux$6887 ($mux).
Removed top 1 bits (of 128) from mux cell agriasic_digital_rv32i_top.$procmux$6911 ($mux).
Removed top 1 bits (of 96) from mux cell agriasic_digital_rv32i_top.$procmux$6945 ($mux).
Removed top 29 bits (of 32) from mux cell agriasic_digital_rv32i_top.$procmux$6961 ($mux).
Removed top 1 bits (of 32) from mux cell agriasic_digital_rv32i_top.$procmux$6979 ($mux).
Removed top 1 bits (of 128) from mux cell agriasic_digital_rv32i_top.$procmux$6995 ($mux).
Removed top 1 bits (of 128) from mux cell agriasic_digital_rv32i_top.$procmux$7017 ($mux).
Removed top 1 bits (of 32) from mux cell agriasic_digital_rv32i_top.$procmux$7026 ($mux).
Removed top 11 bits (of 32) from mux cell agriasic_digital_rv32i_top.$procmux$7034 ($mux).
Removed top 1 bits (of 2) from port B of cell agriasic_digital_rv32i_top.$procmux$7077_CMP0 ($eq).
Removed top 1 bits (of 2) from port B of cell agriasic_digital_rv32i_top.$procmux$7120_CMP0 ($eq).
Removed top 2 bits (of 4) from mux cell agriasic_digital_rv32i_top.$procmux$7563 ($mux).
Removed top 1 bits (of 4) from port B of cell agriasic_digital_rv32i_top.$procmux$8422_CMP0 ($eq).
Removed top 2 bits (of 4) from port B of cell agriasic_digital_rv32i_top.$procmux$8436_CMP0 ($eq).
Removed top 2 bits (of 4) from port B of cell agriasic_digital_rv32i_top.$procmux$8438_CMP0 ($eq).
Removed top 3 bits (of 4) from port B of cell agriasic_digital_rv32i_top.$procmux$8440_CMP0 ($eq).
Removed top 1 bits (of 2) from port B of cell agriasic_digital_rv32i_top.$procmux$8445_CMP0 ($eq).
Removed top 1 bits (of 2) from port B of cell agriasic_digital_rv32i_top.$procmux$8520_CMP0 ($eq).
Removed top 1 bits (of 2) from port B of cell agriasic_digital_rv32i_top.$procmux$8616_CMP0 ($eq).
Removed top 1 bits (of 2) from port B of cell agriasic_digital_rv32i_top.$procmux$8655_CMP0 ($eq).
Removed top 2 bits (of 34) from mux cell agriasic_digital_rv32i_top.$procmux$8679 ($mux).
Removed top 1 bits (of 3) from port B of cell agriasic_digital_rv32i_top.$procmux$8798_CMP0 ($eq).
Removed top 2 bits (of 3) from port B of cell agriasic_digital_rv32i_top.$procmux$8799_CMP0 ($eq).
Removed top 1 bits (of 3) from port B of cell agriasic_digital_rv32i_top.$procmux$8809_CMP0 ($eq).
Removed top 1 bits (of 2) from port B of cell agriasic_digital_rv32i_top.$procmux$8900_CMP0 ($eq).
Removed top 3 bits (of 7) from port B of cell agriasic_digital_rv32i_top.$procmux$8934_CMP1 ($eq).
Removed top 3 bits (of 7) from port B of cell agriasic_digital_rv32i_top.$procmux$8934_CMP2 ($eq).
Removed top 3 bits (of 7) from port B of cell agriasic_digital_rv32i_top.$procmux$8934_CMP3 ($eq).
Removed top 3 bits (of 7) from port B of cell agriasic_digital_rv32i_top.$procmux$8934_CMP4 ($eq).
Removed top 2 bits (of 7) from port B of cell agriasic_digital_rv32i_top.$procmux$8935_CMP2 ($eq).
Removed top 2 bits (of 7) from port B of cell agriasic_digital_rv32i_top.$procmux$8935_CMP3 ($eq).
Removed top 2 bits (of 7) from port B of cell agriasic_digital_rv32i_top.$procmux$8935_CMP4 ($eq).
Removed top 5 bits (of 7) from port B of cell agriasic_digital_rv32i_top.$procmux$8936_CMP0 ($eq).
Removed top 4 bits (of 7) from port B of cell agriasic_digital_rv32i_top.$procmux$8936_CMP1 ($eq).
Removed top 5 bits (of 7) from port B of cell agriasic_digital_rv32i_top.$procmux$8936_CMP2 ($eq).
Removed top 4 bits (of 7) from port B of cell agriasic_digital_rv32i_top.$procmux$8936_CMP3 ($eq).
Removed top 4 bits (of 7) from port B of cell agriasic_digital_rv32i_top.$procmux$8936_CMP4 ($eq).
Removed top 4 bits (of 7) from port B of cell agriasic_digital_rv32i_top.$procmux$8936_CMP5 ($eq).
Removed top 3 bits (of 7) from port B of cell agriasic_digital_rv32i_top.$procmux$8957_CMP0 ($eq).
Removed top 6 bits (of 7) from port B of cell agriasic_digital_rv32i_top.$procmux$8987_CMP0 ($eq).
Removed top 2 bits (of 7) from port B of cell agriasic_digital_rv32i_top.$procmux$8987_CMP1 ($eq).
Removed top 2 bits (of 7) from port B of cell agriasic_digital_rv32i_top.$procmux$8987_CMP2 ($eq).
Removed top 2 bits (of 7) from port B of cell agriasic_digital_rv32i_top.$procmux$8987_CMP3 ($eq).
Removed top 2 bits (of 7) from port B of cell agriasic_digital_rv32i_top.$procmux$8987_CMP4 ($eq).
Removed top 2 bits (of 7) from port B of cell agriasic_digital_rv32i_top.$procmux$8987_CMP5 ($eq).
Removed top 2 bits (of 7) from port B of cell agriasic_digital_rv32i_top.$procmux$8987_CMP6 ($eq).
Removed top 1 bits (of 7) from port B of cell agriasic_digital_rv32i_top.$procmux$8987_CMP7 ($eq).
Removed top 1 bits (of 7) from port B of cell agriasic_digital_rv32i_top.$procmux$8987_CMP8 ($eq).
Removed top 2 bits (of 7) from port B of cell agriasic_digital_rv32i_top.$procmux$8987_CMP9 ($eq).
Removed top 1 bits (of 7) from port B of cell agriasic_digital_rv32i_top.$procmux$8987_CMP10 ($eq).
Removed top 1 bits (of 7) from port B of cell agriasic_digital_rv32i_top.$procmux$8987_CMP11 ($eq).
Removed top 1 bits (of 7) from port B of cell agriasic_digital_rv32i_top.$procmux$8987_CMP12 ($eq).
Removed top 1 bits (of 2) from port B of cell agriasic_digital_rv32i_top.$procmux$9306_CMP0 ($eq).
Removed top 1 bits (of 2) from port B of cell agriasic_digital_rv32i_top.$procmux$9349_CMP0 ($eq).
Removed top 1 bits (of 4) from mux cell agriasic_digital_rv32i_top.$procmux$9365 ($mux).
Removed top 1 bits (of 4) from mux cell agriasic_digital_rv32i_top.$procmux$9393 ($mux).
Removed top 1 bits (of 4) from mux cell agriasic_digital_rv32i_top.$procmux$9495 ($mux).
Removed top 5 bits (of 7) from mux cell agriasic_digital_rv32i_top.$procmux$9844 ($mux).
Removed top 3 bits (of 7) from mux cell agriasic_digital_rv32i_top.$procmux$10102 ($pmux).
Removed top 3 bits (of 7) from mux cell agriasic_digital_rv32i_top.$procmux$10210 ($mux).
Removed top 4 bits (of 7) from mux cell agriasic_digital_rv32i_top.$procmux$10244 ($mux).
Removed top 3 bits (of 7) from mux cell agriasic_digital_rv32i_top.$procmux$10265 ($mux).
Removed top 2 bits (of 7) from mux cell agriasic_digital_rv32i_top.$procmux$10283 ($mux).
Removed top 1 bits (of 7) from mux cell agriasic_digital_rv32i_top.$procmux$10383 ($mux).
Removed top 1 bits (of 7) from mux cell agriasic_digital_rv32i_top.$procmux$10755 ($pmux).
Removed top 1 bits (of 4) from port B of cell agriasic_digital_rv32i_top.$procmux$10793_CMP0 ($eq).
Removed top 1 bits (of 4) from port B of cell agriasic_digital_rv32i_top.$procmux$10796_CMP0 ($eq).
Removed top 1 bits (of 4) from port B of cell agriasic_digital_rv32i_top.$procmux$10798_CMP0 ($eq).
Removed top 3 bits (of 4) from port B of cell agriasic_digital_rv32i_top.$procmux$10800_CMP0 ($eq).
Removed top 1 bits (of 4) from port B of cell agriasic_digital_rv32i_top.$procmux$10808_CMP0 ($eq).
Removed top 2 bits (of 4) from port B of cell agriasic_digital_rv32i_top.$procmux$10818_CMP0 ($eq).
Removed top 2 bits (of 4) from port B of cell agriasic_digital_rv32i_top.$procmux$10819_CMP0 ($eq).
Removed top 1 bits (of 2) from port B of cell agriasic_digital_rv32i_top.$procmux$10888_CMP0 ($eq).
Removed top 1 bits (of 7) from mux cell agriasic_digital_rv32i_top.$procmux$11510 ($mux).
Removed top 6 bits (of 10) from port B of cell agriasic_digital_rv32i_top.$procmux$11565_CMP0 ($eq).
Removed top 1 bits (of 7) from mux cell agriasic_digital_rv32i_top.$procmux$11564 ($pmux).
Removed top 6 bits (of 10) from port B of cell agriasic_digital_rv32i_top.$procmux$11566_CMP0 ($eq).
Removed top 6 bits (of 10) from port B of cell agriasic_digital_rv32i_top.$procmux$11567_CMP0 ($eq).
Removed top 6 bits (of 10) from port B of cell agriasic_digital_rv32i_top.$procmux$11568_CMP0 ($eq).
Removed top 6 bits (of 10) from port B of cell agriasic_digital_rv32i_top.$procmux$11569_CMP0 ($eq).
Removed top 6 bits (of 10) from port B of cell agriasic_digital_rv32i_top.$procmux$11570_CMP0 ($eq).
Removed top 6 bits (of 10) from port B of cell agriasic_digital_rv32i_top.$procmux$11571_CMP0 ($eq).
Removed top 6 bits (of 10) from port B of cell agriasic_digital_rv32i_top.$procmux$11572_CMP0 ($eq).
Removed top 1 bits (of 10) from port B of cell agriasic_digital_rv32i_top.$procmux$11573_CMP0 ($eq).
Removed top 7 bits (of 10) from port B of cell agriasic_digital_rv32i_top.$procmux$11574_CMP0 ($eq).
Removed top 9 bits (of 10) from port B of cell agriasic_digital_rv32i_top.$procmux$11575_CMP0 ($eq).
Removed top 7 bits (of 10) from port B of cell agriasic_digital_rv32i_top.$procmux$11576_CMP0 ($eq).
Removed top 7 bits (of 10) from port B of cell agriasic_digital_rv32i_top.$procmux$11577_CMP0 ($eq).
Removed top 7 bits (of 10) from port B of cell agriasic_digital_rv32i_top.$procmux$11578_CMP0 ($eq).
Removed top 8 bits (of 10) from port B of cell agriasic_digital_rv32i_top.$procmux$11579_CMP0 ($eq).
Removed top 1 bits (of 7) from mux cell agriasic_digital_rv32i_top.$procmux$11610 ($mux).
Removed top 1 bits (of 7) from mux cell agriasic_digital_rv32i_top.$procmux$11618 ($mux).
Removed top 1 bits (of 7) from mux cell agriasic_digital_rv32i_top.$procmux$11633 ($mux).
Removed top 1 bits (of 3) from port B of cell agriasic_digital_rv32i_top.$procmux$11650_CMP0 ($eq).
Removed top 1 bits (of 3) from port B of cell agriasic_digital_rv32i_top.$procmux$11651_CMP0 ($eq).
Removed top 2 bits (of 3) from mux cell agriasic_digital_rv32i_top.$procmux$11675 ($mux).
Removed top 1 bits (of 7) from mux cell agriasic_digital_rv32i_top.$procmux$11717 ($pmux).
Removed top 1 bits (of 7) from port B of cell agriasic_digital_rv32i_top.$procmux$11775_CMP0 ($eq).
Removed top 2 bits (of 7) from port B of cell agriasic_digital_rv32i_top.$procmux$11777_CMP0 ($eq).
Removed top 3 bits (of 7) from port B of cell agriasic_digital_rv32i_top.$procmux$11799_CMP0 ($eq).
Removed top 2 bits (of 7) from port B of cell agriasic_digital_rv32i_top.$procmux$11809_CMP0 ($eq).
Removed top 1 bits (of 2) from port B of cell agriasic_digital_rv32i_top.$procmux$13413_CMP0 ($eq).
Removed top 3 bits (of 12) from port B of cell agriasic_digital_rv32i_top.$procmux$13471_CMP0 ($eq).
Removed top 1 bits (of 12) from port B of cell agriasic_digital_rv32i_top.$procmux$13498_CMP0 ($eq).
Removed top 2 bits (of 12) from port B of cell agriasic_digital_rv32i_top.$procmux$13511_CMP0 ($eq).
Removed top 11 bits (of 12) from port B of cell agriasic_digital_rv32i_top.$procmux$13525_CMP0 ($eq).
Removed top 1 bits (of 10) from port B of cell agriasic_digital_rv32i_top.$procmux$13725_CMP1 ($eq).
Removed top 8 bits (of 10) from port B of cell agriasic_digital_rv32i_top.$procmux$13725_CMP3 ($eq).
Removed top 1 bits (of 5) from port B of cell agriasic_digital_rv32i_top.$procmux$13830_CMP1 ($eq).
Removed top 1 bits (of 5) from port B of cell agriasic_digital_rv32i_top.$procmux$13896_CMP0 ($eq).
Removed top 2 bits (of 3) from port B of cell agriasic_digital_rv32i_top.$procmux$13914_CMP0 ($eq).
Removed top 5 bits (of 7) from port B of cell agriasic_digital_rv32i_top.$procmux$14108_CMP0 ($eq).
Removed top 1 bits (of 7) from port B of cell agriasic_digital_rv32i_top.$procmux$14215_CMP0 ($eq).
Removed top 1 bits (of 7) from port B of cell agriasic_digital_rv32i_top.$procmux$15091_CMP0 ($eq).
Removed top 1 bits (of 3) from port B of cell agriasic_digital_rv32i_top.$procmux$15402_CMP0 ($eq).
Removed top 2 bits (of 3) from port B of cell agriasic_digital_rv32i_top.$procmux$15403_CMP0 ($eq).
Removed top 1 bits (of 3) from port B of cell agriasic_digital_rv32i_top.$procmux$15409_CMP0 ($eq).
Removed top 1 bits (of 2) from port B of cell agriasic_digital_rv32i_top.$procmux$15418_CMP0 ($eq).
Removed top 37 bits (of 64) from mux cell agriasic_digital_rv32i_top.$procmux$15459 ($mux).
Removed top 1 bits (of 2) from port B of cell agriasic_digital_rv32i_top.$procmux$15688_CMP0 ($eq).
Removed top 11 bits (of 32) from mux cell agriasic_digital_rv32i_top.$procmux$15736 ($mux).
Removed top 7 bits (of 32) from mux cell agriasic_digital_rv32i_top.$procmux$15755 ($mux).
Removed top 7 bits (of 32) from mux cell agriasic_digital_rv32i_top.$procmux$15803 ($mux).
Removed top 1 bits (of 3) from port B of cell agriasic_digital_rv32i_top.$procmux$15914_CMP0 ($eq).
Removed top 1 bits (of 3) from port B of cell agriasic_digital_rv32i_top.$procmux$15915_CMP0 ($eq).
Removed top 2 bits (of 3) from port B of cell agriasic_digital_rv32i_top.$procmux$15916_CMP0 ($eq).
Removed top 1 bits (of 2) from port B of cell agriasic_digital_rv32i_top.$procmux$15932_CMP1 ($eq).
Removed top 3 bits (of 32) from mux cell agriasic_digital_rv32i_top.$procmux$15977 ($mux).
Removed top 1 bits (of 3) from port B of cell agriasic_digital_rv32i_top.$procmux$15990_CMP0 ($eq).
Removed top 1 bits (of 3) from port B of cell agriasic_digital_rv32i_top.$procmux$15991_CMP0 ($eq).
Removed top 2 bits (of 3) from port B of cell agriasic_digital_rv32i_top.$procmux$16025_CMP0 ($eq).
Removed top 1 bits (of 2) from port B of cell agriasic_digital_rv32i_top.$procmux$16059_CMP0 ($eq).
Removed top 1 bits (of 2) from port B of cell agriasic_digital_rv32i_top.$procmux$16077_CMP0 ($eq).
Removed top 1 bits (of 3) from port B of cell agriasic_digital_rv32i_top.$procmux$16224_CMP0 ($eq).
Removed top 1 bits (of 3) from port B of cell agriasic_digital_rv32i_top.$procmux$16225_CMP0 ($eq).
Removed top 2 bits (of 3) from port B of cell agriasic_digital_rv32i_top.$procmux$16226_CMP0 ($eq).
Removed top 1 bits (of 2) from port B of cell agriasic_digital_rv32i_top.$procmux$16230_CMP0 ($eq).
Removed top 1 bits (of 2) from port B of cell agriasic_digital_rv32i_top.$procmux$16322_CMP0 ($eq).
Removed top 1 bits (of 4) from port B of cell agriasic_digital_rv32i_top.$procmux$16382_CMP0 ($eq).
Removed top 2 bits (of 4) from port B of cell agriasic_digital_rv32i_top.$procmux$16443_CMP0 ($eq).
Removed top 3 bits (of 4) from port B of cell agriasic_digital_rv32i_top.$procmux$16478_CMP0 ($eq).
Removed top 1 bits (of 4) from port B of cell agriasic_digital_rv32i_top.$procmux$16548_CMP0 ($eq).
Removed top 1 bits (of 4) from port B of cell agriasic_digital_rv32i_top.$procmux$16578_CMP0 ($eq).
Removed top 1 bits (of 4) from port B of cell agriasic_digital_rv32i_top.$procmux$16584_CMP0 ($eq).
Removed top 2 bits (of 4) from port B of cell agriasic_digital_rv32i_top.$procmux$16586_CMP0 ($eq).
Removed top 1 bits (of 2) from port B of cell agriasic_digital_rv32i_top.$procmux$16600_CMP0 ($eq).
Removed top 1 bits (of 2) from port B of cell agriasic_digital_rv32i_top.$procmux$16651_CMP0 ($eq).
Removed top 1 bits (of 2) from port B of cell agriasic_digital_rv32i_top.$procmux$16702_CMP0 ($eq).
Removed top 2 bits (of 3) from FF cell agriasic_digital_rv32i_top.$driver$u_control_shell.u_dm.i_dm_csrs.sbcs_q.sbversion ($adff).
Removed top 3 bits (of 9) from mux cell agriasic_digital_rv32i_top.$procmux$2121 ($mux).
Removed top 29 bits (of 32) from mux cell agriasic_digital_rv32i_top.$procmux$6197 ($mux).
Removed top 29 bits (of 32) from mux cell agriasic_digital_rv32i_top.$procmux$6207 ($mux).
Removed top 13 bits (of 16) from mux cell agriasic_digital_rv32i_top.$procmux$6324 ($mux).
Removed top 7 bits (of 32) from mux cell agriasic_digital_rv32i_top.$procmux$15772 ($mux).
Removed top 3 bits (of 9) from mux cell agriasic_digital_rv32i_top.$procmux$1452 ($mux).
Removed top 7 bits (of 9) from mux cell agriasic_digital_rv32i_top.$procmux$6533 ($mux).
Removed top 1 bits (of 3) from mux cell agriasic_digital_rv32i_top.$procmux$6324 ($mux).
Removed top 5 bits (of 7) from wire agriasic_digital_rv32i_top.$1502y.
Removed top 1 bits (of 2) from wire agriasic_digital_rv32i_top.$1901y.
Removed top 27 bits (of 32) from wire agriasic_digital_rv32i_top.$2220y.
Removed top 1 bits (of 33) from wire agriasic_digital_rv32i_top.$2374y.
Removed top 2 bits (of 4) from wire agriasic_digital_rv32i_top.$2689y.
Removed top 2 bits (of 4) from wire agriasic_digital_rv32i_top.$2690y.
Removed top 2 bits (of 4) from wire agriasic_digital_rv32i_top.$2738y.
Removed top 6 bits (of 8) from wire agriasic_digital_rv32i_top.$4907y.
Removed top 2 bits (of 4) from wire agriasic_digital_rv32i_top.$4953y.
Removed top 3 bits (of 4) from wire agriasic_digital_rv32i_top.$5257y.
Removed top 2 bits (of 4) from wire agriasic_digital_rv32i_top.$5258y.
Removed top 3 bits (of 4) from wire agriasic_digital_rv32i_top.$5260y.
Removed top 3 bits (of 4) from wire agriasic_digital_rv32i_top.$5263y.
Removed top 1 bits (of 4) from wire agriasic_digital_rv32i_top.$5267y.
Removed top 2 bits (of 4) from wire agriasic_digital_rv32i_top.$5269y.
Removed top 2 bits (of 4) from wire agriasic_digital_rv32i_top.$5270y.
Removed top 1 bits (of 4) from wire agriasic_digital_rv32i_top.$5271y.
Removed top 10 bits (of 32) from wire agriasic_digital_rv32i_top.$6261y.
Removed top 31 bits (of 32) from wire agriasic_digital_rv32i_top.$6494y.
Removed top 30 bits (of 32) from wire agriasic_digital_rv32i_top.$6496y.
Removed top 31 bits (of 32) from wire agriasic_digital_rv32i_top.$6504y.
Removed top 30 bits (of 32) from wire agriasic_digital_rv32i_top.$6506y.
Removed top 29 bits (of 32) from wire agriasic_digital_rv32i_top.$672y.
Removed top 24 bits (of 32) from wire agriasic_digital_rv32i_top.$6773y.
Removed top 16 bits (of 32) from wire agriasic_digital_rv32i_top.$6782y.
Removed top 8 bits (of 32) from wire agriasic_digital_rv32i_top.$6791y.
Removed top 8 bits (of 9) from wire agriasic_digital_rv32i_top.$6858y.
Removed top 6 bits (of 9) from wire agriasic_digital_rv32i_top.$6866y.
Removed top 6 bits (of 9) from wire agriasic_digital_rv32i_top.$6873y.
Removed top 3 bits (of 7) from wire agriasic_digital_rv32i_top.$procmux$10102_Y.
Removed top 3 bits (of 7) from wire agriasic_digital_rv32i_top.$procmux$10210_Y.
Removed top 4 bits (of 7) from wire agriasic_digital_rv32i_top.$procmux$10244_Y.
Removed top 3 bits (of 7) from wire agriasic_digital_rv32i_top.$procmux$10265_Y.
Removed top 2 bits (of 7) from wire agriasic_digital_rv32i_top.$procmux$10283_Y.
Removed top 1 bits (of 3) from wire agriasic_digital_rv32i_top.$procmux$102_Y.
Removed top 1 bits (of 7) from wire agriasic_digital_rv32i_top.$procmux$10383_Y.
Removed top 1 bits (of 7) from wire agriasic_digital_rv32i_top.$procmux$11510_Y.
Removed top 1 bits (of 7) from wire agriasic_digital_rv32i_top.$procmux$11564_Y.
Removed top 1 bits (of 7) from wire agriasic_digital_rv32i_top.$procmux$11610_Y.
Removed top 1 bits (of 7) from wire agriasic_digital_rv32i_top.$procmux$11618_Y.
Removed top 1 bits (of 7) from wire agriasic_digital_rv32i_top.$procmux$11633_Y.
Removed top 2 bits (of 3) from wire agriasic_digital_rv32i_top.$procmux$11675_Y.
Removed top 1 bits (of 7) from wire agriasic_digital_rv32i_top.$procmux$11717_Y.
Removed top 3 bits (of 9) from wire agriasic_digital_rv32i_top.$procmux$1452_Y.
Removed top 1 bits (of 3) from wire agriasic_digital_rv32i_top.$procmux$150_Y.
Removed top 37 bits (of 64) from wire agriasic_digital_rv32i_top.$procmux$15459_Y.
Removed top 11 bits (of 32) from wire agriasic_digital_rv32i_top.$procmux$15736_Y.
Removed top 7 bits (of 32) from wire agriasic_digital_rv32i_top.$procmux$15755_Y.
Removed top 7 bits (of 32) from wire agriasic_digital_rv32i_top.$procmux$15772_Y.
Removed top 7 bits (of 32) from wire agriasic_digital_rv32i_top.$procmux$15803_Y.
Removed top 3 bits (of 9) from wire agriasic_digital_rv32i_top.$procmux$2121_Y.
Removed top 3 bits (of 32) from wire agriasic_digital_rv32i_top.$procmux$2260_Y.
Removed top 1 bits (of 3) from wire agriasic_digital_rv32i_top.$procmux$316_Y.
Removed top 1 bits (of 2) from wire agriasic_digital_rv32i_top.$procmux$4784_Y.
Removed top 29 bits (of 32) from wire agriasic_digital_rv32i_top.$procmux$6197_Y.
Removed top 29 bits (of 32) from wire agriasic_digital_rv32i_top.$procmux$6207_Y.
Removed top 23 bits (of 32) from wire agriasic_digital_rv32i_top.$procmux$6324_Y.
Removed top 23 bits (of 32) from wire agriasic_digital_rv32i_top.$procmux$6533_Y.
Removed top 11 bits (of 32) from wire agriasic_digital_rv32i_top.$procmux$6749_Y.
Removed top 11 bits (of 32) from wire agriasic_digital_rv32i_top.$procmux$6765_Y.
Removed top 1 bits (of 96) from wire agriasic_digital_rv32i_top.$procmux$6800_Y.
Removed top 7 bits (of 32) from wire agriasic_digital_rv32i_top.$procmux$6819_Y.
Removed top 1 bits (of 32) from wire agriasic_digital_rv32i_top.$procmux$6840_Y.
Removed top 1 bits (of 128) from wire agriasic_digital_rv32i_top.$procmux$6859_Y.
Removed top 1 bits (of 128) from wire agriasic_digital_rv32i_top.$procmux$6887_Y.
Removed top 1 bits (of 32) from wire agriasic_digital_rv32i_top.$procmux$6899_Y.
Removed top 1 bits (of 128) from wire agriasic_digital_rv32i_top.$procmux$6911_Y.
Removed top 1 bits (of 96) from wire agriasic_digital_rv32i_top.$procmux$6945_Y.
Removed top 17 bits (of 32) from wire agriasic_digital_rv32i_top.$procmux$6961_Y.
Removed top 1 bits (of 32) from wire agriasic_digital_rv32i_top.$procmux$6979_Y.
Removed top 1 bits (of 128) from wire agriasic_digital_rv32i_top.$procmux$6995_Y.
Removed top 1 bits (of 128) from wire agriasic_digital_rv32i_top.$procmux$7017_Y.
Removed top 2 bits (of 4) from wire agriasic_digital_rv32i_top.$procmux$7563_Y.
Removed top 2 bits (of 34) from wire agriasic_digital_rv32i_top.$procmux$8679_Y.
Removed top 1 bits (of 4) from wire agriasic_digital_rv32i_top.$procmux$9365_Y.
Removed top 1 bits (of 4) from wire agriasic_digital_rv32i_top.$procmux$9393_Y.
Removed top 2 bits (of 32) from wire agriasic_digital_rv32i_top.$procmux$945_Y.
Removed top 1 bits (of 4) from wire agriasic_digital_rv32i_top.$procmux$9495_Y.
Removed top 5 bits (of 7) from wire agriasic_digital_rv32i_top.$procmux$9844_Y.

6.9. Executing PEEPOPT pass (run peephole optimizers).

6.10. Executing OPT_CLEAN pass (remove unused cells and wires).
Finding unused cells or wires in module \agriasic_digital_rv32i_top..
Removed 0 unused cells and 83 unused wires.
<suppressed ~1 debug messages>

6.11. Executing ALUMACC pass (create $alu and $macc cells).
Extracting $alu and $macc cells in module agriasic_digital_rv32i_top:
  creating $macc model for $1489 ($add).
  creating $macc model for $170 ($add).
  creating $macc model for $2109 ($add).
  creating $macc model for $2156 ($add).
  creating $macc model for $2220 ($sub).
  creating $macc model for $2333 ($mul).
  creating $macc model for $2334 ($add).
  creating $macc model for $2395 ($sub).
  creating $macc model for $295 ($add).
  creating $macc model for $3647 ($add).
  creating $macc model for $3670 ($add).
  creating $macc model for $4725 ($sub).
  creating $macc model for $4867 ($sub).
  creating $macc model for $4877 ($add).
  creating $macc model for $4923 ($neg).
  creating $macc model for $4981 ($add).
  creating $macc model for $4988 ($add).
  creating $macc model for $4993 ($neg).
  creating $macc model for $5029 ($add).
  creating $macc model for $5054 ($sub).
  creating $macc model for $6182 ($sub).
  creating $macc model for $6494 ($add).
  creating $macc model for $6496 ($add).
  creating $macc model for $6504 ($add).
  creating $macc model for $6506 ($sub).
  creating $macc model for $6608 ($neg).
  creating $macc model for $6618 ($add).
  creating $macc model for $6717 ($sub).
  creating $macc model for $6763 ($sub).
  creating $macc model for $6858 ($add).
  creating $macc model for $6866 ($sub).
  creating $macc model for $6873 ($sub).
  creating $macc model for $7088 ($sub).
  creating $macc model for $7107 ($add).
  creating $macc model for $7110 ($add).
  creating $macc model for $7148 ($sub).
  creating $macc model for $7154 ($sub).
  creating $macc model for $7191 ($sub).
  creating $macc model for $7200 ($add).
  creating $macc model for $7214 ($add).
  creating $macc model for $7225 ($add).
  creating $macc model for $7226 ($add).
  merging $macc model for $2333 into $2334.
  creating $alu model for $macc $7225.
  creating $alu model for $macc $7214.
  creating $alu model for $macc $7200.
  creating $alu model for $macc $7191.
  creating $alu model for $macc $7154.
  creating $alu model for $macc $7148.
  creating $alu model for $macc $7110.
  creating $alu model for $macc $7107.
  creating $alu model for $macc $7088.
  creating $alu model for $macc $6873.
  creating $alu model for $macc $6866.
  creating $alu model for $macc $6858.
  creating $alu model for $macc $6763.
  creating $alu model for $macc $6717.
  creating $alu model for $macc $6618.
  creating $alu model for $macc $6608.
  creating $alu model for $macc $6506.
  creating $alu model for $macc $6504.
  creating $alu model for $macc $6496.
  creating $alu model for $macc $6494.
  creating $alu model for $macc $6182.
  creating $alu model for $macc $5054.
  creating $alu model for $macc $5029.
  creating $alu model for $macc $4993.
  creating $alu model for $macc $4988.
  creating $alu model for $macc $4981.
  creating $alu model for $macc $4923.
  creating $alu model for $macc $4877.
  creating $alu model for $macc $4867.
  creating $alu model for $macc $4725.
  creating $alu model for $macc $3670.
  creating $alu model for $macc $3647.
  creating $alu model for $macc $295.
  creating $alu model for $macc $2395.
  creating $alu model for $macc $7226.
  creating $alu model for $macc $2220.
  creating $alu model for $macc $2156.
  creating $alu model for $macc $2109.
  creating $alu model for $macc $170.
  creating $alu model for $macc $1489.
  creating $macc cell for $2334: $auto$alumacc.cc:399:replace_macc$18160
  creating $alu model for $3106 ($gt): new $alu
  creating $alu model for $4233 ($ge): new $alu
  creating $alu model for $4239 ($ge): new $alu
  creating $alu model for $4407 ($lt): new $alu
  creating $alu model for $4410 ($ge): new $alu
  creating $alu model for $4411 ($lt): new $alu
  creating $alu model for $4415 ($ge): new $alu
  creating $alu model for $4416 ($lt): new $alu
  creating $alu model for $4420 ($ge): new $alu
  creating $alu model for $4421 ($lt): new $alu
  creating $alu model for $4435 ($lt): new $alu
  creating $alu model for $4438 ($ge): new $alu
  creating $alu model for $4439 ($lt): new $alu
  creating $alu model for $4443 ($ge): new $alu
  creating $alu model for $4444 ($lt): new $alu
  creating $alu model for $4448 ($ge): new $alu
  creating $alu model for $4449 ($lt): new $alu
  creating $alu model for $4461 ($lt): new $alu
  creating $alu model for $4464 ($ge): new $alu
  creating $alu model for $4465 ($lt): new $alu
  creating $alu model for $4469 ($ge): new $alu
  creating $alu model for $4470 ($lt): new $alu
  creating $alu model for $4474 ($ge): new $alu
  creating $alu model for $4475 ($lt): new $alu
  creating $alu model for $4489 ($lt): new $alu
  creating $alu model for $4492 ($ge): new $alu
  creating $alu model for $4493 ($lt): new $alu
  creating $alu model for $4497 ($ge): new $alu
  creating $alu model for $4498 ($lt): new $alu
  creating $alu model for $4502 ($ge): new $alu
  creating $alu model for $4503 ($lt): new $alu
  creating $alu model for $4721 ($ge): merged with $4725.
  creating $alu model for $4722 ($lt): new $alu
  creating $alu model for $4806 ($gt): new $alu
  creating $alu model for $4925 ($ge): new $alu
  creating $alu model for $4926 ($lt): new $alu
  creating $alu model for $4937 ($gt): new $alu
  creating $alu model for $6137 ($lt): new $alu
  creating $alu model for $6138 ($lt): merged with $6137.
  creating $alu model for $6144 ($lt): new $alu
  creating $alu model for $6145 ($lt): merged with $6144.
  creating $alu model for $6151 ($lt): new $alu
  creating $alu model for $6152 ($lt): merged with $6151.
  creating $alu model for $6173 ($le): new $alu
  creating $alu model for $6221 ($gt): new $alu
  creating $alu model for $6309 ($ge): new $alu
  creating $alu model for $6310 ($le): new $alu
  creating $alu model for $6361 ($ge): new $alu
  creating $alu model for $6362 ($le): new $alu
  creating $alu model for $6465 ($lt): new $alu
  creating $alu model for $6651 ($gt): new $alu
  creating $alu model for $6715 ($le): new $alu
  creating $alu model for $6796 ($lt): new $alu
  creating $alu model for $6799 ($lt): merged with $6796.
  creating $alu model for $6834 ($lt): new $alu
  creating $alu model for $6853 ($ge): new $alu
  creating $alu model for $6854 ($le): new $alu
  creating $alu model for $6863 ($ge): new $alu
  creating $alu model for $6864 ($le): new $alu
  creating $alu model for $6867 ($lt): new $alu
  creating $alu model for $6870 ($ge): new $alu
  creating $alu model for $6871 ($le): new $alu
  creating $alu model for $6875 ($ge): merged with $6717.
  creating $alu model for $6876 ($le): new $alu
  creating $alu model for $6878 ($le): new $alu
  creating $alu model for $6921 ($lt): new $alu
  creating $alu model for $6937 ($ge): merged with $6921.
  creating $alu model for $6964 ($lt): new $alu
  creating $alu model for $6973 ($ge): new $alu
  creating $alu model for $7091 ($lt): new $alu
  creating $alu model for $7093 ($ge): new $alu
  creating $alu model for $7188 ($ge): merged with $4806.
  creating $alu model for $7199 ($ge): new $alu
  creating $alu model for $7227 ($ge): new $alu
  creating $alu model for $2413 ($eq): merged with $2395.
  creating $alu model for $4868 ($eq): merged with $4867.
  creating $alu model for $7209 ($eq): merged with $7093.
  creating $alu model for $procmux$329_CMP0 ($eq): merged with $6651.
  creating $alu cell for $7227: $auto$alumacc.cc:548:replace_alu$18227
  creating $alu cell for $7199: $auto$alumacc.cc:548:replace_alu$18240
  creating $alu cell for $7093, $7209: $auto$alumacc.cc:548:replace_alu$18253
  creating $alu cell for $7091: $auto$alumacc.cc:548:replace_alu$18266
  creating $alu cell for $6973: $auto$alumacc.cc:548:replace_alu$18271
  creating $alu cell for $6964: $auto$alumacc.cc:548:replace_alu$18284
  creating $alu cell for $6921, $6937: $auto$alumacc.cc:548:replace_alu$18289
  creating $alu cell for $6878: $auto$alumacc.cc:548:replace_alu$18302
  creating $alu cell for $6876: $auto$alumacc.cc:548:replace_alu$18311
  creating $alu cell for $6871: $auto$alumacc.cc:548:replace_alu$18320
  creating $alu cell for $6870: $auto$alumacc.cc:548:replace_alu$18329
  creating $alu cell for $6867: $auto$alumacc.cc:548:replace_alu$18342
  creating $alu cell for $6864: $auto$alumacc.cc:548:replace_alu$18347
  creating $alu cell for $6863: $auto$alumacc.cc:548:replace_alu$18356
  creating $alu cell for $6854: $auto$alumacc.cc:548:replace_alu$18369
  creating $alu cell for $6853: $auto$alumacc.cc:548:replace_alu$18378
  creating $alu cell for $6834: $auto$alumacc.cc:548:replace_alu$18391
  creating $alu cell for $6796, $6799: $auto$alumacc.cc:548:replace_alu$18396
  creating $alu cell for $6715: $auto$alumacc.cc:548:replace_alu$18401
  creating $alu cell for $6651, $procmux$329_CMP0: $auto$alumacc.cc:548:replace_alu$18410
  creating $alu cell for $6465: $auto$alumacc.cc:548:replace_alu$18421
  creating $alu cell for $6362: $auto$alumacc.cc:548:replace_alu$18426
  creating $alu cell for $6361: $auto$alumacc.cc:548:replace_alu$18435
  creating $alu cell for $6310: $auto$alumacc.cc:548:replace_alu$18448
  creating $alu cell for $6309: $auto$alumacc.cc:548:replace_alu$18457
  creating $alu cell for $6221: $auto$alumacc.cc:548:replace_alu$18470
  creating $alu cell for $6173: $auto$alumacc.cc:548:replace_alu$18481
  creating $alu cell for $6151, $6152: $auto$alumacc.cc:548:replace_alu$18490
  creating $alu cell for $6144, $6145: $auto$alumacc.cc:548:replace_alu$18495
  creating $alu cell for $6137, $6138: $auto$alumacc.cc:548:replace_alu$18500
  creating $alu cell for $4937: $auto$alumacc.cc:548:replace_alu$18505
  creating $alu cell for $4926: $auto$alumacc.cc:548:replace_alu$18516
  creating $alu cell for $4925: $auto$alumacc.cc:548:replace_alu$18523
  creating $alu cell for $4806, $7188: $auto$alumacc.cc:548:replace_alu$18538
  creating $alu cell for $4722: $auto$alumacc.cc:548:replace_alu$18551
  creating $alu cell for $4503: $auto$alumacc.cc:548:replace_alu$18556
  creating $alu cell for $4502: $auto$alumacc.cc:548:replace_alu$18561
  creating $alu cell for $4498: $auto$alumacc.cc:548:replace_alu$18574
  creating $alu cell for $4497: $auto$alumacc.cc:548:replace_alu$18579
  creating $alu cell for $4493: $auto$alumacc.cc:548:replace_alu$18592
  creating $alu cell for $4492: $auto$alumacc.cc:548:replace_alu$18597
  creating $alu cell for $4489: $auto$alumacc.cc:548:replace_alu$18610
  creating $alu cell for $4475: $auto$alumacc.cc:548:replace_alu$18615
  creating $alu cell for $4474: $auto$alumacc.cc:548:replace_alu$18620
  creating $alu cell for $4470: $auto$alumacc.cc:548:replace_alu$18633
  creating $alu cell for $4469: $auto$alumacc.cc:548:replace_alu$18638
  creating $alu cell for $4465: $auto$alumacc.cc:548:replace_alu$18651
  creating $alu cell for $4464: $auto$alumacc.cc:548:replace_alu$18656
  creating $alu cell for $4461: $auto$alumacc.cc:548:replace_alu$18669
  creating $alu cell for $4449: $auto$alumacc.cc:548:replace_alu$18674
  creating $alu cell for $4448: $auto$alumacc.cc:548:replace_alu$18679
  creating $alu cell for $4444: $auto$alumacc.cc:548:replace_alu$18692
  creating $alu cell for $4443: $auto$alumacc.cc:548:replace_alu$18697
  creating $alu cell for $4439: $auto$alumacc.cc:548:replace_alu$18710
  creating $alu cell for $4438: $auto$alumacc.cc:548:replace_alu$18715
  creating $alu cell for $4435: $auto$alumacc.cc:548:replace_alu$18728
  creating $alu cell for $4421: $auto$alumacc.cc:548:replace_alu$18733
  creating $alu cell for $4420: $auto$alumacc.cc:548:replace_alu$18738
  creating $alu cell for $4416: $auto$alumacc.cc:548:replace_alu$18751
  creating $alu cell for $4415: $auto$alumacc.cc:548:replace_alu$18756
  creating $alu cell for $4411: $auto$alumacc.cc:548:replace_alu$18769
  creating $alu cell for $4410: $auto$alumacc.cc:548:replace_alu$18774
  creating $alu cell for $4407: $auto$alumacc.cc:548:replace_alu$18787
  creating $alu cell for $4239: $auto$alumacc.cc:548:replace_alu$18792
  creating $alu cell for $4233: $auto$alumacc.cc:548:replace_alu$18807
  creating $alu cell for $3106: $auto$alumacc.cc:548:replace_alu$18822
  creating $alu cell for $1489: $auto$alumacc.cc:548:replace_alu$18833
  creating $alu cell for $170: $auto$alumacc.cc:548:replace_alu$18836
  creating $alu cell for $2109: $auto$alumacc.cc:548:replace_alu$18839
  creating $alu cell for $2156: $auto$alumacc.cc:548:replace_alu$18842
  creating $alu cell for $2220: $auto$alumacc.cc:548:replace_alu$18845
  creating $alu cell for $7226: $auto$alumacc.cc:548:replace_alu$18848
  creating $alu cell for $2395, $2413: $auto$alumacc.cc:548:replace_alu$18851
  creating $alu cell for $295: $auto$alumacc.cc:548:replace_alu$18856
  creating $alu cell for $3647: $auto$alumacc.cc:548:replace_alu$18859
  creating $alu cell for $3670: $auto$alumacc.cc:548:replace_alu$18862
  creating $alu cell for $4725, $4721: $auto$alumacc.cc:548:replace_alu$18865
  creating $alu cell for $4867, $4868: $auto$alumacc.cc:548:replace_alu$18878
  creating $alu cell for $4877: $auto$alumacc.cc:548:replace_alu$18883
  creating $alu cell for $4923: $auto$alumacc.cc:548:replace_alu$18886
  creating $alu cell for $4981: $auto$alumacc.cc:548:replace_alu$18889
  creating $alu cell for $4988: $auto$alumacc.cc:548:replace_alu$18892
  creating $alu cell for $4993: $auto$alumacc.cc:548:replace_alu$18895
  creating $alu cell for $5029: $auto$alumacc.cc:548:replace_alu$18898
  creating $alu cell for $5054: $auto$alumacc.cc:548:replace_alu$18901
  creating $alu cell for $6182: $auto$alumacc.cc:548:replace_alu$18904
  creating $alu cell for $6494: $auto$alumacc.cc:548:replace_alu$18907
  creating $alu cell for $6496: $auto$alumacc.cc:548:replace_alu$18910
  creating $alu cell for $6504: $auto$alumacc.cc:548:replace_alu$18913
  creating $alu cell for $6506: $auto$alumacc.cc:548:replace_alu$18916
  creating $alu cell for $6608: $auto$alumacc.cc:548:replace_alu$18919
  creating $alu cell for $6618: $auto$alumacc.cc:548:replace_alu$18922
  creating $alu cell for $6717, $6875: $auto$alumacc.cc:548:replace_alu$18925
  creating $alu cell for $6763: $auto$alumacc.cc:548:replace_alu$18938
  creating $alu cell for $6858: $auto$alumacc.cc:548:replace_alu$18941
  creating $alu cell for $6866: $auto$alumacc.cc:548:replace_alu$18944
  creating $alu cell for $6873: $auto$alumacc.cc:548:replace_alu$18947
  creating $alu cell for $7088: $auto$alumacc.cc:548:replace_alu$18950
  creating $alu cell for $7107: $auto$alumacc.cc:548:replace_alu$18953
  creating $alu cell for $7110: $auto$alumacc.cc:548:replace_alu$18956
  creating $alu cell for $7148: $auto$alumacc.cc:548:replace_alu$18959
  creating $alu cell for $7154: $auto$alumacc.cc:548:replace_alu$18962
  creating $alu cell for $7191: $auto$alumacc.cc:548:replace_alu$18965
  creating $alu cell for $7200: $auto$alumacc.cc:548:replace_alu$18968
  creating $alu cell for $7214: $auto$alumacc.cc:548:replace_alu$18971
  creating $alu cell for $7225: $auto$alumacc.cc:548:replace_alu$18974
  created 106 $alu and 1 $macc cells.

6.12. Executing SHARE pass (SAT-based resource sharing).
Found 9 cells in module agriasic_digital_rv32i_top that may be considered for resource sharing.
  Analyzing resource sharing options for $auto$mem.cc:305:emit$3 ($memrd_v2):
    Found 1 activation_patterns using ctrl signal { $procmux$13864_CMP $procmux$11626_CMP $942y $828y \u_control_shell.u_core.u_ibex_core.if_stage_i.illegal_c_insn_id_o }.
    No candidates found.
  Analyzing resource sharing options for $7187 ($shl):
    Found 1 activation_patterns using ctrl signal $auto$rtlil.cc:3255:ReduceOr$18550.
    Found 1 candidates: $7125
    Analyzing resource sharing with $7125 ($shl):
      Found 2 activation_patterns using ctrl signal { $7131y \adc_comp_i }.
      Forbidden control signals for this pair of cells: $7227y
      Activation pattern for cell $7187: $auto$rtlil.cc:3255:ReduceOr$18550 = 1'0
      Activation pattern for cell $7125: $7131y = 1'0
      Activation pattern for cell $7125: \adc_comp_i = 1'1
      Size of SAT problem: 7 cells, 118 variables, 299 clauses
      According to the SAT solver this pair of cells can not be shared.
      Model from SAT solver: { $7131y \adc_comp_i $auto$rtlil.cc:3255:ReduceOr$18550 } = 3'000
  Analyzing resource sharing options for $7125 ($shl):
    Found 2 activation_patterns using ctrl signal { $7131y \adc_comp_i }.
    No candidates found.
  Analyzing resource sharing options for $6683 ($shr):
    Found 1 activation_patterns using ctrl signal { \u_control_shell.u_dm.i_dm_csrs.dmcontrol_q [0] \u_control_shell.u_bus.m2_rvalid_q }.
    No candidates found.
  Analyzing resource sharing options for $6677 ($shl):
    Found 2 activation_patterns using ctrl signal { \u_control_shell.u_bus.mmio_sel_m1 \u_control_shell.u_bus.imem_sel_m2 \u_control_shell.u_bus.imem_sel_m1 }.
    No candidates found.
  Analyzing resource sharing options for $6615 ($shl):
    Found 3 activation_patterns using ctrl signal { $6287y $6284y $6191y \u_control_shell.u_dm.i_dm_sba.addr_incr_en \u_control_shell.u_dm.i_dm_csrs.dmcontrol_q [0] }.
    Found 1 candidates: $2377
    Analyzing resource sharing with $2377 ($shl):
      Found 2 activation_patterns using ctrl signal { $procmux$8690_CMP $procmux$8682_CMP $2397y \u_control_shell.u_core.u_ibex_core.ex_block_i.gen_multdiv_fast.multdiv_i.is_greater_equal \u_control_shell.u_core.u_ibex_core.ex_block_i.multdiv_sel \u_control_shell.u_core.u_ibex_core.ex_block_i.div_sel_i }.
      Activation pattern for cell $6615: { $6284y $6191y \u_control_shell.u_dm.i_dm_sba.addr_incr_en \u_control_shell.u_dm.i_dm_csrs.dmcontrol_q [0] } = 4'0111
      Activation pattern for cell $6615: { $6287y $6284y $6191y \u_control_shell.u_dm.i_dm_sba.addr_incr_en \u_control_shell.u_dm.i_dm_csrs.dmcontrol_q [0] } = 5'11111
      Activation pattern for cell $6615: { $6191y \u_control_shell.u_dm.i_dm_sba.addr_incr_en \u_control_shell.u_dm.i_dm_csrs.dmcontrol_q [0] } = 3'011
      Activation pattern for cell $2377: { $procmux$8682_CMP $2397y \u_control_shell.u_core.u_ibex_core.ex_block_i.gen_multdiv_fast.multdiv_i.is_greater_equal \u_control_shell.u_core.u_ibex_core.ex_block_i.multdiv_sel \u_control_shell.u_core.u_ibex_core.ex_block_i.div_sel_i } = 5'11111
      Activation pattern for cell $2377: { $procmux$8690_CMP \u_control_shell.u_core.u_ibex_core.ex_block_i.gen_multdiv_fast.multdiv_i.is_greater_equal } = 2'11
      Size of SAT problem: 216 cells, 22046 variables, 56935 clauses
      According to the SAT solver this pair of cells can not be shared.
      Model from SAT solver: { $procmux$8690_CMP $procmux$8682_CMP $6287y $6284y $6191y $2397y \u_control_shell.u_dm.i_dm_sba.addr_incr_en \u_control_shell.u_dm.i_dm_csrs.dmcontrol_q [0] \u_control_shell.u_core.u_ibex_core.ex_block_i.gen_multdiv_fast.multdiv_i.is_greater_equal \u_control_shell.u_core.u_ibex_core.ex_block_i.multdiv_sel \u_control_shell.u_core.u_ibex_core.ex_block_i.div_sel_i } = 11'10100011100
  Analyzing resource sharing options for $2377 ($shl):
    Found 2 activation_patterns using ctrl signal { $procmux$8690_CMP $procmux$8682_CMP $2397y \u_control_shell.u_core.u_ibex_core.ex_block_i.gen_multdiv_fast.multdiv_i.is_greater_equal \u_control_shell.u_core.u_ibex_core.ex_block_i.multdiv_sel \u_control_shell.u_core.u_ibex_core.ex_block_i.div_sel_i }.
    No candidates found.
  Analyzing resource sharing options for $2333 ($mul):
    Found cell that is never activated: $2333
    Cell is never active. Sharing is pointless, we simply remove it.
  Analyzing resource sharing options for $2243 ($sshr):
    Found 1 activation_patterns using ctrl signal { $procmux$15393_CMP $procmux$8934_CTRL \u_control_shell.u_core.u_ibex_core.ex_block_i.multdiv_sel }.
    No candidates found.
Removing 1 cells in module agriasic_digital_rv32i_top:
  Removing cell $2333 ($mul).

6.13. Executing OPT pass (performing simple optimizations).

6.13.1. Executing OPT_EXPR pass (perform const folding).
Optimizing module agriasic_digital_rv32i_top.
<suppressed ~63 debug messages>

6.13.2. Executing OPT_MERGE pass (detect identical cells).
Finding identical cells in module `\agriasic_digital_rv32i_top'.
Computing hashes of 3760 cells of `\agriasic_digital_rv32i_top'.
Finding duplicate cells in `\agriasic_digital_rv32i_top'.
Removed a total of 0 cells.

6.13.3. Executing OPT_MUXTREE pass (detect dead branches in mux trees).
Running muxtree optimizer on module \agriasic_digital_rv32i_top..
  Creating internal representation of mux trees.
  Evaluating internal representation of mux trees.
  Analyzing evaluation results.
    dead port 1/2 on $mux $6139.
    dead port 1/2 on $mux $6146.
    dead port 1/2 on $mux $6153.
    dead port 1/2 on $mux $procmux$5061.
    dead port 2/2 on $mux $procmux$5061.
    dead port 1/2 on $mux $procmux$5242.
    dead port 2/2 on $mux $procmux$5242.
    dead port 1/2 on $mux $procmux$5256.
    dead port 2/2 on $mux $procmux$5256.
    dead port 1/2 on $mux $procmux$5354.
    dead port 2/2 on $mux $procmux$5354.
Removed 11 multiplexer ports.
<suppressed ~2283 debug messages>

6.13.4. Executing OPT_REDUCE pass (consolidate $*mux and $reduce_* inputs).
  Optimizing cells in module \agriasic_digital_rv32i_top.
    New input vector for $reduce_and cell $auto$simple.cc:211:make_patterns_logic$17950: { $4865y \u_control_shell.u_boot.sck_q \u_control_shell.u_boot.eng_busy $auto$alumacc.cc:564:replace_alu$18879 }
  Optimizing cells in module \agriasic_digital_rv32i_top.
Performed a total of 1 changes.

6.13.5. Executing OPT_MERGE pass (detect identical cells).
Finding identical cells in module `\agriasic_digital_rv32i_top'.
Computing hashes of 3753 cells of `\agriasic_digital_rv32i_top'.
Finding duplicate cells in `\agriasic_digital_rv32i_top'.
Computing hashes of 3749 cells of `\agriasic_digital_rv32i_top'.
Finding duplicate cells in `\agriasic_digital_rv32i_top'.
<suppressed ~12 debug messages>
Removed a total of 4 cells.

6.13.6. Executing OPT_DFF pass (perform DFF optimizations).
Adding EN signal on $auto$ff.cc:337:slice$17795 ($adffe) from module agriasic_digital_rv32i_top (D = \u_control_shell.u_core.u_ibex_core.id_stage_i.controller_i.debug_cause_q, Q = \u_control_shell.u_core.u_ibex_core.cs_registers_i.u_dcsr_csr.rdata_q [8:6]).

6.13.7. Executing OPT_CLEAN pass (remove unused cells and wires).
Finding unused cells or wires in module \agriasic_digital_rv32i_top..
Removed 15 unused cells and 139 unused wires.
<suppressed ~22 debug messages>

6.13.8. Executing OPT_EXPR pass (perform const folding).
Optimizing module agriasic_digital_rv32i_top.

6.13.9. Rerunning OPT passes. (Maybe there is more to do..)

6.13.10. Executing OPT_MUXTREE pass (detect dead branches in mux trees).
Running muxtree optimizer on module \agriasic_digital_rv32i_top..
  Creating internal representation of mux trees.
  Evaluating internal representation of mux trees.
  Analyzing evaluation results.
Removed 0 multiplexer ports.
<suppressed ~2283 debug messages>

6.13.11. Executing OPT_REDUCE pass (consolidate $*mux and $reduce_* inputs).
  Optimizing cells in module \agriasic_digital_rv32i_top.
Performed a total of 0 changes.

6.13.12. Executing OPT_MERGE pass (detect identical cells).
Finding identical cells in module `\agriasic_digital_rv32i_top'.
Computing hashes of 3730 cells of `\agriasic_digital_rv32i_top'.
Finding duplicate cells in `\agriasic_digital_rv32i_top'.
Removed a total of 0 cells.

6.13.13. Executing OPT_DFF pass (perform DFF optimizations).

6.13.14. Executing OPT_CLEAN pass (remove unused cells and wires).
Finding unused cells or wires in module \agriasic_digital_rv32i_top..

6.13.15. Executing OPT_EXPR pass (perform const folding).
Optimizing module agriasic_digital_rv32i_top.

6.13.16. Finished fast OPT passes. (There is nothing left to do.)

6.14. Executing MEMORY pass.

6.14.1. Executing OPT_MEM pass (optimize memories).
agriasic_digital_rv32i_top.$auto$proc_rom.cc:155:do_switch$2: removing const-1 lane 0
Performed a total of 1 transformations.

6.14.2. Executing OPT_MEM_PRIORITY pass (removing unnecessary memory write priority relations).
Performed a total of 0 transformations.

6.14.3. Executing OPT_MEM_FEEDBACK pass (finding memory read-to-write feedback paths).

6.14.4. Executing MEMORY_BMUX2ROM pass (converting muxes to ROMs).

6.14.5. Executing MEMORY_DFF pass (merging $dff cells to $memrd).
Checking read port `$auto$memory_bmux2rom.cc:63:execute$18996'[0] in module `\agriasic_digital_rv32i_top': no output FF found.
Checking read port `$auto$memory_bmux2rom.cc:63:execute$18993'[0] in module `\agriasic_digital_rv32i_top': no output FF found.
Checking read port address `$auto$memory_bmux2rom.cc:63:execute$18996'[0] in module `\agriasic_digital_rv32i_top': address FF has async set and/or reset, not supported.
Checking read port address `$auto$memory_bmux2rom.cc:63:execute$18993'[0] in module `\agriasic_digital_rv32i_top': no address FF found.

6.14.6. Executing OPT_CLEAN pass (remove unused cells and wires).
Finding unused cells or wires in module \agriasic_digital_rv32i_top..
Removed 0 unused cells and 1 unused wires.
<suppressed ~1 debug messages>

6.14.7. Executing MEMORY_SHARE pass (consolidating $memrd/$memwr cells).

6.14.8. Executing OPT_MEM_WIDEN pass (optimize memories where all ports are wide).
Performed a total of 0 transformations.

6.14.9. Executing OPT_CLEAN pass (remove unused cells and wires).
Finding unused cells or wires in module \agriasic_digital_rv32i_top..

6.14.10. Executing MEMORY_COLLECT pass (generating $mem cells).

6.15. Executing OPT_CLEAN pass (remove unused cells and wires).
Finding unused cells or wires in module \agriasic_digital_rv32i_top..

6.16. Executing OPT pass (performing simple optimizations).

6.16.1. Executing OPT_EXPR pass (perform const folding).
Optimizing module agriasic_digital_rv32i_top.
<suppressed ~896 debug messages>

6.16.2. Executing OPT_MERGE pass (detect identical cells).
Finding identical cells in module `\agriasic_digital_rv32i_top'.
Computing hashes of 3822 cells of `\agriasic_digital_rv32i_top'.
Finding duplicate cells in `\agriasic_digital_rv32i_top'.
Computing hashes of 3500 cells of `\agriasic_digital_rv32i_top'.
Finding duplicate cells in `\agriasic_digital_rv32i_top'.
Computing hashes of 3499 cells of `\agriasic_digital_rv32i_top'.
Finding duplicate cells in `\agriasic_digital_rv32i_top'.
<suppressed ~973 debug messages>
Removed a total of 323 cells.

6.16.3. Executing OPT_DFF pass (perform DFF optimizations).

6.16.4. Executing OPT_CLEAN pass (remove unused cells and wires).
Finding unused cells or wires in module \agriasic_digital_rv32i_top..
Removed 69 unused cells and 1034 unused wires.
<suppressed ~70 debug messages>

6.16.5. Finished fast OPT passes.

6.17. Executing MEMORY_MAP pass (converting memories to logic and flip-flops).
Mapping memory $auto$memory_bmux2rom.cc:63:execute$18993 in module \agriasic_digital_rv32i_top:
  created 32 $dff cells and 0 static cells of width 32.
  read interface: 0 $dff and 31 $mux cells.
  write interface: 0 write mux blocks.
Mapping memory $auto$memory_bmux2rom.cc:63:execute$18996 in module \agriasic_digital_rv32i_top:
  created 32 $dff cells and 0 static cells of width 64.
  read interface: 0 $dff and 31 $mux cells.
  write interface: 0 write mux blocks.

6.18. Executing OPT pass (performing simple optimizations).

6.18.1. Executing OPT_EXPR pass (perform const folding).
Optimizing module agriasic_digital_rv32i_top.
<suppressed ~47 debug messages>

6.18.2. Executing OPT_MERGE pass (detect identical cells).
Finding identical cells in module `\agriasic_digital_rv32i_top'.
Computing hashes of 3448 cells of `\agriasic_digital_rv32i_top'.
Finding duplicate cells in `\agriasic_digital_rv32i_top'.
Removed a total of 0 cells.

6.18.3. Executing OPT_MUXTREE pass (detect dead branches in mux trees).
Running muxtree optimizer on module \agriasic_digital_rv32i_top..
  Creating internal representation of mux trees.
  Evaluating internal representation of mux trees.
  Analyzing evaluation results.
    dead port 2/2 on $mux $procmux$4993.
    dead port 2/2 on $mux $procmux$5023.
    dead port 2/2 on $mux $procmux$5045.
    dead port 2/2 on $mux $procmux$5092.
    dead port 2/2 on $mux $procmux$5122.
    dead port 2/2 on $mux $procmux$5144.
    dead port 2/2 on $mux $procmux$5185.
    dead port 2/2 on $mux $procmux$5215.
    dead port 2/2 on $mux $procmux$5237.
    dead port 2/2 on $mux $procmux$5287.
    dead port 2/2 on $mux $procmux$5317.
    dead port 2/2 on $mux $procmux$5339.
Removed 12 multiplexer ports.
<suppressed ~1451 debug messages>

6.18.4. Executing OPT_REDUCE pass (consolidate $*mux and $reduce_* inputs).
  Optimizing cells in module \agriasic_digital_rv32i_top.
    Consolidated identical input bits for $mux cell $memory$auto$memory_bmux2rom.cc:63:execute$18996$rdmux[0][4][6]$20282:
      Old ports: A=64'0000000011000101010101010001001100000000000000000000010100010111, B=64'0001000000000101001011000010001100000000110001010001010100010011, Y=$memory$auto$memory_bmux2rom.cc:63:execute$18996$rdmux[0][3][3]$a$20250
      New ports: A=2'01, B=2'10, Y={ $memory$auto$memory_bmux2rom.cc:63:execute$18996$rdmux[0][3][3]$a$20250 [12] $memory$auto$memory_bmux2rom.cc:63:execute$18996$rdmux[0][3][3]$a$20250 [2] }
      New connections: { $memory$auto$memory_bmux2rom.cc:63:execute$18996$rdmux[0][3][3]$a$20250 [63:13] $memory$auto$memory_bmux2rom.cc:63:execute$18996$rdmux[0][3][3]$a$20250 [11:3] $memory$auto$memory_bmux2rom.cc:63:execute$18996$rdmux[0][3][3]$a$20250 [1:0] } = { 3'000 $memory$auto$memory_bmux2rom.cc:63:execute$18996$rdmux[0][3][3]$a$20250 [12] 4'0000 $memory$auto$memory_bmux2rom.cc:63:execute$18996$rdmux[0][3][3]$a$20250 [2] $memory$auto$memory_bmux2rom.cc:63:execute$18996$rdmux[0][3][3]$a$20250 [2] 7'0001010 $memory$auto$memory_bmux2rom.cc:63:execute$18996$rdmux[0][3][3]$a$20250 [2] $memory$auto$memory_bmux2rom.cc:63:execute$18996$rdmux[0][3][3]$a$20250 [12] $memory$auto$memory_bmux2rom.cc:63:execute$18996$rdmux[0][3][3]$a$20250 [2] $memory$auto$memory_bmux2rom.cc:63:execute$18996$rdmux[0][3][3]$a$20250 [12] 2'10 $memory$auto$memory_bmux2rom.cc:63:execute$18996$rdmux[0][3][3]$a$20250 [2] 2'00 $memory$auto$memory_bmux2rom.cc:63:execute$18996$rdmux[0][3][3]$a$20250 [12] $memory$auto$memory_bmux2rom.cc:63:execute$18996$rdmux[0][3][3]$a$20250 [2] 12'001100000000 $memory$auto$memory_bmux2rom.cc:63:execute$18996$rdmux[0][3][3]$a$20250 [12] $memory$auto$memory_bmux2rom.cc:63:execute$18996$rdmux[0][3][3]$a$20250 [12] 3'000 $memory$auto$memory_bmux2rom.cc:63:execute$18996$rdmux[0][3][3]$a$20250 [12] 1'0 $memory$auto$memory_bmux2rom.cc:63:execute$18996$rdmux[0][3][3]$a$20250 [12] 14'00001010001011 }
    Consolidated identical input bits for $mux cell $memory$auto$memory_bmux2rom.cc:63:execute$18996$rdmux[0][4][2]$20270:
      Old ports: A=64'0000000000000000000001010001011101111011001101010001000001110011, B=64'0000000011000101000101010001001100000000110001010101010100010011, Y=$memory$auto$memory_bmux2rom.cc:63:execute$18996$rdmux[0][3][1]$a$20244
      New ports: A=2'01, B=2'10, Y={ $memory$auto$memory_bmux2rom.cc:63:execute$18996$rdmux[0][3][1]$a$20244 [8] $memory$auto$memory_bmux2rom.cc:63:execute$18996$rdmux[0][3][1]$a$20244 [5] }
      New connections: { $memory$auto$memory_bmux2rom.cc:63:execute$18996$rdmux[0][3][1]$a$20244 [63:9] $memory$auto$memory_bmux2rom.cc:63:execute$18996$rdmux[0][3][1]$a$20244 [7:6] $memory$auto$memory_bmux2rom.cc:63:execute$18996$rdmux[0][3][1]$a$20244 [4:0] } = { 8'00000000 $memory$auto$memory_bmux2rom.cc:63:execute$18996$rdmux[0][3][1]$a$20244 [8] $memory$auto$memory_bmux2rom.cc:63:execute$18996$rdmux[0][3][1]$a$20244 [8] 3'000 $memory$auto$memory_bmux2rom.cc:63:execute$18996$rdmux[0][3][1]$a$20244 [8] 1'0 $memory$auto$memory_bmux2rom.cc:63:execute$18996$rdmux[0][3][1]$a$20244 [8] 3'000 $memory$auto$memory_bmux2rom.cc:63:execute$18996$rdmux[0][3][1]$a$20244 [8] 9'010100010 $memory$auto$memory_bmux2rom.cc:63:execute$18996$rdmux[0][3][1]$a$20244 [5] 3'110 $memory$auto$memory_bmux2rom.cc:63:execute$18996$rdmux[0][3][1]$a$20244 [5] $memory$auto$memory_bmux2rom.cc:63:execute$18996$rdmux[0][3][1]$a$20244 [5] $memory$auto$memory_bmux2rom.cc:63:execute$18996$rdmux[0][3][1]$a$20244 [5] $memory$auto$memory_bmux2rom.cc:63:execute$18996$rdmux[0][3][1]$a$20244 [5] 1'0 $memory$auto$memory_bmux2rom.cc:63:execute$18996$rdmux[0][3][1]$a$20244 [5] $memory$auto$memory_bmux2rom.cc:63:execute$18996$rdmux[0][3][1]$a$20244 [5] $memory$auto$memory_bmux2rom.cc:63:execute$18996$rdmux[0][3][1]$a$20244 [8] $memory$auto$memory_bmux2rom.cc:63:execute$18996$rdmux[0][3][1]$a$20244 [8] $memory$auto$memory_bmux2rom.cc:63:execute$18996$rdmux[0][3][1]$a$20244 [5] $memory$auto$memory_bmux2rom.cc:63:execute$18996$rdmux[0][3][1]$a$20244 [5] 5'01010 $memory$auto$memory_bmux2rom.cc:63:execute$18996$rdmux[0][3][1]$a$20244 [8] 3'010 $memory$auto$memory_bmux2rom.cc:63:execute$18996$rdmux[0][3][1]$a$20244 [8] 2'00 $memory$auto$memory_bmux2rom.cc:63:execute$18996$rdmux[0][3][1]$a$20244 [5] 5'10011 }
    Consolidated identical input bits for $mux cell $2403:
      Old ports: A=3'001, B=3'110, Y=$2400y
      New ports: A=2'01, B=2'10, Y=$2400y [1:0]
      New connections: $2400y [2] = $2400y [1]
    Consolidated identical input bits for $mux cell $2414:
      Old ports: A=3'011, B=3'100, Y=$2414y
      New ports: A=2'01, B=2'10, Y={ $2414y [2] $2414y [0] }
      New connections: $2414y [1] = $2414y [0]
    Consolidated identical input bits for $mux cell $2689:
      Old ports: A=2'00, B=2'10, Y=$2689y
      New ports: A=1'0, B=1'1, Y=$2689y [1]
      New connections: $2689y [0] = 1'0
    Consolidated identical input bits for $mux cell $2690:
      Old ports: A=2'11, B=2'01, Y=$2690y
      New ports: A=1'1, B=1'0, Y=$2690y [1]
      New connections: $2690y [0] = 1'1
    Consolidated identical input bits for $mux cell $2738:
      Old ports: A=2'11, B=2'00, Y=$2738y
      New ports: A=1'1, B=1'0, Y=$2738y [0]
      New connections: $2738y [1] = $2738y [0]
    Consolidated identical input bits for $mux cell $292:
      Old ports: A={ \u_control_shell.u_core.u_ibex_core.if_stage_i.gen_prefetch_buffer.prefetch_buffer_i.fetch_addr_q [31:2] 2'00 }, B={ \u_control_shell.u_core.u_ibex_core.if_stage_i.fetch_addr_n [31:1] 1'0 }, Y={ $292y [31:2] \u_control_shell.u_core.u_ibex_core.if_stage_i.gen_prefetch_buffer.prefetch_buffer_i.fetch_addr_d [1:0] }
      New ports: A={ \u_control_shell.u_core.u_ibex_core.if_stage_i.gen_prefetch_buffer.prefetch_buffer_i.fetch_addr_q [31:2] 1'0 }, B=\u_control_shell.u_core.u_ibex_core.if_stage_i.fetch_addr_n [31:1], Y={ $292y [31:2] \u_control_shell.u_core.u_ibex_core.if_stage_i.gen_prefetch_buffer.prefetch_buffer_i.fetch_addr_d [1] }
      New connections: \u_control_shell.u_core.u_ibex_core.if_stage_i.gen_prefetch_buffer.prefetch_buffer_i.fetch_addr_d [0] = 1'0
    Consolidated identical input bits for $mux cell $3125:
      Old ports: A=26'00000000000000000000000000, B=26'11111111111111111111111111, Y=$3125y
      New ports: A=1'0, B=1'1, Y=$3125y [0]
      New connections: $3125y [25:1] = { $3125y [0] $3125y [0] $3125y [0] $3125y [0] $3125y [0] $3125y [0] $3125y [0] $3125y [0] $3125y [0] $3125y [0] $3125y [0] $3125y [0] $3125y [0] $3125y [0] $3125y [0] $3125y [0] $3125y [0] $3125y [0] $3125y [0] $3125y [0] $3125y [0] $3125y [0] $3125y [0] $3125y [0] $3125y [0] }
    Consolidated identical input bits for $mux cell $memory$auto$memory_bmux2rom.cc:63:execute$18996$rdmux[0][4][3]$20273:
      Old ports: A=64'0001000010000101001000000010001111110001010000000010010001110011, B=64'0100000000000100010001000000001100000000101001000000010000110011, Y=$memory$auto$memory_bmux2rom.cc:63:execute$18996$rdmux[0][3][1]$b$20245
      New ports: A=2'01, B=2'10, Y={ $memory$auto$memory_bmux2rom.cc:63:execute$18996$rdmux[0][3][1]$b$20245 [18] $memory$auto$memory_bmux2rom.cc:63:execute$18996$rdmux[0][3][1]$b$20245 [6] }
      New connections: { $memory$auto$memory_bmux2rom.cc:63:execute$18996$rdmux[0][3][1]$b$20245 [63:19] $memory$auto$memory_bmux2rom.cc:63:execute$18996$rdmux[0][3][1]$b$20245 [17:7] $memory$auto$memory_bmux2rom.cc:63:execute$18996$rdmux[0][3][1]$b$20245 [5:0] } = { 1'0 $memory$auto$memory_bmux2rom.cc:63:execute$18996$rdmux[0][3][1]$b$20245 [18] 1'0 $memory$auto$memory_bmux2rom.cc:63:execute$18996$rdmux[0][3][1]$b$20245 [6] 4'0000 $memory$auto$memory_bmux2rom.cc:63:execute$18996$rdmux[0][3][1]$b$20245 [6] 6'000010 $memory$auto$memory_bmux2rom.cc:63:execute$18996$rdmux[0][3][1]$b$20245 [6] 1'0 $memory$auto$memory_bmux2rom.cc:63:execute$18996$rdmux[0][3][1]$b$20245 [18] $memory$auto$memory_bmux2rom.cc:63:execute$18996$rdmux[0][3][1]$b$20245 [6] 2'00 $memory$auto$memory_bmux2rom.cc:63:execute$18996$rdmux[0][3][1]$b$20245 [18] 4'0000 $memory$auto$memory_bmux2rom.cc:63:execute$18996$rdmux[0][3][1]$b$20245 [6] 5'00011 $memory$auto$memory_bmux2rom.cc:63:execute$18996$rdmux[0][3][1]$b$20245 [6] $memory$auto$memory_bmux2rom.cc:63:execute$18996$rdmux[0][3][1]$b$20245 [6] $memory$auto$memory_bmux2rom.cc:63:execute$18996$rdmux[0][3][1]$b$20245 [6] $memory$auto$memory_bmux2rom.cc:63:execute$18996$rdmux[0][3][1]$b$20245 [6] 3'000 $memory$auto$memory_bmux2rom.cc:63:execute$18996$rdmux[0][3][1]$b$20245 [6] $memory$auto$memory_bmux2rom.cc:63:execute$18996$rdmux[0][3][1]$b$20245 [18] $memory$auto$memory_bmux2rom.cc:63:execute$18996$rdmux[0][3][1]$b$20245 [6] $memory$auto$memory_bmux2rom.cc:63:execute$18996$rdmux[0][3][1]$b$20245 [18] 6'000000 $memory$auto$memory_bmux2rom.cc:63:execute$18996$rdmux[0][3][1]$b$20245 [6] 12'001000110011 }
    Consolidated identical input bits for $mux cell $3203:
      Old ports: A={ \u_control_shell.u_core.u_ibex_core.cs_registers_i.csr_wdata_int [31:8] 8'00000001 }, B=1, Y=\u_control_shell.u_core.u_ibex_core.cs_registers_i.mtvec_d
      New ports: A=\u_control_shell.u_core.u_ibex_core.cs_registers_i.csr_wdata_int [31:8], B=24'000000000000000000000000, Y=\u_control_shell.u_core.u_ibex_core.cs_registers_i.mtvec_d [31:8]
      New connections: \u_control_shell.u_core.u_ibex_core.cs_registers_i.mtvec_d [7:0] = 8'00000001
    Consolidated identical input bits for $mux cell $4593:
      Old ports: A=4'0000, B=4'1111, Y=$4593y
      New ports: A=1'0, B=1'1, Y=$4593y [0]
      New connections: $4593y [3:1] = { $4593y [0] $4593y [0] $4593y [0] }
    Consolidated identical input bits for $mux cell $4622:
      Old ports: A={ \u_control_shell.u_core.u_ibex_core.if_stage_i.gen_prefetch_buffer.prefetch_buffer_i.stored_addr_d [11:2] 2'00 }, B={ \u_control_shell.u_core.u_ibex_core.ex_block_i.alu_adder_result_ext [12:3] 2'00 }, Y=\u_control_shell.u_dm.i_dm_mem.addr_i [11:0]
      New ports: A=\u_control_shell.u_core.u_ibex_core.if_stage_i.gen_prefetch_buffer.prefetch_buffer_i.stored_addr_d [11:2], B=\u_control_shell.u_core.u_ibex_core.ex_block_i.alu_adder_result_ext [12:3], Y=\u_control_shell.u_dm.i_dm_mem.addr_i [11:2]
      New connections: \u_control_shell.u_dm.i_dm_mem.addr_i [1:0] = 2'00
    Consolidated identical input bits for $mux cell $4907:
      Old ports: A=2'00, B=2'11, Y=$4907y
      New ports: A=1'0, B=1'1, Y=$4907y [0]
      New connections: $4907y [1] = $4907y [0]
    Consolidated identical input bits for $mux cell $4953:
      Old ports: A=2'00, B=2'10, Y=$4953y
      New ports: A=1'0, B=1'1, Y=$4953y [1]
      New connections: $4953y [0] = 1'0
    Consolidated identical input bits for $mux cell $5000:
      Old ports: A={ 1'0 \u_control_shell.u_boot.crc_q [31:8] $4996y [7:1] }, B={ 1'1 $4999y [30:29] \u_control_shell.u_boot.crc_q [29] $4999y [27:26] \u_control_shell.u_boot.crc_q [26] $4999y [24:23] \u_control_shell.u_boot.crc_q [23] $4999y [21:19] \u_control_shell.u_boot.crc_q [19:17] $4999y [15] \u_control_shell.u_boot.crc_q [15:11] $4999y [9:8] \u_control_shell.u_boot.crc_q [8] $4996y [7] $4999y [5] $4996y [5:1] }, Y=$5000y
      New ports: A={ 1'0 \u_control_shell.u_boot.crc_q [31:30] \u_control_shell.u_boot.crc_q [28:27] \u_control_shell.u_boot.crc_q [25:24] \u_control_shell.u_boot.crc_q [22:20] \u_control_shell.u_boot.crc_q [16] \u_control_shell.u_boot.crc_q [10:9] $4996y [6] }, B={ 1'1 $4999y [30:29] $4999y [27:26] $4999y [24:23] $4999y [21:19] $4999y [15] $4999y [9:8] $4999y [5] }, Y={ $5000y [31:29] $5000y [27:26] $5000y [24:23] $5000y [21:19] $5000y [15] $5000y [9:8] $5000y [5] }
      New connections: { $5000y [28] $5000y [25] $5000y [22] $5000y [18:16] $5000y [14:10] $5000y [7:6] $5000y [4:0] } = { \u_control_shell.u_boot.crc_q [29] \u_control_shell.u_boot.crc_q [26] \u_control_shell.u_boot.crc_q [23] \u_control_shell.u_boot.crc_q [19:17] \u_control_shell.u_boot.crc_q [15:11] \u_control_shell.u_boot.crc_q [8] $4996y [7] $4996y [5:1] }
    Consolidated identical input bits for $mux cell $5004:
      Old ports: A={ 1'0 $5000y [31:1] }, B={ 1'1 $5003y [30:29] $5000y [29] $5003y [27:26] $5000y [26] $5003y [24:23] $5000y [23] $5003y [21:19] $5000y [19:17] $5003y [15] $5000y [15:11] $5003y [9:8] $5000y [8:7] $5003y [5] $5000y [5:1] }, Y=$5004y
      New ports: A={ 1'0 $5000y [31:30] $5000y [28:27] $5000y [25:24] $5000y [22:20] $5000y [16] $5000y [10:9] $5000y [6] }, B={ 1'1 $5003y [30:29] $5003y [27:26] $5003y [24:23] $5003y [21:19] $5003y [15] $5003y [9:8] $5003y [5] }, Y={ $5004y [31:29] $5004y [27:26] $5004y [24:23] $5004y [21:19] $5004y [15] $5004y [9:8] $5004y [5] }
      New connections: { $5004y [28] $5004y [25] $5004y [22] $5004y [18:16] $5004y [14:10] $5004y [7:6] $5004y [4:0] } = { $5000y [29] $5000y [26] $5000y [23] $5000y [19:17] $5000y [15:11] $5000y [8:7] $5000y [5:1] }
    Consolidated identical input bits for $mux cell $5008:
      Old ports: A={ 1'0 $5004y [31:1] }, B={ 1'1 $5007y [30:29] $5004y [29] $5007y [27:26] $5004y [26] $5007y [24:23] $5004y [23] $5007y [21:19] $5004y [19:17] $5007y [15] $5004y [15:11] $5007y [9:8] $5004y [8:7] $5007y [5] $5004y [5:1] }, Y=$5008y
      New ports: A={ 1'0 $5004y [31:30] $5004y [28:27] $5004y [25:24] $5004y [22:20] $5004y [16] $5004y [10:9] $5004y [6] }, B={ 1'1 $5007y [30:29] $5007y [27:26] $5007y [24:23] $5007y [21:19] $5007y [15] $5007y [9:8] $5007y [5] }, Y={ $5008y [31:29] $5008y [27:26] $5008y [24:23] $5008y [21:19] $5008y [15] $5008y [9:8] $5008y [5] }
      New connections: { $5008y [28] $5008y [25] $5008y [22] $5008y [18:16] $5008y [14:10] $5008y [7:6] $5008y [4:0] } = { $5004y [29] $5004y [26] $5004y [23] $5004y [19:17] $5004y [15:11] $5004y [8:7] $5004y [5:1] }
    Consolidated identical input bits for $mux cell $5012:
      Old ports: A={ 1'0 $5008y [31:1] }, B={ 1'1 $5011y [30:29] $5008y [29] $5011y [27:26] $5008y [26] $5011y [24:23] $5008y [23] $5011y [21:19] $5008y [19:17] $5011y [15] $5008y [15:11] $5011y [9:8] $5008y [8:7] $5011y [5] $5008y [5:1] }, Y=$5012y
      New ports: A={ 1'0 $5008y [31:30] $5008y [28:27] $5008y [25:24] $5008y [22:20] $5008y [16] $5008y [10:9] $5008y [6] }, B={ 1'1 $5011y [30:29] $5011y [27:26] $5011y [24:23] $5011y [21:19] $5011y [15] $5011y [9:8] $5011y [5] }, Y={ $5012y [31:29] $5012y [27:26] $5012y [24:23] $5012y [21:19] $5012y [15] $5012y [9:8] $5012y [5] }
      New connections: { $5012y [28] $5012y [25] $5012y [22] $5012y [18:16] $5012y [14:10] $5012y [7:6] $5012y [4:0] } = { $5008y [29] $5008y [26] $5008y [23] $5008y [19:17] $5008y [15:11] $5008y [8:7] $5008y [5:1] }
    Consolidated identical input bits for $mux cell $5016:
      Old ports: A={ 1'0 $5012y [31:1] }, B={ 1'1 $5015y [30:29] $5012y [29] $5015y [27:26] $5012y [26] $5015y [24:23] $5012y [23] $5015y [21:19] $5012y [19:17] $5015y [15] $5012y [15:11] $5015y [9:8] $5012y [8:7] $5015y [5] $5012y [5:1] }, Y=$5016y
      New ports: A={ 1'0 $5012y [31:30] $5012y [28:27] $5012y [25:24] $5012y [22:20] $5012y [16] $5012y [10:9] $5012y [6] }, B={ 1'1 $5015y [30:29] $5015y [27:26] $5015y [24:23] $5015y [21:19] $5015y [15] $5015y [9:8] $5015y [5] }, Y={ $5016y [31:29] $5016y [27:26] $5016y [24:23] $5016y [21:19] $5016y [15] $5016y [9:8] $5016y [5] }
      New connections: { $5016y [28] $5016y [25] $5016y [22] $5016y [18:16] $5016y [14:10] $5016y [7:6] $5016y [4:0] } = { $5012y [29] $5012y [26] $5012y [23] $5012y [19:17] $5012y [15:11] $5012y [8:7] $5012y [5:1] }
    Consolidated identical input bits for $mux cell $5020:
      Old ports: A={ 1'0 $5016y [31:1] }, B={ 1'1 $5019y [30:29] $5016y [29] $5019y [27:26] $5016y [26] $5019y [24:23] $5016y [23] $5019y [21:19] $5016y [19:17] $5019y [15] $5016y [15:11] $5019y [9:8] $5016y [8:7] $5019y [5] $5016y [5:1] }, Y=$5020y
      New ports: A={ 1'0 $5016y [31:30] $5016y [28:27] $5016y [25:24] $5016y [22:20] $5016y [16] $5016y [10:9] $5016y [6] }, B={ 1'1 $5019y [30:29] $5019y [27:26] $5019y [24:23] $5019y [21:19] $5019y [15] $5019y [9:8] $5019y [5] }, Y={ $5020y [31:29] $5020y [27:26] $5020y [24:23] $5020y [21:19] $5020y [15] $5020y [9:8] $5020y [5] }
      New connections: { $5020y [28] $5020y [25] $5020y [22] $5020y [18:16] $5020y [14:10] $5020y [7:6] $5020y [4:0] } = { $5016y [29] $5016y [26] $5016y [23] $5016y [19:17] $5016y [15:11] $5016y [8:7] $5016y [5:1] }
    Consolidated identical input bits for $mux cell $5024:
      Old ports: A={ 1'0 $5020y [31:1] }, B={ 1'1 $5023y [30:29] $5020y [29] $5023y [27:26] $5020y [26] $5023y [24:23] $5020y [23] $5023y [21:19] $5020y [19:17] $5023y [15] $5020y [15:11] $5023y [9:8] $5020y [8:7] $5023y [5] $5020y [5:1] }, Y=$5024y
      New ports: A={ 1'0 $5020y [31:30] $5020y [28:27] $5020y [25:24] $5020y [22:20] $5020y [16] $5020y [10:9] $5020y [6] }, B={ 1'1 $5023y [30:29] $5023y [27:26] $5023y [24:23] $5023y [21:19] $5023y [15] $5023y [9:8] $5023y [5] }, Y={ $5024y [31:29] $5024y [27:26] $5024y [24:23] $5024y [21:19] $5024y [15] $5024y [9:8] $5024y [5] }
      New connections: { $5024y [28] $5024y [25] $5024y [22] $5024y [18:16] $5024y [14:10] $5024y [7:6] $5024y [4:0] } = { $5020y [29] $5020y [26] $5020y [23] $5020y [19:17] $5020y [15:11] $5020y [8:7] $5020y [5:1] }
    Consolidated identical input bits for $mux cell $5028:
      Old ports: A={ 1'0 $5024y [31:1] }, B={ 1'1 $5027y [30:29] $5024y [29] $5027y [27:26] $5024y [26] $5027y [24:23] $5024y [23] $5027y [21:19] $5024y [19:17] $5027y [15] $5024y [15:11] $5027y [9:8] $5024y [8:7] $5027y [5] $5024y [5:1] }, Y=$5028y
      New ports: A={ 1'0 $5024y [31:30] $5024y [28:27] $5024y [25:24] $5024y [22:20] $5024y [16] $5024y [10:9] $5024y [6] }, B={ 1'1 $5027y [30:29] $5027y [27:26] $5027y [24:23] $5027y [21:19] $5027y [15] $5027y [9:8] $5027y [5] }, Y={ $5028y [31:29] $5028y [27:26] $5028y [24:23] $5028y [21:19] $5028y [15] $5028y [9:8] $5028y [5] }
      New connections: { $5028y [28] $5028y [25] $5028y [22] $5028y [18:16] $5028y [14:10] $5028y [7:6] $5028y [4:0] } = { $5024y [29] $5024y [26] $5024y [23] $5024y [19:17] $5024y [15:11] $5024y [8:7] $5024y [5:1] }
    Consolidated identical input bits for $mux cell $5259:
      Old ports: A=4'0011, B=4'1001, Y=$5259y
      New ports: A=2'01, B=2'10, Y={ $5259y [3] $5259y [1] }
      New connections: { $5259y [2] $5259y [0] } = 2'01
    Consolidated identical input bits for $mux cell $5262:
      Old ports: A=4'0110, B=4'1000, Y=$5262y
      New ports: A=2'01, B=2'10, Y={ $5262y [3] $5262y [1] }
      New connections: { $5262y [2] $5262y [0] } = { $5262y [1] 1'0 }
    Consolidated identical input bits for $mux cell $5264:
      Old ports: A=4'0100, B=4'1000, Y=$5264y
      New ports: A=2'01, B=2'10, Y=$5264y [3:2]
      New connections: $5264y [1:0] = 2'00
    Consolidated identical input bits for $mux cell $5266:
      Old ports: A=4'1010, B=4'0000, Y=$5266y
      New ports: A=1'1, B=1'0, Y=$5266y [1]
      New connections: { $5266y [3:2] $5266y [0] } = { $5266y [1] 2'00 }
    Consolidated identical input bits for $mux cell $5268:
      Old ports: A=3'011, B=3'100, Y=$5267y
      New ports: A=2'01, B=2'10, Y={ $5267y [2] $5267y [0] }
      New connections: $5267y [1] = $5267y [0]
    Consolidated identical input bits for $mux cell $5269:
      Old ports: A=2'01, B=2'11, Y=$5269y
      New ports: A=1'0, B=1'1, Y=$5269y [1]
      New connections: $5269y [0] = 1'1
    Consolidated identical input bits for $mux cell $5271:
      Old ports: A=3'011, B=3'111, Y=$5271y
      New ports: A=1'0, B=1'1, Y=$5271y [2]
      New connections: $5271y [1:0] = 2'11
    Consolidated identical input bits for $mux cell $6261:
      Old ports: A=22'1000010010001110000000, B=22'0000000000000000000000, Y=$6261y
      New ports: A=1'1, B=1'0, Y=$6261y [7]
      New connections: { $6261y [21:8] $6261y [6:0] } = { $6261y [7] 4'0000 $6261y [7] 2'00 $6261y [7] 3'000 $6261y [7] $6261y [7] 7'0000000 }
    Consolidated identical input bits for $demux cell $6313:
      Old ports: A=32'11111111111111111111111111111111, Y=$6313y
      New ports: A=1'1, Y={ $6313y [32] $6313y [0] }
      New connections: { $6313y [63] $6313y [31] $6313y [62] $6313y [30] $6313y [61] $6313y [29] $6313y [60] $6313y [28] $6313y [59] $6313y [27] $6313y [58] $6313y [26] $6313y [57] $6313y [25] $6313y [56] $6313y [24] $6313y [55] $6313y [23] $6313y [54] $6313y [22] $6313y [53] $6313y [21] $6313y [52] $6313y [20] $6313y [51] $6313y [19] $6313y [50] $6313y [18] $6313y [49] $6313y [17] $6313y [48] $6313y [16] $6313y [47] $6313y [15] $6313y [46] $6313y [14] $6313y [45] $6313y [13] $6313y [44] $6313y [12] $6313y [43] $6313y [11] $6313y [42] $6313y [10] $6313y [41] $6313y [9] $6313y [40] $6313y [8] $6313y [39] $6313y [7] $6313y [38] $6313y [6] $6313y [37] $6313y [5] $6313y [36] $6313y [4] $6313y [35] $6313y [3] $6313y [34] $6313y [2] $6313y [33] $6313y [1] } = { $6313y [32] $6313y [0] $6313y [32] $6313y [0] $6313y [32] $6313y [0] $6313y [32] $6313y [0] $6313y [32] $6313y [0] $6313y [32] $6313y [0] $6313y [32] $6313y [0] $6313y [32] $6313y [0] $6313y [32] $6313y [0] $6313y [32] $6313y [0] $6313y [32] $6313y [0] $6313y [32] $6313y [0] $6313y [32] $6313y [0] $6313y [32] $6313y [0] $6313y [32] $6313y [0] $6313y [32] $6313y [0] $6313y [32] $6313y [0] $6313y [32] $6313y [0] $6313y [32] $6313y [0] $6313y [32] $6313y [0] $6313y [32] $6313y [0] $6313y [32] $6313y [0] $6313y [32] $6313y [0] $6313y [32] $6313y [0] $6313y [32] $6313y [0] $6313y [32] $6313y [0] $6313y [32] $6313y [0] $6313y [32] $6313y [0] $6313y [32] $6313y [0] $6313y [32] $6313y [0] $6313y [32] $6313y [0] }
    Consolidated identical input bits for $demux cell $6365:
      Old ports: A=32'11111111111111111111111111111111, Y=$6365y
      New ports: A=1'1, Y={ $6365y [224] $6365y [192] $6365y [160] $6365y [128] $6365y [96] $6365y [64] $6365y [32] $6365y [0] }
      New connections: { $6365y [255] $6365y [223] $6365y [191] $6365y [159] $6365y [127] $6365y [95] $6365y [63] $6365y [31] $6365y [254] $6365y [222] $6365y [190] $6365y [158] $6365y [126] $6365y [94] $6365y [62] $6365y [30] $6365y [253] $6365y [221] $6365y [189] $6365y [157] $6365y [125] $6365y [93] $6365y [61] $6365y [29] $6365y [252] $6365y [220] $6365y [188] $6365y [156] $6365y [124] $6365y [92] $6365y [60] $6365y [28] $6365y [251] $6365y [219] $6365y [187] $6365y [155] $6365y [123] $6365y [91] $6365y [59] $6365y [27] $6365y [250] $6365y [218] $6365y [186] $6365y [154] $6365y [122] $6365y [90] $6365y [58] $6365y [26] $6365y [249] $6365y [217] $6365y [185] $6365y [153] $6365y [121] $6365y [89] $6365y [57] $6365y [25] $6365y [248] $6365y [216] $6365y [184] $6365y [152] $6365y [120] $6365y [88] $6365y [56] $6365y [24] $6365y [247] $6365y [215] $6365y [183] $6365y [151] $6365y [119] $6365y [87] $6365y [55] $6365y [23] $6365y [246] $6365y [214] $6365y [182] $6365y [150] $6365y [118] $6365y [86] $6365y [54] $6365y [22] $6365y [245] $6365y [213] $6365y [181] $6365y [149] $6365y [117] $6365y [85] $6365y [53] $6365y [21] $6365y [244] $6365y [212] $6365y [180] $6365y [148] $6365y [116] $6365y [84] $6365y [52] $6365y [20] $6365y [243] $6365y [211] $6365y [179] $6365y [147] $6365y [115] $6365y [83] $6365y [51] $6365y [19] $6365y [242] $6365y [210] $6365y [178] $6365y [146] $6365y [114] $6365y [82] $6365y [50] $6365y [18] $6365y [241] $6365y [209] $6365y [177] $6365y [145] $6365y [113] $6365y [81] $6365y [49] $6365y [17] $6365y [240] $6365y [208] $6365y [176] $6365y [144] $6365y [112] $6365y [80] $6365y [48] $6365y [16] $6365y [239] $6365y [207] $6365y [175] $6365y [143] $6365y [111] $6365y [79] $6365y [47] $6365y [15] $6365y [238] $6365y [206] $6365y [174] $6365y [142] $6365y [110] $6365y [78] $6365y [46] $6365y [14] $6365y [237] $6365y [205] $6365y [173] $6365y [141] $6365y [109] $6365y [77] $6365y [45] $6365y [13] $6365y [236] $6365y [204] $6365y [172] $6365y [140] $6365y [108] $6365y [76] $6365y [44] $6365y [12] $6365y [235] $6365y [203] $6365y [171] $6365y [139] $6365y [107] $6365y [75] $6365y [43] $6365y [11] $6365y [234] $6365y [202] $6365y [170] $6365y [138] $6365y [106] $6365y [74] $6365y [42] $6365y [10] $6365y [233] $6365y [201] $6365y [169] $6365y [137] $6365y [105] $6365y [73] $6365y [41] $6365y [9] $6365y [232] $6365y [200] $6365y [168] $6365y [136] $6365y [104] $6365y [72] $6365y [40] $6365y [8] $6365y [231] $6365y [199] $6365y [167] $6365y [135] $6365y [103] $6365y [71] $6365y [39] $6365y [7] $6365y [230] $6365y [198] $6365y [166] $6365y [134] $6365y [102] $6365y [70] $6365y [38] $6365y [6] $6365y [229] $6365y [197] $6365y [165] $6365y [133] $6365y [101] $6365y [69] $6365y [37] $6365y [5] $6365y [228] $6365y [196] $6365y [164] $6365y [132] $6365y [100] $6365y [68] $6365y [36] $6365y [4] $6365y [227] $6365y [195] $6365y [163] $6365y [131] $6365y [99] $6365y [67] $6365y [35] $6365y [3] $6365y [226] $6365y [194] $6365y [162] $6365y [130] $6365y [98] $6365y [66] $6365y [34] $6365y [2] $6365y [225] $6365y [193] $6365y [161] $6365y [129] $6365y [97] $6365y [65] $6365y [33] $6365y [1] } = { $6365y [224] $6365y [192] $6365y [160] $6365y [128] $6365y [96] $6365y [64] $6365y [32] $6365y [0] $6365y [224] $6365y [192] $6365y [160] $6365y [128] $6365y [96] $6365y [64] $6365y [32] $6365y [0] $6365y [224] $6365y [192] $6365y [160] $6365y [128] $6365y [96] $6365y [64] $6365y [32] $6365y [0] $6365y [224] $6365y [192] $6365y [160] $6365y [128] $6365y [96] $6365y [64] $6365y [32] $6365y [0] $6365y [224] $6365y [192] $6365y [160] $6365y [128] $6365y [96] $6365y [64] $6365y [32] $6365y [0] $6365y [224] $6365y [192] $6365y [160] $6365y [128] $6365y [96] $6365y [64] $6365y [32] $6365y [0] $6365y [224] $6365y [192] $6365y [160] $6365y [128] $6365y [96] $6365y [64] $6365y [32] $6365y [0] $6365y [224] $6365y [192] $6365y [160] $6365y [128] $6365y [96] $6365y [64] $6365y [32] $6365y [0] $6365y [224] $6365y [192] $6365y [160] $6365y [128] $6365y [96] $6365y [64] $6365y [32] $6365y [0] $6365y [224] $6365y [192] $6365y [160] $6365y [128] $6365y [96] $6365y [64] $6365y [32] $6365y [0] $6365y [224] $6365y [192] $6365y [160] $6365y [128] $6365y [96] $6365y [64] $6365y [32] $6365y [0] $6365y [224] $6365y [192] $6365y [160] $6365y [128] $6365y [96] $6365y [64] $6365y [32] $6365y [0] $6365y [224] $6365y [192] $6365y [160] $6365y [128] $6365y [96] $6365y [64] $6365y [32] $6365y [0] $6365y [224] $6365y [192] $6365y [160] $6365y [128] $6365y [96] $6365y [64] $6365y [32] $6365y [0] $6365y [224] $6365y [192] $6365y [160] $6365y [128] $6365y [96] $6365y [64] $6365y [32] $6365y [0] $6365y [224] $6365y [192] $6365y [160] $6365y [128] $6365y [96] $6365y [64] $6365y [32] $6365y [0] $6365y [224] $6365y [192] $6365y [160] $6365y [128] $6365y [96] $6365y [64] $6365y [32] $6365y [0] $6365y [224] $6365y [192] $6365y [160] $6365y [128] $6365y [96] $6365y [64] $6365y [32] $6365y [0] $6365y [224] $6365y [192] $6365y [160] $6365y [128] $6365y [96] $6365y [64] $6365y [32] $6365y [0] $6365y [224] $6365y [192] $6365y [160] $6365y [128] $6365y [96] $6365y [64] $6365y [32] $6365y [0] $6365y [224] $6365y [192] $6365y [160] $6365y [128] $6365y [96] $6365y [64] $6365y [32] $6365y [0] $6365y [224] $6365y [192] $6365y [160] $6365y [128] $6365y [96] $6365y [64] $6365y [32] $6365y [0] $6365y [224] $6365y [192] $6365y [160] $6365y [128] $6365y [96] $6365y [64] $6365y [32] $6365y [0] $6365y [224] $6365y [192] $6365y [160] $6365y [128] $6365y [96] $6365y [64] $6365y [32] $6365y [0] $6365y [224] $6365y [192] $6365y [160] $6365y [128] $6365y [96] $6365y [64] $6365y [32] $6365y [0] $6365y [224] $6365y [192] $6365y [160] $6365y [128] $6365y [96] $6365y [64] $6365y [32] $6365y [0] $6365y [224] $6365y [192] $6365y [160] $6365y [128] $6365y [96] $6365y [64] $6365y [32] $6365y [0] $6365y [224] $6365y [192] $6365y [160] $6365y [128] $6365y [96] $6365y [64] $6365y [32] $6365y [0] $6365y [224] $6365y [192] $6365y [160] $6365y [128] $6365y [96] $6365y [64] $6365y [32] $6365y [0] $6365y [224] $6365y [192] $6365y [160] $6365y [128] $6365y [96] $6365y [64] $6365y [32] $6365y [0] $6365y [224] $6365y [192] $6365y [160] $6365y [128] $6365y [96] $6365y [64] $6365y [32] $6365y [0] }
    Consolidated identical input bits for $demux cell $6491:
      Old ports: A=34'1111111111111111111111111111111111, Y=$6491y
      New ports: A=1'1, Y={ $6491y [34] $6491y [0] }
      New connections: { $6491y [67] $6491y [33] $6491y [66] $6491y [32] $6491y [65] $6491y [31] $6491y [64] $6491y [30] $6491y [63] $6491y [29] $6491y [62] $6491y [28] $6491y [61] $6491y [27] $6491y [60] $6491y [26] $6491y [59] $6491y [25] $6491y [58] $6491y [24] $6491y [57] $6491y [23] $6491y [56] $6491y [22] $6491y [55] $6491y [21] $6491y [54] $6491y [20] $6491y [53] $6491y [19] $6491y [52] $6491y [18] $6491y [51] $6491y [17] $6491y [50] $6491y [16] $6491y [49] $6491y [15] $6491y [48] $6491y [14] $6491y [47] $6491y [13] $6491y [46] $6491y [12] $6491y [45] $6491y [11] $6491y [44] $6491y [10] $6491y [43] $6491y [9] $6491y [42] $6491y [8] $6491y [41] $6491y [7] $6491y [40] $6491y [6] $6491y [39] $6491y [5] $6491y [38] $6491y [4] $6491y [37] $6491y [3] $6491y [36] $6491y [2] $6491y [35] $6491y [1] } = { $6491y [34] $6491y [0] $6491y [34] $6491y [0] $6491y [34] $6491y [0] $6491y [34] $6491y [0] $6491y [34] $6491y [0] $6491y [34] $6491y [0] $6491y [34] $6491y [0] $6491y [34] $6491y [0] $6491y [34] $6491y [0] $6491y [34] $6491y [0] $6491y [34] $6491y [0] $6491y [34] $6491y [0] $6491y [34] $6491y [0] $6491y [34] $6491y [0] $6491y [34] $6491y [0] $6491y [34] $6491y [0] $6491y [34] $6491y [0] $6491y [34] $6491y [0] $6491y [34] $6491y [0] $6491y [34] $6491y [0] $6491y [34] $6491y [0] $6491y [34] $6491y [0] $6491y [34] $6491y [0] $6491y [34] $6491y [0] $6491y [34] $6491y [0] $6491y [34] $6491y [0] $6491y [34] $6491y [0] $6491y [34] $6491y [0] $6491y [34] $6491y [0] $6491y [34] $6491y [0] $6491y [34] $6491y [0] $6491y [34] $6491y [0] $6491y [34] $6491y [0] }
    Consolidated identical input bits for $mux cell $677:
      Old ports: A=3'100, B=3'010, Y=$672y
      New ports: A=2'10, B=2'01, Y=$672y [2:1]
      New connections: $672y [0] = 1'0
    Consolidated identical input bits for $mux cell $6773:
      Old ports: A=8'11111111, B=8'00000000, Y=$6773y
      New ports: A=1'1, B=1'0, Y=$6773y [0]
      New connections: $6773y [7:1] = { $6773y [0] $6773y [0] $6773y [0] $6773y [0] $6773y [0] $6773y [0] $6773y [0] }
    Consolidated identical input bits for $demux cell $6774:
      Old ports: A={ 24'000000000000000000000000 $6773y }, Y=$6774y
      New ports: A=$6773y, Y={ $6774y [39:32] $6774y [7:0] }
      New connections: { $6774y [63] $6774y [31] $6774y [62] $6774y [30] $6774y [61] $6774y [29] $6774y [60] $6774y [28] $6774y [59] $6774y [27] $6774y [58] $6774y [26] $6774y [57] $6774y [25] $6774y [56] $6774y [24] $6774y [55] $6774y [23] $6774y [54] $6774y [22] $6774y [53] $6774y [21] $6774y [52] $6774y [20] $6774y [51] $6774y [19] $6774y [50] $6774y [18] $6774y [49] $6774y [17] $6774y [48] $6774y [16] $6774y [47] $6774y [15] $6774y [46] $6774y [14] $6774y [45] $6774y [13] $6774y [44] $6774y [12] $6774y [43] $6774y [11] $6774y [42] $6774y [10] $6774y [41] $6774y [9] $6774y [40] $6774y [8] } = 48'000000000000000000000000000000000000000000000000
    Consolidated identical input bits for $mux cell $6782:
      Old ports: A=16'1111111100000000, B=16'0000000000000000, Y=$6782y
      New ports: A=1'1, B=1'0, Y=$6782y [8]
      New connections: { $6782y [15:9] $6782y [7:0] } = { $6782y [8] $6782y [8] $6782y [8] $6782y [8] $6782y [8] $6782y [8] $6782y [8] 8'00000000 }
    Consolidated identical input bits for $demux cell $6783:
      Old ports: A={ 16'0000000000000000 $6782y }, Y=$6783y
      New ports: A=$6782y, Y={ $6783y [47:32] $6783y [15:0] }
      New connections: { $6783y [63] $6783y [31] $6783y [62] $6783y [30] $6783y [61] $6783y [29] $6783y [60] $6783y [28] $6783y [59] $6783y [27] $6783y [58] $6783y [26] $6783y [57] $6783y [25] $6783y [56] $6783y [24] $6783y [55] $6783y [23] $6783y [54] $6783y [22] $6783y [53] $6783y [21] $6783y [52] $6783y [20] $6783y [51] $6783y [19] $6783y [50] $6783y [18] $6783y [49] $6783y [17] $6783y [48] $6783y [16] } = 0
    Consolidated identical input bits for $mux cell $6791:
      Old ports: A=24'111111110000000000000000, B=24'000000000000000000000000, Y=$6791y
      New ports: A=1'1, B=1'0, Y=$6791y [16]
      New connections: { $6791y [23:17] $6791y [15:0] } = { $6791y [16] $6791y [16] $6791y [16] $6791y [16] $6791y [16] $6791y [16] $6791y [16] 16'0000000000000000 }
    Consolidated identical input bits for $demux cell $6792:
      Old ports: A={ 8'00000000 $6791y }, Y=$6792y
      New ports: A=$6791y, Y={ $6792y [55:32] $6792y [23:0] }
      New connections: { $6792y [63] $6792y [31] $6792y [62] $6792y [30] $6792y [61] $6792y [29] $6792y [60] $6792y [28] $6792y [59] $6792y [27] $6792y [58] $6792y [26] $6792y [57] $6792y [25] $6792y [56] $6792y [24] } = 16'0000000000000000
    Consolidated identical input bits for $mux cell $6800:
      Old ports: A=32'11111111000000000000000000000000, B=0, Y=$6800y
      New ports: A=1'1, B=1'0, Y=$6800y [24]
      New connections: { $6800y [31:25] $6800y [23:0] } = { $6800y [24] $6800y [24] $6800y [24] $6800y [24] $6800y [24] $6800y [24] $6800y [24] 24'000000000000000000000000 }
    Consolidated identical input bits for $demux cell $6886:
      Old ports: A=8'11111111, Y=$6886y
      New ports: A=1'1, Y={ $6886y [56] $6886y [48] $6886y [40] $6886y [32] $6886y [24] $6886y [16] $6886y [8] $6886y [0] }
      New connections: { $6886y [63] $6886y [55] $6886y [47] $6886y [39] $6886y [31] $6886y [23] $6886y [15] $6886y [7] $6886y [62] $6886y [54] $6886y [46] $6886y [38] $6886y [30] $6886y [22] $6886y [14] $6886y [6] $6886y [61] $6886y [53] $6886y [45] $6886y [37] $6886y [29] $6886y [21] $6886y [13] $6886y [5] $6886y [60] $6886y [52] $6886y [44] $6886y [36] $6886y [28] $6886y [20] $6886y [12] $6886y [4] $6886y [59] $6886y [51] $6886y [43] $6886y [35] $6886y [27] $6886y [19] $6886y [11] $6886y [3] $6886y [58] $6886y [50] $6886y [42] $6886y [34] $6886y [26] $6886y [18] $6886y [10] $6886y [2] $6886y [57] $6886y [49] $6886y [41] $6886y [33] $6886y [25] $6886y [17] $6886y [9] $6886y [1] } = { $6886y [56] $6886y [48] $6886y [40] $6886y [32] $6886y [24] $6886y [16] $6886y [8] $6886y [0] $6886y [56] $6886y [48] $6886y [40] $6886y [32] $6886y [24] $6886y [16] $6886y [8] $6886y [0] $6886y [56] $6886y [48] $6886y [40] $6886y [32] $6886y [24] $6886y [16] $6886y [8] $6886y [0] $6886y [56] $6886y [48] $6886y [40] $6886y [32] $6886y [24] $6886y [16] $6886y [8] $6886y [0] $6886y [56] $6886y [48] $6886y [40] $6886y [32] $6886y [24] $6886y [16] $6886y [8] $6886y [0] $6886y [56] $6886y [48] $6886y [40] $6886y [32] $6886y [24] $6886y [16] $6886y [8] $6886y [0] $6886y [56] $6886y [48] $6886y [40] $6886y [32] $6886y [24] $6886y [16] $6886y [8] $6886y [0] }
    Consolidated identical input bits for $mux cell $memory$auto$memory_bmux2rom.cc:63:execute$18996$rdmux[0][4][7]$20285:
      Old ports: A=64'0111101100100000001001000111001101111011001100000010010101110011, B=64'0001000000000101001001000010001100000000000100000000000001110011, Y=$memory$auto$memory_bmux2rom.cc:63:execute$18996$rdmux[0][3][3]$b$20251
      New ports: A=2'01, B=2'10, Y={ $memory$auto$memory_bmux2rom.cc:63:execute$18996$rdmux[0][3][3]$b$20251 [48] $memory$auto$memory_bmux2rom.cc:63:execute$18996$rdmux[0][3][3]$b$20251 [8] }
      New connections: { $memory$auto$memory_bmux2rom.cc:63:execute$18996$rdmux[0][3][3]$b$20251 [63:49] $memory$auto$memory_bmux2rom.cc:63:execute$18996$rdmux[0][3][3]$b$20251 [47:9] $memory$auto$memory_bmux2rom.cc:63:execute$18996$rdmux[0][3][3]$b$20251 [7:0] } = { 1'0 $memory$auto$memory_bmux2rom.cc:63:execute$18996$rdmux[0][3][3]$b$20251 [8] $memory$auto$memory_bmux2rom.cc:63:execute$18996$rdmux[0][3][3]$b$20251 [8] 1'1 $memory$auto$memory_bmux2rom.cc:63:execute$18996$rdmux[0][3][3]$b$20251 [8] 1'0 $memory$auto$memory_bmux2rom.cc:63:execute$18996$rdmux[0][3][3]$b$20251 [8] $memory$auto$memory_bmux2rom.cc:63:execute$18996$rdmux[0][3][3]$b$20251 [8] 2'00 $memory$auto$memory_bmux2rom.cc:63:execute$18996$rdmux[0][3][3]$b$20251 [8] 2'00 $memory$auto$memory_bmux2rom.cc:63:execute$18996$rdmux[0][3][3]$b$20251 [48] 10'0001001000 $memory$auto$memory_bmux2rom.cc:63:execute$18996$rdmux[0][3][3]$b$20251 [8] 1'1 $memory$auto$memory_bmux2rom.cc:63:execute$18996$rdmux[0][3][3]$b$20251 [8] 5'00110 $memory$auto$memory_bmux2rom.cc:63:execute$18996$rdmux[0][3][3]$b$20251 [8] $memory$auto$memory_bmux2rom.cc:63:execute$18996$rdmux[0][3][3]$b$20251 [8] $memory$auto$memory_bmux2rom.cc:63:execute$18996$rdmux[0][3][3]$b$20251 [8] $memory$auto$memory_bmux2rom.cc:63:execute$18996$rdmux[0][3][3]$b$20251 [8] 1'0 $memory$auto$memory_bmux2rom.cc:63:execute$18996$rdmux[0][3][3]$b$20251 [8] $memory$auto$memory_bmux2rom.cc:63:execute$18996$rdmux[0][3][3]$b$20251 [8] 2'00 $memory$auto$memory_bmux2rom.cc:63:execute$18996$rdmux[0][3][3]$b$20251 [8] 7'1000000 $memory$auto$memory_bmux2rom.cc:63:execute$18996$rdmux[0][3][3]$b$20251 [8] 2'00 $memory$auto$memory_bmux2rom.cc:63:execute$18996$rdmux[0][3][3]$b$20251 [8] 9'001110011 }
    Consolidated identical input bits for $mux cell $1502:
      Old ports: A=2'00, B=2'11, Y=$1502y
      New ports: A=1'0, B=1'1, Y=$1502y [0]
      New connections: $1502y [1] = $1502y [0]
    Consolidated identical input bits for $mux cell $1490:
      Old ports: A={ \u_control_shell.u_core.u_ibex_core.if_stage_i.pc_id_o [31:1] 1'0 }, B={ $1489y [31:1] 1'0 }, Y=$1490y
      New ports: A=\u_control_shell.u_core.u_ibex_core.if_stage_i.pc_id_o [31:1], B=$1489y [31:1], Y=$1490y [31:1]
      New connections: $1490y [0] = 1'0
    Consolidated identical input bits for $mux cell $1473:
      Old ports: A=2'00, B=2'11, Y=$1473y
      New ports: A=1'0, B=1'1, Y=$1473y [0]
      New connections: $1473y [1] = $1473y [0]
    Consolidated identical input bits for $mux cell $procmux$10283:
      Old ports: A=5'00111, B=5'10000, Y=$auto$wreduce.cc:513:run$18114 [4:0]
      New ports: A=2'01, B=2'10, Y={ $auto$wreduce.cc:513:run$18114 [4] $auto$wreduce.cc:513:run$18114 [0] }
      New connections: $auto$wreduce.cc:513:run$18114 [3:1] = { 1'0 $auto$wreduce.cc:513:run$18114 [0] $auto$wreduce.cc:513:run$18114 [0] }
    Consolidated identical input bits for $mux cell $procmux$10583:
      Old ports: A=4'0101, B=4'0111, Y=$procmux$10583_Y
      New ports: A=1'0, B=1'1, Y=$procmux$10583_Y [1]
      New connections: { $procmux$10583_Y [3:2] $procmux$10583_Y [0] } = 3'011
    New ctrl vector for $pmux cell $procmux$10623: { $procmux$10638_CMP $auto$opt_reduce.cc:137:opt_pmux$20313 $procmux$10636_CMP $procmux$10553_CMP \u_control_shell.u_core.u_ibex_core.id_stage_i.controller_run $auto$opt_reduce.cc:137:opt_pmux$16815 $procmux$10000_CMP }
    New ctrl vector for $pmux cell $procmux$10844: { $procmux$10835_CMP $procmux$10849_CMP }
    New ctrl vector for $pmux cell $procmux$1130: { $procmux$1121_CMP $procmux$1135_CMP }
    Consolidated identical input bits for $mux cell $procmux$11465:
      Old ports: A=2'00, B=2'11, Y=$procmux$11465_Y
      New ports: A=1'0, B=1'1, Y=$procmux$11465_Y [0]
      New connections: $procmux$11465_Y [1] = $procmux$11465_Y [0]
    Consolidated identical input bits for $mux cell $procmux$11502:
      Old ports: A=2'11, B=2'00, Y=$procmux$11502_Y
      New ports: A=1'1, B=1'0, Y=$procmux$11502_Y [0]
      New connections: $procmux$11502_Y [1] = $procmux$11502_Y [0]
    Consolidated identical input bits for $mux cell $procmux$11510:
      Old ports: A=6'101100, B=6'000000, Y=$auto$wreduce.cc:513:run$18117 [5:0]
      New ports: A=1'1, B=1'0, Y=$auto$wreduce.cc:513:run$18117 [2]
      New connections: { $auto$wreduce.cc:513:run$18117 [5:3] $auto$wreduce.cc:513:run$18117 [1:0] } = { $auto$wreduce.cc:513:run$18117 [2] 1'0 $auto$wreduce.cc:513:run$18117 [2] 2'00 }
    Consolidated identical input bits for $mux cell $procmux$11517:
      Old ports: A=3'000, B=3'101, Y=$procmux$11517_Y
      New ports: A=1'0, B=1'1, Y=$procmux$11517_Y [0]
      New connections: $procmux$11517_Y [2:1] = { $procmux$11517_Y [0] 1'0 }
    Consolidated identical input bits for $pmux cell $procmux$11564:
      Old ports: A=6'101100, B=54'000000001000001001001010000100000011000010101011000001, Y=$auto$wreduce.cc:513:run$18118 [5:0]
      New ports: A=5'11100, B=45'000000100001001010100010000011000101101100001, Y={ $auto$wreduce.cc:513:run$18118 [5] $auto$wreduce.cc:513:run$18118 [3:0] }
      New connections: $auto$wreduce.cc:513:run$18118 [4] = 1'0
    Consolidated identical input bits for $mux cell $procmux$11618:
      Old ports: A=6'101100, B=6'001000, Y=$auto$wreduce.cc:513:run$18120 [5:0]
      New ports: A=1'1, B=1'0, Y=$auto$wreduce.cc:513:run$18120 [2]
      New connections: { $auto$wreduce.cc:513:run$18120 [5:3] $auto$wreduce.cc:513:run$18120 [1:0] } = { $auto$wreduce.cc:513:run$18120 [2] 4'0100 }
    Consolidated identical input bits for $pmux cell $procmux$11644:
      Old ports: A=7'0000000, B={ 43'0101011010110000000100000011000010000010100 $auto$wreduce.cc:513:run$18121 [5:0] }, Y=$procmux$11644_Y
      New ports: A=6'000000, B={ 36'101011101100000010000011000100001010 $auto$wreduce.cc:513:run$18121 [5:0] }, Y=$procmux$11644_Y [5:0]
      New connections: $procmux$11644_Y [6] = 1'0
    Consolidated identical input bits for $mux cell $procmux$11703:
      Old ports: A=2'11, B=2'00, Y=$procmux$11703_Y
      New ports: A=1'1, B=1'0, Y=$procmux$11703_Y [0]
      New connections: $procmux$11703_Y [1] = $procmux$11703_Y [0]
    Consolidated identical input bits for $pmux cell $procmux$11717:
      Old ports: A=6'101100, B=36'011101011110011001011011011010011100, Y=$auto$wreduce.cc:513:run$18123 [5:0]
      New ports: A=5'10100, B=30'011010111001001010110101001100, Y={ $auto$wreduce.cc:513:run$18123 [5:4] $auto$wreduce.cc:513:run$18123 [2:0] }
      New connections: $auto$wreduce.cc:513:run$18123 [3] = 1'1
    Consolidated identical input bits for $mux cell $procmux$11798:
      Old ports: A=2'10, B=2'00, Y=\u_control_shell.u_core.u_ibex_core.id_stage_i.bt_a_mux_sel
      New ports: A=1'1, B=1'0, Y=\u_control_shell.u_core.u_ibex_core.id_stage_i.bt_a_mux_sel [1]
      New connections: \u_control_shell.u_core.u_ibex_core.id_stage_i.bt_a_mux_sel [0] = 1'0
    New ctrl vector for $pmux cell $procmux$13895: $1040y
    Consolidated identical input bits for $mux cell $procmux$1464:
      Old ports: A={ \u_control_shell.u_dtm.i_dmi_cdc.i_cdc_req.i_dst.data_dst_q [21:15] 3'000 \u_control_shell.u_dtm.i_dmi_cdc.i_cdc_req.i_dst.data_dst_q [11:0] }, B={ \u_control_shell.u_dm.i_dm_csrs.sbcs_q [21] 9'x \u_control_shell.u_dm.i_dm_csrs.sbcs_q [11:0] }, Y=$procmux$1464_Y
      New ports: A={ \u_control_shell.u_dtm.i_dmi_cdc.i_cdc_req.i_dst.data_dst_q [21:15] 1'0 \u_control_shell.u_dtm.i_dmi_cdc.i_cdc_req.i_dst.data_dst_q [11:0] }, B={ \u_control_shell.u_dm.i_dm_csrs.sbcs_q [21] 7'x \u_control_shell.u_dm.i_dm_csrs.sbcs_q [11:0] }, Y={ $procmux$1464_Y [21:15] $procmux$1464_Y [12:0] }
      New connections: $procmux$1464_Y [14:13] = { $procmux$1464_Y [12] $procmux$1464_Y [12] }
    Consolidated identical input bits for $pmux cell $procmux$15406:
      Old ports: A={ 29'00000000000000000000000000000 $672y }, B={ \u_control_shell.u_core.u_ibex_core.if_stage_i.instr_rdata_alu_id_o [31] \u_control_shell.u_core.u_ibex_core.if_stage_i.instr_rdata_alu_id_o [31] \u_control_shell.u_core.u_ibex_core.if_stage_i.instr_rdata_alu_id_o [31] \u_control_shell.u_core.u_ibex_core.if_stage_i.instr_rdata_alu_id_o [31] \u_control_shell.u_core.u_ibex_core.if_stage_i.instr_rdata_alu_id_o [31] \u_control_shell.u_core.u_ibex_core.if_stage_i.instr_rdata_alu_id_o [31] \u_control_shell.u_core.u_ibex_core.if_stage_i.instr_rdata_alu_id_o [31] \u_control_shell.u_core.u_ibex_core.if_stage_i.instr_rdata_alu_id_o [31] \u_control_shell.u_core.u_ibex_core.if_stage_i.instr_rdata_alu_id_o [31] \u_control_shell.u_core.u_ibex_core.if_stage_i.instr_rdata_alu_id_o [31] \u_control_shell.u_core.u_ibex_core.if_stage_i.instr_rdata_alu_id_o [31] \u_control_shell.u_core.u_ibex_core.if_stage_i.instr_rdata_alu_id_o [31] \u_control_shell.u_core.u_ibex_core.if_stage_i.instr_rdata_alu_id_o [19:12] \u_control_shell.u_core.u_ibex_core.if_stage_i.instr_rdata_alu_id_o [20] \u_control_shell.u_core.u_ibex_core.if_stage_i.instr_rdata_alu_id_o [30:21] 1'0 \u_control_shell.u_core.u_ibex_core.if_stage_i.instr_rdata_alu_id_o [31] \u_control_shell.u_core.u_ibex_core.if_stage_i.instr_rdata_alu_id_o [31] \u_control_shell.u_core.u_ibex_core.if_stage_i.instr_rdata_alu_id_o [31] \u_control_shell.u_core.u_ibex_core.if_stage_i.instr_rdata_alu_id_o [31] \u_control_shell.u_core.u_ibex_core.if_stage_i.instr_rdata_alu_id_o [31] \u_control_shell.u_core.u_ibex_core.if_stage_i.instr_rdata_alu_id_o [31] \u_control_shell.u_core.u_ibex_core.if_stage_i.instr_rdata_alu_id_o [31] \u_control_shell.u_core.u_ibex_core.if_stage_i.instr_rdata_alu_id_o [31] \u_control_shell.u_core.u_ibex_core.if_stage_i.instr_rdata_alu_id_o [31] \u_control_shell.u_core.u_ibex_core.if_stage_i.instr_rdata_alu_id_o [31] \u_control_shell.u_core.u_ibex_core.if_stage_i.instr_rdata_alu_id_o [31] \u_control_shell.u_core.u_ibex_core.if_stage_i.instr_rdata_alu_id_o [31] \u_control_shell.u_core.u_ibex_core.if_stage_i.instr_rdata_alu_id_o [31] \u_control_shell.u_core.u_ibex_core.if_stage_i.instr_rdata_alu_id_o [31] \u_control_shell.u_core.u_ibex_core.if_stage_i.instr_rdata_alu_id_o [31] \u_control_shell.u_core.u_ibex_core.if_stage_i.instr_rdata_alu_id_o [31] \u_control_shell.u_core.u_ibex_core.if_stage_i.instr_rdata_alu_id_o [31] \u_control_shell.u_core.u_ibex_core.if_stage_i.instr_rdata_alu_id_o [31] \u_control_shell.u_core.u_ibex_core.if_stage_i.instr_rdata_alu_id_o [31] \u_control_shell.u_core.u_ibex_core.if_stage_i.instr_rdata_alu_id_o [31] \u_control_shell.u_core.u_ibex_core.if_stage_i.instr_rdata_alu_id_o [7] \u_control_shell.u_core.u_ibex_core.if_stage_i.instr_rdata_alu_id_o [30:25] \u_control_shell.u_core.u_ibex_core.if_stage_i.instr_rdata_alu_id_o [11:8] 1'0 \u_control_shell.u_core.u_ibex_core.if_stage_i.instr_rdata_alu_id_o [31] \u_control_shell.u_core.u_ibex_core.if_stage_i.instr_rdata_alu_id_o [31] \u_control_shell.u_core.u_ibex_core.if_stage_i.instr_rdata_alu_id_o [31] \u_control_shell.u_core.u_ibex_core.if_stage_i.instr_rdata_alu_id_o [31] \u_control_shell.u_core.u_ibex_core.if_stage_i.instr_rdata_alu_id_o [31] \u_control_shell.u_core.u_ibex_core.if_stage_i.instr_rdata_alu_id_o [31] \u_control_shell.u_core.u_ibex_core.if_stage_i.instr_rdata_alu_id_o [31] \u_control_shell.u_core.u_ibex_core.if_stage_i.instr_rdata_alu_id_o [31] \u_control_shell.u_core.u_ibex_core.if_stage_i.instr_rdata_alu_id_o [31] \u_control_shell.u_core.u_ibex_core.if_stage_i.instr_rdata_alu_id_o [31] \u_control_shell.u_core.u_ibex_core.if_stage_i.instr_rdata_alu_id_o [31] \u_control_shell.u_core.u_ibex_core.if_stage_i.instr_rdata_alu_id_o [31] \u_control_shell.u_core.u_ibex_core.if_stage_i.instr_rdata_alu_id_o [31] \u_control_shell.u_core.u_ibex_core.if_stage_i.instr_rdata_alu_id_o [31] \u_control_shell.u_core.u_ibex_core.if_stage_i.instr_rdata_alu_id_o [31] \u_control_shell.u_core.u_ibex_core.if_stage_i.instr_rdata_alu_id_o [31] \u_control_shell.u_core.u_ibex_core.if_stage_i.instr_rdata_alu_id_o [31] \u_control_shell.u_core.u_ibex_core.if_stage_i.instr_rdata_alu_id_o [31] \u_control_shell.u_core.u_ibex_core.if_stage_i.instr_rdata_alu_id_o [31] \u_control_shell.u_core.u_ibex_core.if_stage_i.instr_rdata_alu_id_o [31] \u_control_shell.u_core.u_ibex_core.if_stage_i.instr_rdata_alu_id_o [31:20] }, Y=\u_control_shell.u_core.u_ibex_core.ex_block_i.bt_b_operand_i
      New ports: A={ 18'000000000000000000 $672y }, B={ \u_control_shell.u_core.u_ibex_core.if_stage_i.instr_rdata_alu_id_o [31] \u_control_shell.u_core.u_ibex_core.if_stage_i.instr_rdata_alu_id_o [19:12] \u_control_shell.u_core.u_ibex_core.if_stage_i.instr_rdata_alu_id_o [20] \u_control_shell.u_core.u_ibex_core.if_stage_i.instr_rdata_alu_id_o [30:21] 1'0 \u_control_shell.u_core.u_ibex_core.if_stage_i.instr_rdata_alu_id_o [31] \u_control_shell.u_core.u_ibex_core.if_stage_i.instr_rdata_alu_id_o [31] \u_control_shell.u_core.u_ibex_core.if_stage_i.instr_rdata_alu_id_o [31] \u_control_shell.u_core.u_ibex_core.if_stage_i.instr_rdata_alu_id_o [31] \u_control_shell.u_core.u_ibex_core.if_stage_i.instr_rdata_alu_id_o [31] \u_control_shell.u_core.u_ibex_core.if_stage_i.instr_rdata_alu_id_o [31] \u_control_shell.u_core.u_ibex_core.if_stage_i.instr_rdata_alu_id_o [31] \u_control_shell.u_core.u_ibex_core.if_stage_i.instr_rdata_alu_id_o [31] \u_control_shell.u_core.u_ibex_core.if_stage_i.instr_rdata_alu_id_o [31] \u_control_shell.u_core.u_ibex_core.if_stage_i.instr_rdata_alu_id_o [7] \u_control_shell.u_core.u_ibex_core.if_stage_i.instr_rdata_alu_id_o [30:25] \u_control_shell.u_core.u_ibex_core.if_stage_i.instr_rdata_alu_id_o [11:8] 1'0 \u_control_shell.u_core.u_ibex_core.if_stage_i.instr_rdata_alu_id_o [31] \u_control_shell.u_core.u_ibex_core.if_stage_i.instr_rdata_alu_id_o [31] \u_control_shell.u_core.u_ibex_core.if_stage_i.instr_rdata_alu_id_o [31] \u_control_shell.u_core.u_ibex_core.if_stage_i.instr_rdata_alu_id_o [31] \u_control_shell.u_core.u_ibex_core.if_stage_i.instr_rdata_alu_id_o [31] \u_control_shell.u_core.u_ibex_core.if_stage_i.instr_rdata_alu_id_o [31] \u_control_shell.u_core.u_ibex_core.if_stage_i.instr_rdata_alu_id_o [31] \u_control_shell.u_core.u_ibex_core.if_stage_i.instr_rdata_alu_id_o [31] \u_control_shell.u_core.u_ibex_core.if_stage_i.instr_rdata_alu_id_o [31] \u_control_shell.u_core.u_ibex_core.if_stage_i.instr_rdata_alu_id_o [31:20] }, Y=\u_control_shell.u_core.u_ibex_core.ex_block_i.bt_b_operand_i [20:0]
      New connections: \u_control_shell.u_core.u_ibex_core.ex_block_i.bt_b_operand_i [31:21] = { \u_control_shell.u_core.u_ibex_core.ex_block_i.bt_b_operand_i [20] \u_control_shell.u_core.u_ibex_core.ex_block_i.bt_b_operand_i [20] \u_control_shell.u_core.u_ibex_core.ex_block_i.bt_b_operand_i [20] \u_control_shell.u_core.u_ibex_core.ex_block_i.bt_b_operand_i [20] \u_control_shell.u_core.u_ibex_core.ex_block_i.bt_b_operand_i [20] \u_control_shell.u_core.u_ibex_core.ex_block_i.bt_b_operand_i [20] \u_control_shell.u_core.u_ibex_core.ex_block_i.bt_b_operand_i [20] \u_control_shell.u_core.u_ibex_core.ex_block_i.bt_b_operand_i [20] \u_control_shell.u_core.u_ibex_core.ex_block_i.bt_b_operand_i [20] \u_control_shell.u_core.u_ibex_core.ex_block_i.bt_b_operand_i [20] \u_control_shell.u_core.u_ibex_core.ex_block_i.bt_b_operand_i [20] }
    Consolidated identical input bits for $mux cell $procmux$15444:
      Old ports: A=64'0000000000000000000000000000000000000000000000000000000000000000, B={ 6'000000 $6887y [57:56] 6'000000 $6887y [49:48] 6'000000 $6887y [41:40] 6'000000 $6887y [33:32] 6'000000 $6887y [25:24] 6'000000 $6887y [17:16] 6'000000 $6887y [9:8] 6'000000 $6887y [1:0] }, Y=$procmux$15444_Y
      New ports: A=16'0000000000000000, B={ $6887y [57:56] $6887y [49:48] $6887y [41:40] $6887y [33:32] $6887y [25:24] $6887y [17:16] $6887y [9:8] $6887y [1:0] }, Y={ $procmux$15444_Y [57:56] $procmux$15444_Y [49:48] $procmux$15444_Y [41:40] $procmux$15444_Y [33:32] $procmux$15444_Y [25:24] $procmux$15444_Y [17:16] $procmux$15444_Y [9:8] $procmux$15444_Y [1:0] }
      New connections: { $procmux$15444_Y [63:58] $procmux$15444_Y [55:50] $procmux$15444_Y [47:42] $procmux$15444_Y [39:34] $procmux$15444_Y [31:26] $procmux$15444_Y [23:18] $procmux$15444_Y [15:10] $procmux$15444_Y [7:2] } = 48'000000000000000000000000000000000000000000000000
    Consolidated identical input bits for $mux cell $procmux$15459:
      Old ports: A=27'011100000000000000001101111, B=27'110000000000000000001101111, Y=$auto$wreduce.cc:513:run$18126 [26:0]
      New ports: A=2'01, B=2'10, Y={ $auto$wreduce.cc:513:run$18126 [26] $auto$wreduce.cc:513:run$18126 [23] }
      New connections: { $auto$wreduce.cc:513:run$18126 [25:24] $auto$wreduce.cc:513:run$18126 [22:0] } = { 1'1 $auto$wreduce.cc:513:run$18126 [23] 23'00000000000000001101111 }
    Consolidated identical input bits for $mux cell $procmux$15477:
      Old ports: A={ 37'0000000000000000000000000000000000000 $auto$wreduce.cc:513:run$18126 [26:0] }, B=64'0000000000000000000000000000000001010000100000000000000001101111, Y=$procmux$15477_Y
      New ports: A={ 1'0 $auto$wreduce.cc:513:run$18126 [26:0] }, B=28'1000100000000000000001101111, Y={ $procmux$15477_Y [28] $procmux$15477_Y [26:0] }
      New connections: { $procmux$15477_Y [63:29] $procmux$15477_Y [27] } = { 33'000000000000000000000000000000000 $procmux$15477_Y [28] 2'00 }
    New ctrl vector for $pmux cell $procmux$15685: { $procmux$15676_CMP $procmux$15690_CMP }
    Consolidated identical input bits for $mux cell $procmux$15736:
      Old ports: A={ 1'0 \u_control_shell.u_core.u_ibex_core.if_stage_i.compressed_decoder_i.instr_i [11:7] 15'000000011100111 }, B=21'100000000000001110011, Y=$auto$wreduce.cc:513:run$18127 [20:0]
      New ports: A={ \u_control_shell.u_core.u_ibex_core.if_stage_i.compressed_decoder_i.instr_i [11:7] 2'01 }, B=7'0000010, Y={ $auto$wreduce.cc:513:run$18127 [19:15] $auto$wreduce.cc:513:run$18127 [4] $auto$wreduce.cc:513:run$18127 [2] }
      New connections: { $auto$wreduce.cc:513:run$18127 [20] $auto$wreduce.cc:513:run$18127 [14:5] $auto$wreduce.cc:513:run$18127 [3] $auto$wreduce.cc:513:run$18127 [1:0] } = { $auto$wreduce.cc:513:run$18127 [4] 7'0000000 $auto$wreduce.cc:513:run$18127 [2] 5'11011 }
    Consolidated identical input bits for $mux cell $procmux$15803:
      Old ports: A={ 5'00000 \u_control_shell.u_core.u_ibex_core.if_stage_i.compressed_decoder_i.instr_i [11:7] 15'000000001100111 }, B={ \u_control_shell.u_core.u_ibex_core.if_stage_i.compressed_decoder_i.instr_i [6:2] 8'00000000 \u_control_shell.u_core.u_ibex_core.if_stage_i.compressed_decoder_i.instr_i [11:7] 7'0110011 }, Y=$auto$wreduce.cc:513:run$18130 [24:0]
      New ports: A={ 5'00000 \u_control_shell.u_core.u_ibex_core.if_stage_i.compressed_decoder_i.instr_i [11:7] 7'0000001 }, B={ \u_control_shell.u_core.u_ibex_core.if_stage_i.compressed_decoder_i.instr_i [6:2] 5'00000 \u_control_shell.u_core.u_ibex_core.if_stage_i.compressed_decoder_i.instr_i [11:7] 2'10 }, Y={ $auto$wreduce.cc:513:run$18130 [24:15] $auto$wreduce.cc:513:run$18130 [11:7] $auto$wreduce.cc:513:run$18130 [4] $auto$wreduce.cc:513:run$18130 [2] }
      New connections: { $auto$wreduce.cc:513:run$18130 [14:12] $auto$wreduce.cc:513:run$18130 [6:5] $auto$wreduce.cc:513:run$18130 [3] $auto$wreduce.cc:513:run$18130 [1:0] } = { 3'000 $auto$wreduce.cc:513:run$18130 [2] 4'1011 }
    Consolidated identical input bits for $pmux cell $procmux$15913:
      Old ports: A=\u_control_shell.u_core.u_ibex_core.if_stage_i.compressed_decoder_i.instr_i, B={ 9'010000001 \u_control_shell.u_core.u_ibex_core.if_stage_i.compressed_decoder_i.instr_i [4:2] 2'01 \u_control_shell.u_core.u_ibex_core.if_stage_i.compressed_decoder_i.instr_i [9:7] 5'00001 \u_control_shell.u_core.u_ibex_core.if_stage_i.compressed_decoder_i.instr_i [9:7] 16'0110011000000001 \u_control_shell.u_core.u_ibex_core.if_stage_i.compressed_decoder_i.instr_i [4:2] 2'01 \u_control_shell.u_core.u_ibex_core.if_stage_i.compressed_decoder_i.instr_i [9:7] 5'10001 \u_control_shell.u_core.u_ibex_core.if_stage_i.compressed_decoder_i.instr_i [9:7] 16'0110011000000001 \u_control_shell.u_core.u_ibex_core.if_stage_i.compressed_decoder_i.instr_i [4:2] 2'01 \u_control_shell.u_core.u_ibex_core.if_stage_i.compressed_decoder_i.instr_i [9:7] 5'11001 \u_control_shell.u_core.u_ibex_core.if_stage_i.compressed_decoder_i.instr_i [9:7] 16'0110011000000001 \u_control_shell.u_core.u_ibex_core.if_stage_i.compressed_decoder_i.instr_i [4:2] 2'01 \u_control_shell.u_core.u_ibex_core.if_stage_i.compressed_decoder_i.instr_i [9:7] 5'11101 \u_control_shell.u_core.u_ibex_core.if_stage_i.compressed_decoder_i.instr_i [9:7] 7'0110011 }, Y=$procmux$15913_Y
      New ports: A={ \u_control_shell.u_core.u_ibex_core.if_stage_i.compressed_decoder_i.instr_i [31:10] \u_control_shell.u_core.u_ibex_core.if_stage_i.compressed_decoder_i.instr_i [6:0] }, B={ 9'010000001 \u_control_shell.u_core.u_ibex_core.if_stage_i.compressed_decoder_i.instr_i [4:2] 2'01 \u_control_shell.u_core.u_ibex_core.if_stage_i.compressed_decoder_i.instr_i [9:7] 21'000010110011000000001 \u_control_shell.u_core.u_ibex_core.if_stage_i.compressed_decoder_i.instr_i [4:2] 2'01 \u_control_shell.u_core.u_ibex_core.if_stage_i.compressed_decoder_i.instr_i [9:7] 21'100010110011000000001 \u_control_shell.u_core.u_ibex_core.if_stage_i.compressed_decoder_i.instr_i [4:2] 2'01 \u_control_shell.u_core.u_ibex_core.if_stage_i.compressed_decoder_i.instr_i [9:7] 21'110010110011000000001 \u_control_shell.u_core.u_ibex_core.if_stage_i.compressed_decoder_i.instr_i [4:2] 2'01 \u_control_shell.u_core.u_ibex_core.if_stage_i.compressed_decoder_i.instr_i [9:7] 12'111010110011 }, Y={ $procmux$15913_Y [31:10] $procmux$15913_Y [6:0] }
      New connections: $procmux$15913_Y [9:7] = \u_control_shell.u_core.u_ibex_core.if_stage_i.compressed_decoder_i.instr_i [9:7]
    Consolidated identical input bits for $mux cell $procmux$15977:
      Old ports: A={ \u_control_shell.u_core.u_ibex_core.if_stage_i.compressed_decoder_i.instr_i [12] \u_control_shell.u_core.u_ibex_core.if_stage_i.compressed_decoder_i.instr_i [12] \u_control_shell.u_core.u_ibex_core.if_stage_i.compressed_decoder_i.instr_i [12] \u_control_shell.u_core.u_ibex_core.if_stage_i.compressed_decoder_i.instr_i [12] \u_control_shell.u_core.u_ibex_core.if_stage_i.compressed_decoder_i.instr_i [12] \u_control_shell.u_core.u_ibex_core.if_stage_i.compressed_decoder_i.instr_i [12] \u_control_shell.u_core.u_ibex_core.if_stage_i.compressed_decoder_i.instr_i [12] \u_control_shell.u_core.u_ibex_core.if_stage_i.compressed_decoder_i.instr_i [12] \u_control_shell.u_core.u_ibex_core.if_stage_i.compressed_decoder_i.instr_i [12] \u_control_shell.u_core.u_ibex_core.if_stage_i.compressed_decoder_i.instr_i [12] \u_control_shell.u_core.u_ibex_core.if_stage_i.compressed_decoder_i.instr_i [12] \u_control_shell.u_core.u_ibex_core.if_stage_i.compressed_decoder_i.instr_i [12] \u_control_shell.u_core.u_ibex_core.if_stage_i.compressed_decoder_i.instr_i [6:2] \u_control_shell.u_core.u_ibex_core.if_stage_i.compressed_decoder_i.instr_i [11:7] 7'0110111 }, B={ \u_control_shell.u_core.u_ibex_core.if_stage_i.compressed_decoder_i.instr_i [4:3] \u_control_shell.u_core.u_ibex_core.if_stage_i.compressed_decoder_i.instr_i [5] \u_control_shell.u_core.u_ibex_core.if_stage_i.compressed_decoder_i.instr_i [2] \u_control_shell.u_core.u_ibex_core.if_stage_i.compressed_decoder_i.instr_i [6] 24'000000010000000100010011 }, Y=$procmux$15977_Y [28:0]
      New ports: A={ \u_control_shell.u_core.u_ibex_core.if_stage_i.compressed_decoder_i.instr_i [12] \u_control_shell.u_core.u_ibex_core.if_stage_i.compressed_decoder_i.instr_i [12] \u_control_shell.u_core.u_ibex_core.if_stage_i.compressed_decoder_i.instr_i [12] \u_control_shell.u_core.u_ibex_core.if_stage_i.compressed_decoder_i.instr_i [12] \u_control_shell.u_core.u_ibex_core.if_stage_i.compressed_decoder_i.instr_i [12] \u_control_shell.u_core.u_ibex_core.if_stage_i.compressed_decoder_i.instr_i [12] \u_control_shell.u_core.u_ibex_core.if_stage_i.compressed_decoder_i.instr_i [6:2] \u_control_shell.u_core.u_ibex_core.if_stage_i.compressed_decoder_i.instr_i [11:7] 1'1 }, B={ \u_control_shell.u_core.u_ibex_core.if_stage_i.compressed_decoder_i.instr_i [4:3] \u_control_shell.u_core.u_ibex_core.if_stage_i.compressed_decoder_i.instr_i [5] \u_control_shell.u_core.u_ibex_core.if_stage_i.compressed_decoder_i.instr_i [2] \u_control_shell.u_core.u_ibex_core.if_stage_i.compressed_decoder_i.instr_i [6] 12'010000000100 }, Y={ $procmux$15977_Y [28:24] $procmux$15977_Y [17:7] $procmux$15977_Y [2] }
      New connections: { $procmux$15977_Y [23:18] $procmux$15977_Y [6:3] $procmux$15977_Y [1:0] } = { $procmux$15977_Y [17] $procmux$15977_Y [17] $procmux$15977_Y [17] $procmux$15977_Y [17] $procmux$15977_Y [17] $procmux$15977_Y [17] 1'0 $procmux$15977_Y [2] 4'1011 }
    New ctrl vector for $pmux cell $procmux$16086: { $procmux$16077_CMP $procmux$16091_CMP }
    Consolidated identical input bits for $mux cell $procmux$162:
      Old ports: A=2'00, B=2'10, Y=$auto$wreduce.cc:513:run$18115 [1:0]
      New ports: A=1'0, B=1'1, Y=$auto$wreduce.cc:513:run$18115 [1]
      New connections: $auto$wreduce.cc:513:run$18115 [0] = 1'0
    Consolidated identical input bits for $pmux cell $procmux$16227:
      Old ports: A={ \u_control_shell.u_core.u_ibex_core.cs_registers_i.u_mtvec_csr.rdata_q [31:8] 8'00000000 }, B={ \u_control_shell.u_core.u_ibex_core.cs_registers_i.u_mtvec_csr.rdata_q [31:8] 1'0 \u_control_shell.u_core.u_ibex_core.cs_registers_i.csr_mcause_i [4:0] 66'000001101000010001000010000000000000011010000100010000100000010000 }, Y=\u_control_shell.u_core.u_ibex_core.if_stage_i.exc_pc
      New ports: A={ \u_control_shell.u_core.u_ibex_core.cs_registers_i.u_mtvec_csr.rdata_q [31:8] 5'00000 }, B={ \u_control_shell.u_core.u_ibex_core.cs_registers_i.u_mtvec_csr.rdata_q [31:8] \u_control_shell.u_core.u_ibex_core.cs_registers_i.csr_mcause_i [4:0] 58'0001101000010001000010000000000011010000100010000100000100 }, Y={ \u_control_shell.u_core.u_ibex_core.if_stage_i.exc_pc [31:8] \u_control_shell.u_core.u_ibex_core.if_stage_i.exc_pc [6:2] }
      New connections: { \u_control_shell.u_core.u_ibex_core.if_stage_i.exc_pc [7] \u_control_shell.u_core.u_ibex_core.if_stage_i.exc_pc [1:0] } = 3'000
    Consolidated identical input bits for $mux cell $procmux$16266:
      Old ports: A=3'000, B=3'100, Y=$procmux$16266_Y
      New ports: A=1'0, B=1'1, Y=$procmux$16266_Y [2]
      New connections: $procmux$16266_Y [1:0] = 2'00
    Consolidated identical input bits for $mux cell $procmux$1631:
      Old ports: A=32'xxxxxxxxxxxxxxxx0000xxxxxxxxxxxx, B={ 8'00000000 \u_control_shell.u_dtm.i_dmi_cdc.i_cdc_req.i_dst.data_dst_q [23:16] 14'00000000000000 \u_control_shell.u_dtm.i_dmi_cdc.i_cdc_req.i_dst.data_dst_q [1:0] }, Y=$procmux$1631_Y
      New ports: A=11'x, B={ \u_control_shell.u_dtm.i_dmi_cdc.i_cdc_req.i_dst.data_dst_q [23:16] 1'0 \u_control_shell.u_dtm.i_dmi_cdc.i_cdc_req.i_dst.data_dst_q [1:0] }, Y={ $procmux$1631_Y [23:16] $procmux$1631_Y [2:0] }
      New connections: { $procmux$1631_Y [31:24] $procmux$1631_Y [15:3] } = { $procmux$1631_Y [2] $procmux$1631_Y [2] $procmux$1631_Y [2] $procmux$1631_Y [2] $procmux$1631_Y [2] $procmux$1631_Y [2] $procmux$1631_Y [2] $procmux$1631_Y [2] 4'0000 $procmux$1631_Y [2] $procmux$1631_Y [2] $procmux$1631_Y [2] $procmux$1631_Y [2] $procmux$1631_Y [2] $procmux$1631_Y [2] $procmux$1631_Y [2] $procmux$1631_Y [2] $procmux$1631_Y [2] }
    Consolidated identical input bits for $mux cell $procmux$16405:
      Old ports: A=4'0101, B=4'0110, Y=$procmux$16405_Y
      New ports: A=2'01, B=2'10, Y=$procmux$16405_Y [1:0]
      New connections: $procmux$16405_Y [3:2] = 2'01
    Consolidated identical input bits for $mux cell $procmux$16472:
      Old ports: A=4'0010, B=4'0011, Y=$procmux$16472_Y
      New ports: A=1'0, B=1'1, Y=$procmux$16472_Y [0]
      New connections: $procmux$16472_Y [3:1] = 3'001
    New ctrl vector for $pmux cell $procmux$16495: { $procmux$16361_CMP $procmux$16367_CMP $auto$opt_reduce.cc:137:opt_pmux$20317 $procmux$16397_CMP $auto$opt_reduce.cc:137:opt_pmux$20315 $procmux$16461_CMP }
    New ctrl vector for $pmux cell $procmux$16699: { $procmux$16690_CMP $procmux$16704_CMP }
    Consolidated identical input bits for $mux cell $procmux$2346:
      Old ports: A=2'00, B=2'11, Y=$procmux$2317_Y
      New ports: A=1'0, B=1'1, Y=$procmux$2317_Y [0]
      New connections: $procmux$2317_Y [1] = $procmux$2317_Y [0]
    Consolidated identical input bits for $mux cell $procmux$2409:
      Old ports: A=2'11, B=2'00, Y=$procmux$2409_Y
      New ports: A=1'1, B=1'0, Y=$procmux$2409_Y [0]
      New connections: $procmux$2409_Y [1] = $procmux$2409_Y [0]
    New ctrl vector for $pmux cell $procmux$247: { $procmux$256_CMP $procmux$244_CMP \u_control_shell.u_bus.sba_we_i }
    Consolidated identical input bits for $mux cell $procmux$273:
      Old ports: A=3'001, B=3'010, Y=$procmux$273_Y
      New ports: A=2'01, B=2'10, Y=$procmux$273_Y [1:0]
      New connections: $procmux$273_Y [2] = 1'0
    Consolidated identical input bits for $mux cell $procmux$2810:
      Old ports: A=4'0101, B=4'0110, Y=$procmux$2810_Y
      New ports: A=2'01, B=2'10, Y=$procmux$2810_Y [1:0]
      New connections: $procmux$2810_Y [3:2] = 2'01
    Consolidated identical input bits for $mux cell $procmux$2877:
      Old ports: A=4'0010, B=4'0011, Y=$procmux$2877_Y
      New ports: A=1'0, B=1'1, Y=$procmux$2877_Y [0]
      New connections: $procmux$2877_Y [3:1] = 3'001
    New ctrl vector for $pmux cell $procmux$29: { $procmux$20_CMP $procmux$34_CMP }
    New ctrl vector for $pmux cell $procmux$2900: { $procmux$2766_CMP $procmux$2772_CMP $auto$opt_reduce.cc:137:opt_pmux$20321 $procmux$2802_CMP $auto$opt_reduce.cc:137:opt_pmux$20319 $procmux$2866_CMP }
    Consolidated identical input bits for $mux cell $procmux$3058:
      Old ports: A=2'11, B=2'10, Y=$procmux$3058_Y
      New ports: A=1'1, B=1'0, Y=$procmux$3058_Y [0]
      New connections: $procmux$3058_Y [1] = 1'1
    Consolidated identical input bits for $mux cell $procmux$3289:
      Old ports: A=3'011, B=3'001, Y=$procmux$3289_Y
      New ports: A=1'1, B=1'0, Y=$procmux$3289_Y [1]
      New connections: { $procmux$3289_Y [2] $procmux$3289_Y [0] } = 2'01
    Consolidated identical input bits for $mux cell $procmux$3423:
      Old ports: A=4'0010, B=4'1101, Y=$procmux$3423_Y
      New ports: A=2'10, B=2'01, Y=$procmux$3423_Y [1:0]
      New connections: $procmux$3423_Y [3:2] = { $procmux$3423_Y [0] $procmux$3423_Y [0] }
    New ctrl vector for $pmux cell $procmux$3694: { $procmux$3426_CMP $procmux$3698_CMP $procmux$3448_CMP $procmux$3457_CMP $procmux$3484_CMP $procmux$3495_CMP $procmux$3707_CMP $procmux$3530_CMP $procmux$3544_CMP $procmux$3586_CMP $procmux$3602_CMP $procmux$3654_CMP $procmux$3719_CMP }
    Consolidated identical input bits for $mux cell $procmux$380:
      Old ports: A=4'0101, B=4'0110, Y=$procmux$380_Y
      New ports: A=2'01, B=2'10, Y=$procmux$380_Y [1:0]
      New connections: $procmux$380_Y [3:2] = 2'01
    Consolidated identical input bits for $mux cell $procmux$4100:
      Old ports: A=4'0111, B=4'1000, Y=$procmux$4100_Y
      New ports: A=2'01, B=2'10, Y={ $procmux$4100_Y [3] $procmux$4100_Y [0] }
      New connections: $procmux$4100_Y [2:1] = { $procmux$4100_Y [0] $procmux$4100_Y [0] }
    Consolidated identical input bits for $mux cell $procmux$4121:
      Old ports: A=3'011, B=3'100, Y=$procmux$4121_Y
      New ports: A=2'01, B=2'10, Y={ $procmux$4121_Y [2] $procmux$4121_Y [0] }
      New connections: $procmux$4121_Y [1] = $procmux$4121_Y [0]
    Consolidated identical input bits for $mux cell $procmux$4163:
      Old ports: A=4'0100, B=4'1000, Y=$procmux$4163_Y
      New ports: A=2'01, B=2'10, Y=$procmux$4163_Y [3:2]
      New connections: $procmux$4163_Y [1:0] = 2'00
    Consolidated identical input bits for $mux cell $procmux$4190:
      Old ports: A=3'010, B=3'001, Y=$procmux$4190_Y
      New ports: A=2'10, B=2'01, Y=$procmux$4190_Y [1:0]
      New connections: $procmux$4190_Y [2] = 1'0
    Consolidated identical input bits for $mux cell $procmux$447:
      Old ports: A=4'0010, B=4'0011, Y=$procmux$447_Y
      New ports: A=1'0, B=1'1, Y=$procmux$447_Y [0]
      New connections: $procmux$447_Y [3:1] = 3'001
    New ctrl vector for $pmux cell $procmux$470: { $procmux$336_CMP $procmux$342_CMP $auto$opt_reduce.cc:137:opt_pmux$20325 $procmux$372_CMP $auto$opt_reduce.cc:137:opt_pmux$20323 $procmux$436_CMP }
    Consolidated identical input bits for $mux cell $procmux$4977:
      Old ports: A=2'00, B=$procmux$4993_Y, Y=$procmux$4977_Y
      New ports: A=1'0, B=1'1, Y=$procmux$4977_Y [0]
      New connections: $procmux$4977_Y [1] = $procmux$4977_Y [0]
    Consolidated identical input bits for $mux cell $procmux$5076:
      Old ports: A=2'00, B=$procmux$5092_Y, Y=$procmux$5076_Y
      New ports: A=1'0, B=1'1, Y=$procmux$5076_Y [0]
      New connections: $procmux$5076_Y [1] = $procmux$5076_Y [0]
    Consolidated identical input bits for $mux cell $memory$auto$memory_bmux2rom.cc:63:execute$18996$rdmux[0][4][1]$20267:
      Old ports: A=64'0000000000000000000000000001001100000101000000000000000001101111, B=64'0111101100100100000100000111001100001111111100000000000000001111, Y=$memory$auto$memory_bmux2rom.cc:63:execute$18996$rdmux[0][3][0]$b$20242
      New ports: A=2'01, B=2'10, Y={ $memory$auto$memory_bmux2rom.cc:63:execute$18996$rdmux[0][3][0]$b$20242 [20] $memory$auto$memory_bmux2rom.cc:63:execute$18996$rdmux[0][3][0]$b$20242 [5] }
      New connections: { $memory$auto$memory_bmux2rom.cc:63:execute$18996$rdmux[0][3][0]$b$20242 [63:21] $memory$auto$memory_bmux2rom.cc:63:execute$18996$rdmux[0][3][0]$b$20242 [19:6] $memory$auto$memory_bmux2rom.cc:63:execute$18996$rdmux[0][3][0]$b$20242 [4:0] } = { 1'0 $memory$auto$memory_bmux2rom.cc:63:execute$18996$rdmux[0][3][0]$b$20242 [20] $memory$auto$memory_bmux2rom.cc:63:execute$18996$rdmux[0][3][0]$b$20242 [20] $memory$auto$memory_bmux2rom.cc:63:execute$18996$rdmux[0][3][0]$b$20242 [20] $memory$auto$memory_bmux2rom.cc:63:execute$18996$rdmux[0][3][0]$b$20242 [20] 1'0 $memory$auto$memory_bmux2rom.cc:63:execute$18996$rdmux[0][3][0]$b$20242 [20] $memory$auto$memory_bmux2rom.cc:63:execute$18996$rdmux[0][3][0]$b$20242 [20] 2'00 $memory$auto$memory_bmux2rom.cc:63:execute$18996$rdmux[0][3][0]$b$20242 [20] 2'00 $memory$auto$memory_bmux2rom.cc:63:execute$18996$rdmux[0][3][0]$b$20242 [20] 5'00000 $memory$auto$memory_bmux2rom.cc:63:execute$18996$rdmux[0][3][0]$b$20242 [20] 5'00000 $memory$auto$memory_bmux2rom.cc:63:execute$18996$rdmux[0][3][0]$b$20242 [20] $memory$auto$memory_bmux2rom.cc:63:execute$18996$rdmux[0][3][0]$b$20242 [20] 9'100110000 $memory$auto$memory_bmux2rom.cc:63:execute$18996$rdmux[0][3][0]$b$20242 [20] 1'1 $memory$auto$memory_bmux2rom.cc:63:execute$18996$rdmux[0][3][0]$b$20242 [20] 1'1 $memory$auto$memory_bmux2rom.cc:63:execute$18996$rdmux[0][3][0]$b$20242 [20] $memory$auto$memory_bmux2rom.cc:63:execute$18996$rdmux[0][3][0]$b$20242 [20] $memory$auto$memory_bmux2rom.cc:63:execute$18996$rdmux[0][3][0]$b$20242 [20] 13'0000000000000 $memory$auto$memory_bmux2rom.cc:63:execute$18996$rdmux[0][3][0]$b$20242 [5] 5'01111 }
    Consolidated identical input bits for $mux cell $memory$auto$memory_bmux2rom.cc:63:execute$18996$rdmux[0][4][9]$20291:
      Old ports: A=64'0111101100110000001001010111001100010000100001010010100000100011, B=64'0111101100100000000000000111001101111011001000000010010001110011, Y=$memory$auto$memory_bmux2rom.cc:63:execute$18996$rdmux[0][3][4]$b$20254
      New ports: A=2'10, B=2'01, Y={ $memory$auto$memory_bmux2rom.cc:63:execute$18996$rdmux[0][3][4]$b$20254 [11] $memory$auto$memory_bmux2rom.cc:63:execute$18996$rdmux[0][3][4]$b$20254 [4] }
      New connections: { $memory$auto$memory_bmux2rom.cc:63:execute$18996$rdmux[0][3][4]$b$20254 [63:12] $memory$auto$memory_bmux2rom.cc:63:execute$18996$rdmux[0][3][4]$b$20254 [10:5] $memory$auto$memory_bmux2rom.cc:63:execute$18996$rdmux[0][3][4]$b$20254 [3:0] } = { 11'01111011001 $memory$auto$memory_bmux2rom.cc:63:execute$18996$rdmux[0][3][4]$b$20254 [11] 6'000000 $memory$auto$memory_bmux2rom.cc:63:execute$18996$rdmux[0][3][4]$b$20254 [11] 2'00 $memory$auto$memory_bmux2rom.cc:63:execute$18996$rdmux[0][3][4]$b$20254 [11] 1'0 $memory$auto$memory_bmux2rom.cc:63:execute$18996$rdmux[0][3][4]$b$20254 [11] 9'011100110 $memory$auto$memory_bmux2rom.cc:63:execute$18996$rdmux[0][3][4]$b$20254 [4] $memory$auto$memory_bmux2rom.cc:63:execute$18996$rdmux[0][3][4]$b$20254 [4] 1'1 $memory$auto$memory_bmux2rom.cc:63:execute$18996$rdmux[0][3][4]$b$20254 [4] 1'0 $memory$auto$memory_bmux2rom.cc:63:execute$18996$rdmux[0][3][4]$b$20254 [4] $memory$auto$memory_bmux2rom.cc:63:execute$18996$rdmux[0][3][4]$b$20254 [4] $memory$auto$memory_bmux2rom.cc:63:execute$18996$rdmux[0][3][4]$b$20254 [11] 1'0 $memory$auto$memory_bmux2rom.cc:63:execute$18996$rdmux[0][3][4]$b$20254 [4] 2'00 $memory$auto$memory_bmux2rom.cc:63:execute$18996$rdmux[0][3][4]$b$20254 [11] 1'0 $memory$auto$memory_bmux2rom.cc:63:execute$18996$rdmux[0][3][4]$b$20254 [11] 4'0010 $memory$auto$memory_bmux2rom.cc:63:execute$18996$rdmux[0][3][4]$b$20254 [4] 3'000 $memory$auto$memory_bmux2rom.cc:63:execute$18996$rdmux[0][3][4]$b$20254 [4] 5'10011 }
    Consolidated identical input bits for $mux cell $procmux$5169:
      Old ports: A=2'00, B=$procmux$5185_Y, Y=$procmux$5169_Y
      New ports: A=1'0, B=1'1, Y=$procmux$5169_Y [0]
      New connections: $procmux$5169_Y [1] = $procmux$5169_Y [0]
    Consolidated identical input bits for $mux cell $memory$auto$memory_bmux2rom.cc:63:execute$18996$rdmux[0][4][8]$20288:
      Old ports: A=64'0111101100100000001001000111001101111011001100000010010101110011, B=64'1111000101000000001001000111001110100111100111111111000001101111, Y=$memory$auto$memory_bmux2rom.cc:63:execute$18996$rdmux[0][3][4]$a$20253
      New ports: A=2'10, B=2'01, Y={ $memory$auto$memory_bmux2rom.cc:63:execute$18996$rdmux[0][3][4]$a$20253 [4] $memory$auto$memory_bmux2rom.cc:63:execute$18996$rdmux[0][3][4]$a$20253 [2] }
      New connections: { $memory$auto$memory_bmux2rom.cc:63:execute$18996$rdmux[0][3][4]$a$20253 [63:5] $memory$auto$memory_bmux2rom.cc:63:execute$18996$rdmux[0][3][4]$a$20253 [3] $memory$auto$memory_bmux2rom.cc:63:execute$18996$rdmux[0][3][4]$a$20253 [1:0] } = { $memory$auto$memory_bmux2rom.cc:63:execute$18996$rdmux[0][3][4]$a$20253 [2] 3'111 $memory$auto$memory_bmux2rom.cc:63:execute$18996$rdmux[0][3][4]$a$20253 [4] 1'0 $memory$auto$memory_bmux2rom.cc:63:execute$18996$rdmux[0][3][4]$a$20253 [4] 2'10 $memory$auto$memory_bmux2rom.cc:63:execute$18996$rdmux[0][3][4]$a$20253 [2] $memory$auto$memory_bmux2rom.cc:63:execute$18996$rdmux[0][3][4]$a$20253 [4] 21'000000010010001110011 $memory$auto$memory_bmux2rom.cc:63:execute$18996$rdmux[0][3][4]$a$20253 [2] $memory$auto$memory_bmux2rom.cc:63:execute$18996$rdmux[0][3][4]$a$20253 [4] 1'1 $memory$auto$memory_bmux2rom.cc:63:execute$18996$rdmux[0][3][4]$a$20253 [4] $memory$auto$memory_bmux2rom.cc:63:execute$18996$rdmux[0][3][4]$a$20253 [4] $memory$auto$memory_bmux2rom.cc:63:execute$18996$rdmux[0][3][4]$a$20253 [2] 2'11 $memory$auto$memory_bmux2rom.cc:63:execute$18996$rdmux[0][3][4]$a$20253 [2] 1'0 $memory$auto$memory_bmux2rom.cc:63:execute$18996$rdmux[0][3][4]$a$20253 [4] 1'1 $memory$auto$memory_bmux2rom.cc:63:execute$18996$rdmux[0][3][4]$a$20253 [2] $memory$auto$memory_bmux2rom.cc:63:execute$18996$rdmux[0][3][4]$a$20253 [2] $memory$auto$memory_bmux2rom.cc:63:execute$18996$rdmux[0][3][4]$a$20253 [2] $memory$auto$memory_bmux2rom.cc:63:execute$18996$rdmux[0][3][4]$a$20253 [2] $memory$auto$memory_bmux2rom.cc:63:execute$18996$rdmux[0][3][4]$a$20253 [2] $memory$auto$memory_bmux2rom.cc:63:execute$18996$rdmux[0][3][4]$a$20253 [2] 1'1 $memory$auto$memory_bmux2rom.cc:63:execute$18996$rdmux[0][3][4]$a$20253 [2] 1'0 $memory$auto$memory_bmux2rom.cc:63:execute$18996$rdmux[0][3][4]$a$20253 [4] 1'0 $memory$auto$memory_bmux2rom.cc:63:execute$18996$rdmux[0][3][4]$a$20253 [4] 3'011 $memory$auto$memory_bmux2rom.cc:63:execute$18996$rdmux[0][3][4]$a$20253 [2] 2'11 }
    Consolidated identical input bits for $mux cell $memory$auto$memory_bmux2rom.cc:63:execute$18996$rdmux[0][4][0]$20264:
      Old ports: A=64'0000000000000000000000000001001100000001100000000000000001101111, B=64'0000000000000000000000000001001100001000010000000000000001101111, Y=$memory$auto$memory_bmux2rom.cc:63:execute$18996$rdmux[0][3][0]$a$20241
      New ports: A=2'10, B=2'01, Y=$memory$auto$memory_bmux2rom.cc:63:execute$18996$rdmux[0][3][0]$a$20241 [23:22]
      New connections: { $memory$auto$memory_bmux2rom.cc:63:execute$18996$rdmux[0][3][0]$a$20241 [63:24] $memory$auto$memory_bmux2rom.cc:63:execute$18996$rdmux[0][3][0]$a$20241 [21:0] } = { 36'000000000000000000000000000100110000 $memory$auto$memory_bmux2rom.cc:63:execute$18996$rdmux[0][3][0]$a$20241 [22] 2'00 $memory$auto$memory_bmux2rom.cc:63:execute$18996$rdmux[0][3][0]$a$20241 [23] 22'0000000000000001101111 }
    Consolidated identical input bits for $mux cell $procmux$5271:
      Old ports: A=2'00, B=$procmux$5287_Y, Y=$procmux$5271_Y
      New ports: A=1'0, B=1'1, Y=$procmux$5271_Y [0]
      New connections: $procmux$5271_Y [1] = $procmux$5271_Y [0]
    Consolidated identical input bits for $mux cell $memory$auto$memory_bmux2rom.cc:63:execute$18996$rdmux[0][4][5]$20279:
      Old ports: A=64'0000000000100100011101000001001101000000000001000100010000000011, B=64'1111110101011111111100000110111111111010000001000001100011100011, Y=$memory$auto$memory_bmux2rom.cc:63:execute$18996$rdmux[0][3][2]$b$20248
      New ports: A=2'10, B=2'01, Y={ $memory$auto$memory_bmux2rom.cc:63:execute$18996$rdmux[0][3][2]$b$20248 [10] $memory$auto$memory_bmux2rom.cc:63:execute$18996$rdmux[0][3][2]$b$20248 [5] }
      New connections: { $memory$auto$memory_bmux2rom.cc:63:execute$18996$rdmux[0][3][2]$b$20248 [63:11] $memory$auto$memory_bmux2rom.cc:63:execute$18996$rdmux[0][3][2]$b$20248 [9:6] $memory$auto$memory_bmux2rom.cc:63:execute$18996$rdmux[0][3][2]$b$20248 [4:0] } = { $memory$auto$memory_bmux2rom.cc:63:execute$18996$rdmux[0][3][2]$b$20248 [5] $memory$auto$memory_bmux2rom.cc:63:execute$18996$rdmux[0][3][2]$b$20248 [5] $memory$auto$memory_bmux2rom.cc:63:execute$18996$rdmux[0][3][2]$b$20248 [5] $memory$auto$memory_bmux2rom.cc:63:execute$18996$rdmux[0][3][2]$b$20248 [5] $memory$auto$memory_bmux2rom.cc:63:execute$18996$rdmux[0][3][2]$b$20248 [5] $memory$auto$memory_bmux2rom.cc:63:execute$18996$rdmux[0][3][2]$b$20248 [5] 1'0 $memory$auto$memory_bmux2rom.cc:63:execute$18996$rdmux[0][3][2]$b$20248 [5] 1'0 $memory$auto$memory_bmux2rom.cc:63:execute$18996$rdmux[0][3][2]$b$20248 [5] $memory$auto$memory_bmux2rom.cc:63:execute$18996$rdmux[0][3][2]$b$20248 [10] $memory$auto$memory_bmux2rom.cc:63:execute$18996$rdmux[0][3][2]$b$20248 [5] $memory$auto$memory_bmux2rom.cc:63:execute$18996$rdmux[0][3][2]$b$20248 [5] 1'1 $memory$auto$memory_bmux2rom.cc:63:execute$18996$rdmux[0][3][2]$b$20248 [5] $memory$auto$memory_bmux2rom.cc:63:execute$18996$rdmux[0][3][2]$b$20248 [5] $memory$auto$memory_bmux2rom.cc:63:execute$18996$rdmux[0][3][2]$b$20248 [5] 4'1110 $memory$auto$memory_bmux2rom.cc:63:execute$18996$rdmux[0][3][2]$b$20248 [10] 3'000 $memory$auto$memory_bmux2rom.cc:63:execute$18996$rdmux[0][3][2]$b$20248 [5] $memory$auto$memory_bmux2rom.cc:63:execute$18996$rdmux[0][3][2]$b$20248 [5] $memory$auto$memory_bmux2rom.cc:63:execute$18996$rdmux[0][3][2]$b$20248 [10] $memory$auto$memory_bmux2rom.cc:63:execute$18996$rdmux[0][3][2]$b$20248 [5] $memory$auto$memory_bmux2rom.cc:63:execute$18996$rdmux[0][3][2]$b$20248 [5] 2'11 $memory$auto$memory_bmux2rom.cc:63:execute$18996$rdmux[0][3][2]$b$20248 [5] 1'1 $memory$auto$memory_bmux2rom.cc:63:execute$18996$rdmux[0][3][2]$b$20248 [5] $memory$auto$memory_bmux2rom.cc:63:execute$18996$rdmux[0][3][2]$b$20248 [5] $memory$auto$memory_bmux2rom.cc:63:execute$18996$rdmux[0][3][2]$b$20248 [5] 1'0 $memory$auto$memory_bmux2rom.cc:63:execute$18996$rdmux[0][3][2]$b$20248 [5] 10'0000001000 $memory$auto$memory_bmux2rom.cc:63:execute$18996$rdmux[0][3][2]$b$20248 [10] 1'0 $memory$auto$memory_bmux2rom.cc:63:execute$18996$rdmux[0][3][2]$b$20248 [5] $memory$auto$memory_bmux2rom.cc:63:execute$18996$rdmux[0][3][2]$b$20248 [5] 2'00 $memory$auto$memory_bmux2rom.cc:63:execute$18996$rdmux[0][3][2]$b$20248 [5] $memory$auto$memory_bmux2rom.cc:63:execute$18996$rdmux[0][3][2]$b$20248 [5] 5'00011 }
    Consolidated identical input bits for $mux cell $procmux$5435:
      Old ports: A={ 31'0000000000000000000000000000000 \u_control_shell.u_dm.i_dm_mem.halted_q }, B=0, Y=\u_control_shell.u_dm.i_dm_csrs.haltsum2
      New ports: A=\u_control_shell.u_dm.i_dm_mem.halted_q, B=1'0, Y=\u_control_shell.u_dm.i_dm_csrs.haltsum2 [0]
      New connections: \u_control_shell.u_dm.i_dm_csrs.haltsum2 [31:1] = 31'0000000000000000000000000000000
    Consolidated identical input bits for $mux cell $procmux$5449:
      Old ports: A={ 31'0000000000000000000000000000000 \u_control_shell.u_dm.i_dm_mem.halted_q }, B=0, Y=\u_control_shell.u_dm.i_dm_csrs.haltsum1
      New ports: A=\u_control_shell.u_dm.i_dm_mem.halted_q, B=1'0, Y=\u_control_shell.u_dm.i_dm_csrs.haltsum1 [0]
      New connections: \u_control_shell.u_dm.i_dm_csrs.haltsum1 [31:1] = 31'0000000000000000000000000000000
    Consolidated identical input bits for $mux cell $procmux$5463:
      Old ports: A={ 31'0000000000000000000000000000000 \u_control_shell.u_dm.i_dm_mem.halted_q }, B=0, Y=\u_control_shell.u_dm.i_dm_csrs.haltsum0
      New ports: A=\u_control_shell.u_dm.i_dm_mem.halted_q, B=1'0, Y=\u_control_shell.u_dm.i_dm_csrs.haltsum0 [0]
      New connections: \u_control_shell.u_dm.i_dm_csrs.haltsum0 [31:1] = 31'0000000000000000000000000000000
    New ctrl vector for $pmux cell $procmux$590: { $procmux$581_CMP $procmux$595_CMP }
    Consolidated identical input bits for $pmux cell $procmux$5987:
      Old ports: A={ \u_control_shell.u_core.u_ibex_core.if_stage_i.pc_id_o [31:1] 1'0 }, B={ \u_control_shell.u_core.u_ibex_core.if_stage_i.gen_prefetch_buffer.prefetch_buffer_i.fifo_i.instr_addr_q 1'0 \u_control_shell.u_core.u_ibex_core.wb_stage_i.g_writeback_stage.wb_pc_q [31:1] 1'0 }, Y=$procmux$5987_Y
      New ports: A=\u_control_shell.u_core.u_ibex_core.if_stage_i.pc_id_o [31:1], B={ \u_control_shell.u_core.u_ibex_core.if_stage_i.gen_prefetch_buffer.prefetch_buffer_i.fifo_i.instr_addr_q \u_control_shell.u_core.u_ibex_core.wb_stage_i.g_writeback_stage.wb_pc_q [31:1] }, Y=$procmux$5987_Y [31:1]
      New connections: $procmux$5987_Y [0] = 1'0
    Consolidated identical input bits for $mux cell $procmux$6188:
      Old ports: A={ \u_control_shell.u_core.u_ibex_core.cs_registers_i.u_cpuctrlsts_part_csr.rdata_q [7:6] 6'000000 }, B={ \u_control_shell.u_core.u_ibex_core.cs_registers_i.csr_wdata_int [7:6] 6'000000 }, Y=$procmux$6188_Y
      New ports: A=\u_control_shell.u_core.u_ibex_core.cs_registers_i.u_cpuctrlsts_part_csr.rdata_q [7:6], B=\u_control_shell.u_core.u_ibex_core.cs_registers_i.csr_wdata_int [7:6], Y=$procmux$6188_Y [7:6]
      New connections: $procmux$6188_Y [5:0] = 6'000000
    New ctrl vector for $pmux cell $procmux$6687: { $procmux$6180_Y $auto$opt_reduce.cc:137:opt_pmux$17023 $auto$opt_reduce.cc:137:opt_pmux$17025 $procmux$6230_Y $procmux$6261_Y $procmux$13457_CMP $procmux$6290_Y $procmux$6148_CMP $procmux$6644_CMP $procmux$6359_Y $procmux$6378_Y $1174y $procmux$6342_CMP $1173y $procmux$6219_Y $procmux$6441_Y $procmux$6652_CMP $procmux$6173_CMP $procmux$6659_CMP }
    Consolidated identical input bits for $mux cell $procmux$6749:
      Old ports: A=21'100000000000001110011, B=21'000000000000000010011, Y=$auto$wreduce.cc:513:run$18139 [20:0]
      New ports: A=1'1, B=1'0, Y=$auto$wreduce.cc:513:run$18139 [5]
      New connections: { $auto$wreduce.cc:513:run$18139 [20:6] $auto$wreduce.cc:513:run$18139 [4:0] } = { $auto$wreduce.cc:513:run$18139 [5] 13'0000000000000 $auto$wreduce.cc:513:run$18139 [5] 5'10011 }
    Consolidated identical input bits for $mux cell $procmux$6765:
      Old ports: A=21'000000000000000000000, B=21'100000000000001110011, Y=$auto$wreduce.cc:513:run$18140 [20:0]
      New ports: A=1'0, B=1'1, Y=$auto$wreduce.cc:513:run$18140 [0]
      New connections: $auto$wreduce.cc:513:run$18140 [20:1] = { $auto$wreduce.cc:513:run$18140 [0] 13'0000000000000 $auto$wreduce.cc:513:run$18140 [0] $auto$wreduce.cc:513:run$18140 [0] $auto$wreduce.cc:513:run$18140 [0] 2'00 $auto$wreduce.cc:513:run$18140 [0] }
    Consolidated identical input bits for $mux cell $procmux$6790:
      Old ports: A={ 11'00000000000 $auto$wreduce.cc:513:run$18140 [20:0] }, B={ 1'0 $auto$wreduce.cc:513:run$18146 [30:0] }, Y=$procmux$6790_Y
      New ports: A={ 10'0000000000 $auto$wreduce.cc:513:run$18140 [20:0] }, B=$auto$wreduce.cc:513:run$18146 [30:0], Y=$procmux$6790_Y [30:0]
      New connections: $procmux$6790_Y [31] = 1'0
    Consolidated identical input bits for $mux cell $procmux$6800:
      Old ports: A={ 48'111101100100000001001000111001100111000100001010 \u_control_shell.u_dm.i_dm_csrs.command_q [22:20] 12'000000100011 \u_control_shell.u_dm.i_dm_csrs.command_q [11:0] 20'00000010010001110011 }, B=95'00000000000000000000000000100110000000000000000000000000001001100000000000000000000000000010011, Y=$auto$wreduce.cc:513:run$18141 [94:0]
      New ports: A={ \u_control_shell.u_dm.i_dm_csrs.command_q [22:20] 1'0 \u_control_shell.u_dm.i_dm_csrs.command_q [11:0] 1'1 }, B=17'00010000000000000, Y={ $auto$wreduce.cc:513:run$18141 [46:44] $auto$wreduce.cc:513:run$18141 [36] $auto$wreduce.cc:513:run$18141 [31:20] $auto$wreduce.cc:513:run$18141 [5] }
      New connections: { $auto$wreduce.cc:513:run$18141 [94:47] $auto$wreduce.cc:513:run$18141 [43:37] $auto$wreduce.cc:513:run$18141 [35:32] $auto$wreduce.cc:513:run$18141 [19:6] $auto$wreduce.cc:513:run$18141 [4:0] } = { $auto$wreduce.cc:513:run$18141 [5] $auto$wreduce.cc:513:run$18141 [5] $auto$wreduce.cc:513:run$18141 [5] $auto$wreduce.cc:513:run$18141 [5] 1'0 $auto$wreduce.cc:513:run$18141 [5] $auto$wreduce.cc:513:run$18141 [5] 2'00 $auto$wreduce.cc:513:run$18141 [5] 7'0000000 $auto$wreduce.cc:513:run$18141 [5] 2'00 $auto$wreduce.cc:513:run$18141 [5] 3'000 $auto$wreduce.cc:513:run$18141 [5] $auto$wreduce.cc:513:run$18141 [5] 7'1001100 $auto$wreduce.cc:513:run$18141 [5] $auto$wreduce.cc:513:run$18141 [5] $auto$wreduce.cc:513:run$18141 [5] 3'000 $auto$wreduce.cc:513:run$18141 [5] 4'0000 $auto$wreduce.cc:513:run$18141 [5] 1'0 $auto$wreduce.cc:513:run$18141 [5] 7'0000000 $auto$wreduce.cc:513:run$18141 [5] 10'0011000000 $auto$wreduce.cc:513:run$18141 [5] 2'00 $auto$wreduce.cc:513:run$18141 [5] 3'000 $auto$wreduce.cc:513:run$18141 [5] 5'10011 }
    Consolidated identical input bits for $mux cell $procmux$6819:
      Old ports: A=3'011, B=3'111, Y=$auto$wreduce.cc:513:run$18142 [2:0]
      New ports: A=1'0, B=1'1, Y=$auto$wreduce.cc:513:run$18142 [2]
      New connections: $auto$wreduce.cc:513:run$18142 [1:0] = 2'11
    Consolidated identical input bits for $mux cell $procmux$6840:
      Old ports: A=31'1111011001001000001000001110011, B={ 6'011100 \u_control_shell.u_dm.i_dm_csrs.command_q [4:0] 5'01010 \u_control_shell.u_dm.i_dm_csrs.command_q [22:20] 9'000000100 $auto$wreduce.cc:513:run$18142 [2:0] }, Y=$auto$wreduce.cc:513:run$18143 [30:0]
      New ports: A=13'1001000011011, B={ \u_control_shell.u_dm.i_dm_csrs.command_q [4:0] 1'1 \u_control_shell.u_dm.i_dm_csrs.command_q [22:20] 1'0 $auto$wreduce.cc:513:run$18142 [2:0] }, Y={ $auto$wreduce.cc:513:run$18143 [24:20] $auto$wreduce.cc:513:run$18143 [16] $auto$wreduce.cc:513:run$18143 [14:12] $auto$wreduce.cc:513:run$18143 [4] $auto$wreduce.cc:513:run$18143 [2:0] }
      New connections: { $auto$wreduce.cc:513:run$18143 [30:25] $auto$wreduce.cc:513:run$18143 [19:17] $auto$wreduce.cc:513:run$18143 [15] $auto$wreduce.cc:513:run$18143 [11:5] $auto$wreduce.cc:513:run$18143 [3] } = { $auto$wreduce.cc:513:run$18143 [4] 4'1110 $auto$wreduce.cc:513:run$18143 [4] 9'010000000 $auto$wreduce.cc:513:run$18143 [4] 2'10 }
    Consolidated identical input bits for $mux cell $procmux$6859:
      Old ports: A={ $auto$wreduce.cc:513:run$18141 [94:0] 1'0 $auto$wreduce.cc:513:run$18143 [30:0] }, B={ 48'111101100100000001001000111001100111000100001010 \u_control_shell.u_dm.i_dm_csrs.command_q [22:20] 76'0000001000110111101100110000001001000111001101111011001001000001000001110011 }, Y=$auto$wreduce.cc:513:run$18144 [126:0]
      New ports: A={ $auto$wreduce.cc:513:run$18141 [94:0] $auto$wreduce.cc:513:run$18143 [30:0] }, B={ 48'111101100100000001001000111001100111000100001010 \u_control_shell.u_dm.i_dm_csrs.command_q [22:20] 75'000000100011011110110011000000100100011100111111011001001000001000001110011 }, Y={ $auto$wreduce.cc:513:run$18144 [126:32] $auto$wreduce.cc:513:run$18144 [30:0] }
      New connections: $auto$wreduce.cc:513:run$18144 [31] = 1'0
    Consolidated identical input bits for $mux cell $procmux$6930:
      Old ports: A={ 1'0 $auto$wreduce.cc:513:run$18147 [126:0] }, B={ 1'0 $auto$wreduce.cc:513:run$18152 [126:0] }, Y=$procmux$6930_Y
      New ports: A=$auto$wreduce.cc:513:run$18147 [126:0], B=$auto$wreduce.cc:513:run$18152 [126:0], Y=$procmux$6930_Y [126:0]
      New connections: $procmux$6930_Y [127] = 1'0
    Consolidated identical input bits for $mux cell $procmux$6945:
      Old ports: A={ 31'1111011001000000010010001110011 \u_control_shell.u_dm.i_dm_csrs.command_q [11:0] 37'0100000100000111001100111000000001010 \u_control_shell.u_dm.i_dm_csrs.command_q [22:20] 12'010000000011 }, B=95'00000000000000000000000000100110000000000000000000000000001001100000000000000000000000000010011, Y=$auto$wreduce.cc:513:run$18148 [94:0]
      New ports: A={ \u_control_shell.u_dm.i_dm_csrs.command_q [11:0] \u_control_shell.u_dm.i_dm_csrs.command_q [22:20] 2'10 }, B=17'00000000000000001, Y={ $auto$wreduce.cc:513:run$18148 [63:52] $auto$wreduce.cc:513:run$18148 [14:12] $auto$wreduce.cc:513:run$18148 [10] $auto$wreduce.cc:513:run$18148 [4] }
      New connections: { $auto$wreduce.cc:513:run$18148 [94:64] $auto$wreduce.cc:513:run$18148 [51:15] $auto$wreduce.cc:513:run$18148 [11] $auto$wreduce.cc:513:run$18148 [9:5] $auto$wreduce.cc:513:run$18148 [3:0] } = { $auto$wreduce.cc:513:run$18148 [10] $auto$wreduce.cc:513:run$18148 [10] $auto$wreduce.cc:513:run$18148 [10] $auto$wreduce.cc:513:run$18148 [10] 1'0 $auto$wreduce.cc:513:run$18148 [10] $auto$wreduce.cc:513:run$18148 [10] 2'00 $auto$wreduce.cc:513:run$18148 [10] 7'0000000 $auto$wreduce.cc:513:run$18148 [10] 2'00 $auto$wreduce.cc:513:run$18148 [10] 3'000 $auto$wreduce.cc:513:run$18148 [10] $auto$wreduce.cc:513:run$18148 [10] 6'100110 $auto$wreduce.cc:513:run$18148 [10] 5'00000 $auto$wreduce.cc:513:run$18148 [10] 5'00000 $auto$wreduce.cc:513:run$18148 [10] $auto$wreduce.cc:513:run$18148 [10] 7'1001100 $auto$wreduce.cc:513:run$18148 [10] $auto$wreduce.cc:513:run$18148 [10] $auto$wreduce.cc:513:run$18148 [10] 8'00000000 $auto$wreduce.cc:513:run$18148 [10] 1'0 $auto$wreduce.cc:513:run$18148 [10] 11'00000000011 }
    Consolidated identical input bits for $mux cell $procmux$6979:
      Old ports: A=31'1111011001001000001000001110011, B={ 16'0111000000001010 \u_control_shell.u_dm.i_dm_csrs.command_q [22:20] \u_control_shell.u_dm.i_dm_csrs.command_q [4:0] 4'0000 $auto$wreduce.cc:513:run$18142 [2:0] }, Y=$auto$wreduce.cc:513:run$18150 [30:0]
      New ports: A=13'0001000001011, B={ 1'1 \u_control_shell.u_dm.i_dm_csrs.command_q [22:20] \u_control_shell.u_dm.i_dm_csrs.command_q [4:0] 1'0 $auto$wreduce.cc:513:run$18142 [2:0] }, Y={ $auto$wreduce.cc:513:run$18150 [16] $auto$wreduce.cc:513:run$18150 [14:7] $auto$wreduce.cc:513:run$18150 [4] $auto$wreduce.cc:513:run$18150 [2:0] }
      New connections: { $auto$wreduce.cc:513:run$18150 [30:17] $auto$wreduce.cc:513:run$18150 [15] $auto$wreduce.cc:513:run$18150 [6:5] $auto$wreduce.cc:513:run$18150 [3] } = { $auto$wreduce.cc:513:run$18150 [4] 4'1110 $auto$wreduce.cc:513:run$18150 [4] $auto$wreduce.cc:513:run$18150 [4] 2'00 $auto$wreduce.cc:513:run$18150 [4] 5'00100 $auto$wreduce.cc:513:run$18150 [4] $auto$wreduce.cc:513:run$18150 [4] 1'0 }
    Consolidated identical input bits for $mux cell $procmux$6995:
      Old ports: A={ $auto$wreduce.cc:513:run$18148 [94:0] 1'0 $auto$wreduce.cc:513:run$18150 [30:0] }, B={ 80'11110110010000000100100011100110111101100110100000100000111001100111000000001010 \u_control_shell.u_dm.i_dm_csrs.command_q [22:20] 44'01000000001101111011001001000001000001110011 }, Y=$auto$wreduce.cc:513:run$18151 [126:0]
      New ports: A={ $auto$wreduce.cc:513:run$18148 [94:0] $auto$wreduce.cc:513:run$18150 [30:0] }, B={ 80'11110110010000000100100011100110111101100110100000100000111001100111000000001010 \u_control_shell.u_dm.i_dm_csrs.command_q [22:20] 43'0100000000111111011001001000001000001110011 }, Y={ $auto$wreduce.cc:513:run$18151 [126:32] $auto$wreduce.cc:513:run$18151 [30:0] }
      New connections: $auto$wreduce.cc:513:run$18151 [31] = 1'0
    Consolidated identical input bits for $mux cell $procmux$7026:
      Old ports: A=31'1111011001101010001000001110011, B=31'0000000000100000000000001110011, Y=$auto$wreduce.cc:513:run$18146 [30:0]
      New ports: A=1'1, B=1'0, Y=$auto$wreduce.cc:513:run$18146 [12]
      New connections: { $auto$wreduce.cc:513:run$18146 [30:13] $auto$wreduce.cc:513:run$18146 [11:0] } = { $auto$wreduce.cc:513:run$18146 [12] $auto$wreduce.cc:513:run$18146 [12] $auto$wreduce.cc:513:run$18146 [12] $auto$wreduce.cc:513:run$18146 [12] 1'0 $auto$wreduce.cc:513:run$18146 [12] $auto$wreduce.cc:513:run$18146 [12] 2'00 $auto$wreduce.cc:513:run$18146 [12] 2'10 $auto$wreduce.cc:513:run$18146 [12] 1'0 $auto$wreduce.cc:513:run$18146 [12] 15'000000001110011 }
    Consolidated identical input bits for $mux cell $125:
      Old ports: A={ \u_control_shell.u_core.u_ibex_core.if_stage_i.gen_prefetch_buffer.prefetch_buffer_i.fifo_i.in_rdata_i [15:0] \u_control_shell.u_core.u_ibex_core.if_stage_i.gen_prefetch_buffer.prefetch_buffer_i.fifo_i.rdata [31:16] }, B={ \u_control_shell.u_core.u_ibex_core.if_stage_i.gen_prefetch_buffer.prefetch_buffer_i.fifo_i.rdata_q [47:32] \u_control_shell.u_core.u_ibex_core.if_stage_i.gen_prefetch_buffer.prefetch_buffer_i.fifo_i.rdata [31:16] }, Y=\u_control_shell.u_core.u_ibex_core.if_stage_i.gen_prefetch_buffer.prefetch_buffer_i.fifo_i.rdata_unaligned
      New ports: A=\u_control_shell.u_core.u_ibex_core.if_stage_i.gen_prefetch_buffer.prefetch_buffer_i.fifo_i.in_rdata_i [15:0], B=\u_control_shell.u_core.u_ibex_core.if_stage_i.gen_prefetch_buffer.prefetch_buffer_i.fifo_i.rdata_q [47:32], Y=\u_control_shell.u_core.u_ibex_core.if_stage_i.gen_prefetch_buffer.prefetch_buffer_i.fifo_i.rdata_unaligned [31:16]
      New connections: \u_control_shell.u_core.u_ibex_core.if_stage_i.gen_prefetch_buffer.prefetch_buffer_i.fifo_i.rdata_unaligned [15:0] = \u_control_shell.u_core.u_ibex_core.if_stage_i.gen_prefetch_buffer.prefetch_buffer_i.fifo_i.rdata [31:16]
    Consolidated identical input bits for $mux cell $procmux$743:
      Old ports: A=4'0101, B=4'0110, Y=$procmux$743_Y
      New ports: A=2'01, B=2'10, Y=$procmux$743_Y [1:0]
      New connections: $procmux$743_Y [3:2] = 2'01
    Consolidated identical input bits for $mux cell $procmux$810:
      Old ports: A=4'0010, B=4'0011, Y=$procmux$810_Y
      New ports: A=1'0, B=1'1, Y=$procmux$810_Y [0]
      New connections: $procmux$810_Y [3:1] = 3'001
    New ctrl vector for $pmux cell $procmux$833: { $procmux$699_CMP $procmux$705_CMP $auto$opt_reduce.cc:137:opt_pmux$20329 $procmux$735_CMP $auto$opt_reduce.cc:137:opt_pmux$20327 $procmux$799_CMP }
    Consolidated identical input bits for $pmux cell $procmux$8334:
      Old ports: A=1'0, B=2'00, Y=\u_control_shell.u_core.u_ibex_core.load_store_unit_i.pmp_err_d
      New connections: \u_control_shell.u_core.u_ibex_core.load_store_unit_i.pmp_err_d = 1'0
    Consolidated identical input bits for $mux cell $procmux$8448:
      Old ports: A={ 24'000000000000000000000000 \u_control_shell.u_core.u_ibex_core.load_store_unit_i.data_rdata_i [31:24] }, B={ \u_control_shell.u_core.u_ibex_core.load_store_unit_i.data_rdata_i [31] \u_control_shell.u_core.u_ibex_core.load_store_unit_i.data_rdata_i [31] \u_control_shell.u_core.u_ibex_core.load_store_unit_i.data_rdata_i [31] \u_control_shell.u_core.u_ibex_core.load_store_unit_i.data_rdata_i [31] \u_control_shell.u_core.u_ibex_core.load_store_unit_i.data_rdata_i [31] \u_control_shell.u_core.u_ibex_core.load_store_unit_i.data_rdata_i [31] \u_control_shell.u_core.u_ibex_core.load_store_unit_i.data_rdata_i [31] \u_control_shell.u_core.u_ibex_core.load_store_unit_i.data_rdata_i [31] \u_control_shell.u_core.u_ibex_core.load_store_unit_i.data_rdata_i [31] \u_control_shell.u_core.u_ibex_core.load_store_unit_i.data_rdata_i [31] \u_control_shell.u_core.u_ibex_core.load_store_unit_i.data_rdata_i [31] \u_control_shell.u_core.u_ibex_core.load_store_unit_i.data_rdata_i [31] \u_control_shell.u_core.u_ibex_core.load_store_unit_i.data_rdata_i [31] \u_control_shell.u_core.u_ibex_core.load_store_unit_i.data_rdata_i [31] \u_control_shell.u_core.u_ibex_core.load_store_unit_i.data_rdata_i [31] \u_control_shell.u_core.u_ibex_core.load_store_unit_i.data_rdata_i [31] \u_control_shell.u_core.u_ibex_core.load_store_unit_i.data_rdata_i [31] \u_control_shell.u_core.u_ibex_core.load_store_unit_i.data_rdata_i [31] \u_control_shell.u_core.u_ibex_core.load_store_unit_i.data_rdata_i [31] \u_control_shell.u_core.u_ibex_core.load_store_unit_i.data_rdata_i [31] \u_control_shell.u_core.u_ibex_core.load_store_unit_i.data_rdata_i [31] \u_control_shell.u_core.u_ibex_core.load_store_unit_i.data_rdata_i [31] \u_control_shell.u_core.u_ibex_core.load_store_unit_i.data_rdata_i [31] \u_control_shell.u_core.u_ibex_core.load_store_unit_i.data_rdata_i [31] \u_control_shell.u_core.u_ibex_core.load_store_unit_i.data_rdata_i [31:24] }, Y=$procmux$8448_Y
      New ports: A=1'0, B=\u_control_shell.u_core.u_ibex_core.load_store_unit_i.data_rdata_i [31], Y=$procmux$8448_Y [8]
      New connections: { $procmux$8448_Y [31:9] $procmux$8448_Y [7:0] } = { $procmux$8448_Y [8] $procmux$8448_Y [8] $procmux$8448_Y [8] $procmux$8448_Y [8] $procmux$8448_Y [8] $procmux$8448_Y [8] $procmux$8448_Y [8] $procmux$8448_Y [8] $procmux$8448_Y [8] $procmux$8448_Y [8] $procmux$8448_Y [8] $procmux$8448_Y [8] $procmux$8448_Y [8] $procmux$8448_Y [8] $procmux$8448_Y [8] $procmux$8448_Y [8] $procmux$8448_Y [8] $procmux$8448_Y [8] $procmux$8448_Y [8] $procmux$8448_Y [8] $procmux$8448_Y [8] $procmux$8448_Y [8] $procmux$8448_Y [8] \u_control_shell.u_core.u_ibex_core.load_store_unit_i.data_rdata_i [31:24] }
    Consolidated identical input bits for $mux cell $procmux$8454:
      Old ports: A={ 24'000000000000000000000000 \u_control_shell.u_core.u_ibex_core.load_store_unit_i.data_rdata_i [23:16] }, B={ \u_control_shell.u_core.u_ibex_core.load_store_unit_i.data_rdata_i [23] \u_control_shell.u_core.u_ibex_core.load_store_unit_i.data_rdata_i [23] \u_control_shell.u_core.u_ibex_core.load_store_unit_i.data_rdata_i [23] \u_control_shell.u_core.u_ibex_core.load_store_unit_i.data_rdata_i [23] \u_control_shell.u_core.u_ibex_core.load_store_unit_i.data_rdata_i [23] \u_control_shell.u_core.u_ibex_core.load_store_unit_i.data_rdata_i [23] \u_control_shell.u_core.u_ibex_core.load_store_unit_i.data_rdata_i [23] \u_control_shell.u_core.u_ibex_core.load_store_unit_i.data_rdata_i [23] \u_control_shell.u_core.u_ibex_core.load_store_unit_i.data_rdata_i [23] \u_control_shell.u_core.u_ibex_core.load_store_unit_i.data_rdata_i [23] \u_control_shell.u_core.u_ibex_core.load_store_unit_i.data_rdata_i [23] \u_control_shell.u_core.u_ibex_core.load_store_unit_i.data_rdata_i [23] \u_control_shell.u_core.u_ibex_core.load_store_unit_i.data_rdata_i [23] \u_control_shell.u_core.u_ibex_core.load_store_unit_i.data_rdata_i [23] \u_control_shell.u_core.u_ibex_core.load_store_unit_i.data_rdata_i [23] \u_control_shell.u_core.u_ibex_core.load_store_unit_i.data_rdata_i [23] \u_control_shell.u_core.u_ibex_core.load_store_unit_i.data_rdata_i [23] \u_control_shell.u_core.u_ibex_core.load_store_unit_i.data_rdata_i [23] \u_control_shell.u_core.u_ibex_core.load_store_unit_i.data_rdata_i [23] \u_control_shell.u_core.u_ibex_core.load_store_unit_i.data_rdata_i [23] \u_control_shell.u_core.u_ibex_core.load_store_unit_i.data_rdata_i [23] \u_control_shell.u_core.u_ibex_core.load_store_unit_i.data_rdata_i [23] \u_control_shell.u_core.u_ibex_core.load_store_unit_i.data_rdata_i [23] \u_control_shell.u_core.u_ibex_core.load_store_unit_i.data_rdata_i [23] \u_control_shell.u_core.u_ibex_core.load_store_unit_i.data_rdata_i [23:16] }, Y=$procmux$8454_Y
      New ports: A=1'0, B=\u_control_shell.u_core.u_ibex_core.load_store_unit_i.data_rdata_i [23], Y=$procmux$8454_Y [8]
      New connections: { $procmux$8454_Y [31:9] $procmux$8454_Y [7:0] } = { $procmux$8454_Y [8] $procmux$8454_Y [8] $procmux$8454_Y [8] $procmux$8454_Y [8] $procmux$8454_Y [8] $procmux$8454_Y [8] $procmux$8454_Y [8] $procmux$8454_Y [8] $procmux$8454_Y [8] $procmux$8454_Y [8] $procmux$8454_Y [8] $procmux$8454_Y [8] $procmux$8454_Y [8] $procmux$8454_Y [8] $procmux$8454_Y [8] $procmux$8454_Y [8] $procmux$8454_Y [8] $procmux$8454_Y [8] $procmux$8454_Y [8] $procmux$8454_Y [8] $procmux$8454_Y [8] $procmux$8454_Y [8] $procmux$8454_Y [8] \u_control_shell.u_core.u_ibex_core.load_store_unit_i.data_rdata_i [23:16] }
    Consolidated identical input bits for $mux cell $procmux$8461:
      Old ports: A={ 24'000000000000000000000000 \u_control_shell.u_core.u_ibex_core.load_store_unit_i.data_rdata_i [15:8] }, B={ \u_control_shell.u_core.u_ibex_core.load_store_unit_i.data_rdata_i [15] \u_control_shell.u_core.u_ibex_core.load_store_unit_i.data_rdata_i [15] \u_control_shell.u_core.u_ibex_core.load_store_unit_i.data_rdata_i [15] \u_control_shell.u_core.u_ibex_core.load_store_unit_i.data_rdata_i [15] \u_control_shell.u_core.u_ibex_core.load_store_unit_i.data_rdata_i [15] \u_control_shell.u_core.u_ibex_core.load_store_unit_i.data_rdata_i [15] \u_control_shell.u_core.u_ibex_core.load_store_unit_i.data_rdata_i [15] \u_control_shell.u_core.u_ibex_core.load_store_unit_i.data_rdata_i [15] \u_control_shell.u_core.u_ibex_core.load_store_unit_i.data_rdata_i [15] \u_control_shell.u_core.u_ibex_core.load_store_unit_i.data_rdata_i [15] \u_control_shell.u_core.u_ibex_core.load_store_unit_i.data_rdata_i [15] \u_control_shell.u_core.u_ibex_core.load_store_unit_i.data_rdata_i [15] \u_control_shell.u_core.u_ibex_core.load_store_unit_i.data_rdata_i [15] \u_control_shell.u_core.u_ibex_core.load_store_unit_i.data_rdata_i [15] \u_control_shell.u_core.u_ibex_core.load_store_unit_i.data_rdata_i [15] \u_control_shell.u_core.u_ibex_core.load_store_unit_i.data_rdata_i [15] \u_control_shell.u_core.u_ibex_core.load_store_unit_i.data_rdata_i [15] \u_control_shell.u_core.u_ibex_core.load_store_unit_i.data_rdata_i [15] \u_control_shell.u_core.u_ibex_core.load_store_unit_i.data_rdata_i [15] \u_control_shell.u_core.u_ibex_core.load_store_unit_i.data_rdata_i [15] \u_control_shell.u_core.u_ibex_core.load_store_unit_i.data_rdata_i [15] \u_control_shell.u_core.u_ibex_core.load_store_unit_i.data_rdata_i [15] \u_control_shell.u_core.u_ibex_core.load_store_unit_i.data_rdata_i [15] \u_control_shell.u_core.u_ibex_core.load_store_unit_i.data_rdata_i [15] \u_control_shell.u_core.u_ibex_core.load_store_unit_i.data_rdata_i [15:8] }, Y=$procmux$8461_Y
      New ports: A=1'0, B=\u_control_shell.u_core.u_ibex_core.load_store_unit_i.data_rdata_i [15], Y=$procmux$8461_Y [8]
      New connections: { $procmux$8461_Y [31:9] $procmux$8461_Y [7:0] } = { $procmux$8461_Y [8] $procmux$8461_Y [8] $procmux$8461_Y [8] $procmux$8461_Y [8] $procmux$8461_Y [8] $procmux$8461_Y [8] $procmux$8461_Y [8] $procmux$8461_Y [8] $procmux$8461_Y [8] $procmux$8461_Y [8] $procmux$8461_Y [8] $procmux$8461_Y [8] $procmux$8461_Y [8] $procmux$8461_Y [8] $procmux$8461_Y [8] $procmux$8461_Y [8] $procmux$8461_Y [8] $procmux$8461_Y [8] $procmux$8461_Y [8] $procmux$8461_Y [8] $procmux$8461_Y [8] $procmux$8461_Y [8] $procmux$8461_Y [8] \u_control_shell.u_core.u_ibex_core.load_store_unit_i.data_rdata_i [15:8] }
    Consolidated identical input bits for $mux cell $procmux$8478:
      Old ports: A={ 24'000000000000000000000000 \u_control_shell.u_core.u_ibex_core.load_store_unit_i.data_rdata_i [7:0] }, B={ \u_control_shell.u_core.u_ibex_core.load_store_unit_i.data_rdata_i [7] \u_control_shell.u_core.u_ibex_core.load_store_unit_i.data_rdata_i [7] \u_control_shell.u_core.u_ibex_core.load_store_unit_i.data_rdata_i [7] \u_control_shell.u_core.u_ibex_core.load_store_unit_i.data_rdata_i [7] \u_control_shell.u_core.u_ibex_core.load_store_unit_i.data_rdata_i [7] \u_control_shell.u_core.u_ibex_core.load_store_unit_i.data_rdata_i [7] \u_control_shell.u_core.u_ibex_core.load_store_unit_i.data_rdata_i [7] \u_control_shell.u_core.u_ibex_core.load_store_unit_i.data_rdata_i [7] \u_control_shell.u_core.u_ibex_core.load_store_unit_i.data_rdata_i [7] \u_control_shell.u_core.u_ibex_core.load_store_unit_i.data_rdata_i [7] \u_control_shell.u_core.u_ibex_core.load_store_unit_i.data_rdata_i [7] \u_control_shell.u_core.u_ibex_core.load_store_unit_i.data_rdata_i [7] \u_control_shell.u_core.u_ibex_core.load_store_unit_i.data_rdata_i [7] \u_control_shell.u_core.u_ibex_core.load_store_unit_i.data_rdata_i [7] \u_control_shell.u_core.u_ibex_core.load_store_unit_i.data_rdata_i [7] \u_control_shell.u_core.u_ibex_core.load_store_unit_i.data_rdata_i [7] \u_control_shell.u_core.u_ibex_core.load_store_unit_i.data_rdata_i [7] \u_control_shell.u_core.u_ibex_core.load_store_unit_i.data_rdata_i [7] \u_control_shell.u_core.u_ibex_core.load_store_unit_i.data_rdata_i [7] \u_control_shell.u_core.u_ibex_core.load_store_unit_i.data_rdata_i [7] \u_control_shell.u_core.u_ibex_core.load_store_unit_i.data_rdata_i [7] \u_control_shell.u_core.u_ibex_core.load_store_unit_i.data_rdata_i [7] \u_control_shell.u_core.u_ibex_core.load_store_unit_i.data_rdata_i [7] \u_control_shell.u_core.u_ibex_core.load_store_unit_i.data_rdata_i [7] \u_control_shell.u_core.u_ibex_core.load_store_unit_i.data_rdata_i [7:0] }, Y=$procmux$8478_Y
      New ports: A=1'0, B=\u_control_shell.u_core.u_ibex_core.load_store_unit_i.data_rdata_i [7], Y=$procmux$8478_Y [8]
      New connections: { $procmux$8478_Y [31:9] $procmux$8478_Y [7:0] } = { $procmux$8478_Y [8] $procmux$8478_Y [8] $procmux$8478_Y [8] $procmux$8478_Y [8] $procmux$8478_Y [8] $procmux$8478_Y [8] $procmux$8478_Y [8] $procmux$8478_Y [8] $procmux$8478_Y [8] $procmux$8478_Y [8] $procmux$8478_Y [8] $procmux$8478_Y [8] $procmux$8478_Y [8] $procmux$8478_Y [8] $procmux$8478_Y [8] $procmux$8478_Y [8] $procmux$8478_Y [8] $procmux$8478_Y [8] $procmux$8478_Y [8] $procmux$8478_Y [8] $procmux$8478_Y [8] $procmux$8478_Y [8] $procmux$8478_Y [8] \u_control_shell.u_core.u_ibex_core.load_store_unit_i.data_rdata_i [7:0] }
    Consolidated identical input bits for $mux cell $procmux$8483:
      Old ports: A={ 16'0000000000000000 \u_control_shell.u_core.u_ibex_core.load_store_unit_i.data_rdata_i [7:0] \u_control_shell.u_core.u_ibex_core.load_store_unit_i.rdata_q [23:16] }, B={ \u_control_shell.u_core.u_ibex_core.load_store_unit_i.data_rdata_i [7] \u_control_shell.u_core.u_ibex_core.load_store_unit_i.data_rdata_i [7] \u_control_shell.u_core.u_ibex_core.load_store_unit_i.data_rdata_i [7] \u_control_shell.u_core.u_ibex_core.load_store_unit_i.data_rdata_i [7] \u_control_shell.u_core.u_ibex_core.load_store_unit_i.data_rdata_i [7] \u_control_shell.u_core.u_ibex_core.load_store_unit_i.data_rdata_i [7] \u_control_shell.u_core.u_ibex_core.load_store_unit_i.data_rdata_i [7] \u_control_shell.u_core.u_ibex_core.load_store_unit_i.data_rdata_i [7] \u_control_shell.u_core.u_ibex_core.load_store_unit_i.data_rdata_i [7] \u_control_shell.u_core.u_ibex_core.load_store_unit_i.data_rdata_i [7] \u_control_shell.u_core.u_ibex_core.load_store_unit_i.data_rdata_i [7] \u_control_shell.u_core.u_ibex_core.load_store_unit_i.data_rdata_i [7] \u_control_shell.u_core.u_ibex_core.load_store_unit_i.data_rdata_i [7] \u_control_shell.u_core.u_ibex_core.load_store_unit_i.data_rdata_i [7] \u_control_shell.u_core.u_ibex_core.load_store_unit_i.data_rdata_i [7] \u_control_shell.u_core.u_ibex_core.load_store_unit_i.data_rdata_i [7] \u_control_shell.u_core.u_ibex_core.load_store_unit_i.data_rdata_i [7:0] \u_control_shell.u_core.u_ibex_core.load_store_unit_i.rdata_q [23:16] }, Y=$procmux$8483_Y
      New ports: A=1'0, B=\u_control_shell.u_core.u_ibex_core.load_store_unit_i.data_rdata_i [7], Y=$procmux$8483_Y [16]
      New connections: { $procmux$8483_Y [31:17] $procmux$8483_Y [15:0] } = { $procmux$8483_Y [16] $procmux$8483_Y [16] $procmux$8483_Y [16] $procmux$8483_Y [16] $procmux$8483_Y [16] $procmux$8483_Y [16] $procmux$8483_Y [16] $procmux$8483_Y [16] $procmux$8483_Y [16] $procmux$8483_Y [16] $procmux$8483_Y [16] $procmux$8483_Y [16] $procmux$8483_Y [16] $procmux$8483_Y [16] $procmux$8483_Y [16] \u_control_shell.u_core.u_ibex_core.load_store_unit_i.data_rdata_i [7:0] \u_control_shell.u_core.u_ibex_core.load_store_unit_i.rdata_q [23:16] }
    Consolidated identical input bits for $mux cell $procmux$8489:
      Old ports: A={ 16'0000000000000000 \u_control_shell.u_core.u_ibex_core.load_store_unit_i.data_rdata_i [31:16] }, B={ \u_control_shell.u_core.u_ibex_core.load_store_unit_i.data_rdata_i [31] \u_control_shell.u_core.u_ibex_core.load_store_unit_i.data_rdata_i [31] \u_control_shell.u_core.u_ibex_core.load_store_unit_i.data_rdata_i [31] \u_control_shell.u_core.u_ibex_core.load_store_unit_i.data_rdata_i [31] \u_control_shell.u_core.u_ibex_core.load_store_unit_i.data_rdata_i [31] \u_control_shell.u_core.u_ibex_core.load_store_unit_i.data_rdata_i [31] \u_control_shell.u_core.u_ibex_core.load_store_unit_i.data_rdata_i [31] \u_control_shell.u_core.u_ibex_core.load_store_unit_i.data_rdata_i [31] \u_control_shell.u_core.u_ibex_core.load_store_unit_i.data_rdata_i [31] \u_control_shell.u_core.u_ibex_core.load_store_unit_i.data_rdata_i [31] \u_control_shell.u_core.u_ibex_core.load_store_unit_i.data_rdata_i [31] \u_control_shell.u_core.u_ibex_core.load_store_unit_i.data_rdata_i [31] \u_control_shell.u_core.u_ibex_core.load_store_unit_i.data_rdata_i [31] \u_control_shell.u_core.u_ibex_core.load_store_unit_i.data_rdata_i [31] \u_control_shell.u_core.u_ibex_core.load_store_unit_i.data_rdata_i [31] \u_control_shell.u_core.u_ibex_core.load_store_unit_i.data_rdata_i [31] \u_control_shell.u_core.u_ibex_core.load_store_unit_i.data_rdata_i [31:16] }, Y=$procmux$8489_Y
      New ports: A=1'0, B=\u_control_shell.u_core.u_ibex_core.load_store_unit_i.data_rdata_i [31], Y=$procmux$8489_Y [16]
      New connections: { $procmux$8489_Y [31:17] $procmux$8489_Y [15:0] } = { $procmux$8489_Y [16] $procmux$8489_Y [16] $procmux$8489_Y [16] $procmux$8489_Y [16] $procmux$8489_Y [16] $procmux$8489_Y [16] $procmux$8489_Y [16] $procmux$8489_Y [16] $procmux$8489_Y [16] $procmux$8489_Y [16] $procmux$8489_Y [16] $procmux$8489_Y [16] $procmux$8489_Y [16] $procmux$8489_Y [16] $procmux$8489_Y [16] \u_control_shell.u_core.u_ibex_core.load_store_unit_i.data_rdata_i [31:16] }
    Consolidated identical input bits for $mux cell $procmux$8496:
      Old ports: A={ 16'0000000000000000 \u_control_shell.u_core.u_ibex_core.load_store_unit_i.data_rdata_i [23:8] }, B={ \u_control_shell.u_core.u_ibex_core.load_store_unit_i.data_rdata_i [23] \u_control_shell.u_core.u_ibex_core.load_store_unit_i.data_rdata_i [23] \u_control_shell.u_core.u_ibex_core.load_store_unit_i.data_rdata_i [23] \u_control_shell.u_core.u_ibex_core.load_store_unit_i.data_rdata_i [23] \u_control_shell.u_core.u_ibex_core.load_store_unit_i.data_rdata_i [23] \u_control_shell.u_core.u_ibex_core.load_store_unit_i.data_rdata_i [23] \u_control_shell.u_core.u_ibex_core.load_store_unit_i.data_rdata_i [23] \u_control_shell.u_core.u_ibex_core.load_store_unit_i.data_rdata_i [23] \u_control_shell.u_core.u_ibex_core.load_store_unit_i.data_rdata_i [23] \u_control_shell.u_core.u_ibex_core.load_store_unit_i.data_rdata_i [23] \u_control_shell.u_core.u_ibex_core.load_store_unit_i.data_rdata_i [23] \u_control_shell.u_core.u_ibex_core.load_store_unit_i.data_rdata_i [23] \u_control_shell.u_core.u_ibex_core.load_store_unit_i.data_rdata_i [23] \u_control_shell.u_core.u_ibex_core.load_store_unit_i.data_rdata_i [23] \u_control_shell.u_core.u_ibex_core.load_store_unit_i.data_rdata_i [23] \u_control_shell.u_core.u_ibex_core.load_store_unit_i.data_rdata_i [23] \u_control_shell.u_core.u_ibex_core.load_store_unit_i.data_rdata_i [23:8] }, Y=$procmux$8496_Y
      New ports: A=1'0, B=\u_control_shell.u_core.u_ibex_core.load_store_unit_i.data_rdata_i [23], Y=$procmux$8496_Y [16]
      New connections: { $procmux$8496_Y [31:17] $procmux$8496_Y [15:0] } = { $procmux$8496_Y [16] $procmux$8496_Y [16] $procmux$8496_Y [16] $procmux$8496_Y [16] $procmux$8496_Y [16] $procmux$8496_Y [16] $procmux$8496_Y [16] $procmux$8496_Y [16] $procmux$8496_Y [16] $procmux$8496_Y [16] $procmux$8496_Y [16] $procmux$8496_Y [16] $procmux$8496_Y [16] $procmux$8496_Y [16] $procmux$8496_Y [16] \u_control_shell.u_core.u_ibex_core.load_store_unit_i.data_rdata_i [23:8] }
    Consolidated identical input bits for $mux cell $procmux$8513:
      Old ports: A={ 16'0000000000000000 \u_control_shell.u_core.u_ibex_core.load_store_unit_i.data_rdata_i [15:0] }, B={ \u_control_shell.u_core.u_ibex_core.load_store_unit_i.data_rdata_i [15] \u_control_shell.u_core.u_ibex_core.load_store_unit_i.data_rdata_i [15] \u_control_shell.u_core.u_ibex_core.load_store_unit_i.data_rdata_i [15] \u_control_shell.u_core.u_ibex_core.load_store_unit_i.data_rdata_i [15] \u_control_shell.u_core.u_ibex_core.load_store_unit_i.data_rdata_i [15] \u_control_shell.u_core.u_ibex_core.load_store_unit_i.data_rdata_i [15] \u_control_shell.u_core.u_ibex_core.load_store_unit_i.data_rdata_i [15] \u_control_shell.u_core.u_ibex_core.load_store_unit_i.data_rdata_i [15] \u_control_shell.u_core.u_ibex_core.load_store_unit_i.data_rdata_i [15] \u_control_shell.u_core.u_ibex_core.load_store_unit_i.data_rdata_i [15] \u_control_shell.u_core.u_ibex_core.load_store_unit_i.data_rdata_i [15] \u_control_shell.u_core.u_ibex_core.load_store_unit_i.data_rdata_i [15] \u_control_shell.u_core.u_ibex_core.load_store_unit_i.data_rdata_i [15] \u_control_shell.u_core.u_ibex_core.load_store_unit_i.data_rdata_i [15] \u_control_shell.u_core.u_ibex_core.load_store_unit_i.data_rdata_i [15] \u_control_shell.u_core.u_ibex_core.load_store_unit_i.data_rdata_i [15] \u_control_shell.u_core.u_ibex_core.load_store_unit_i.data_rdata_i [15:0] }, Y=$procmux$8513_Y
      New ports: A=1'0, B=\u_control_shell.u_core.u_ibex_core.load_store_unit_i.data_rdata_i [15], Y=$procmux$8513_Y [16]
      New connections: { $procmux$8513_Y [31:17] $procmux$8513_Y [15:0] } = { $procmux$8513_Y [16] $procmux$8513_Y [16] $procmux$8513_Y [16] $procmux$8513_Y [16] $procmux$8513_Y [16] $procmux$8513_Y [16] $procmux$8513_Y [16] $procmux$8513_Y [16] $procmux$8513_Y [16] $procmux$8513_Y [16] $procmux$8513_Y [16] $procmux$8513_Y [16] $procmux$8513_Y [16] $procmux$8513_Y [16] $procmux$8513_Y [16] \u_control_shell.u_core.u_ibex_core.load_store_unit_i.data_rdata_i [15:0] }
    Consolidated identical input bits for $pmux cell $procmux$8624:
      Old ports: A=4'0000, B=12'000100110111, Y=$procmux$8624_Y
      New ports: A=3'000, B=9'001011111, Y=$procmux$8624_Y [2:0]
      New connections: $procmux$8624_Y [3] = 1'0
    Consolidated identical input bits for $pmux cell $procmux$8652:
      Old ports: A=4'1111, B=12'111011001000, Y=$procmux$8652_Y
      New ports: A=3'111, B=9'110100000, Y=$procmux$8652_Y [2:0]
      New connections: $procmux$8652_Y [3] = 1'1
    Consolidated identical input bits for $mux cell $procmux$8715:
      Old ports: A={ 2'00 \u_control_shell.u_core.u_ibex_core.ex_block_i.gen_multdiv_fast.multdiv_i.op_a_i }, B=34'1111111111111111111111111111111111, Y=$procmux$8715_Y
      New ports: A={ 1'0 \u_control_shell.u_core.u_ibex_core.ex_block_i.gen_multdiv_fast.multdiv_i.op_a_i }, B=33'111111111111111111111111111111111, Y=$procmux$8715_Y [32:0]
      New connections: $procmux$8715_Y [33] = $procmux$8715_Y [32]
    Consolidated identical input bits for $pmux cell $procmux$8793:
      Old ports: A={ $2396y 1'1 }, B={ $2423y 1'1 $2415y 1'1 $2409y 1'1 }, Y=\u_control_shell.u_core.u_ibex_core.ex_block_i.alu_i.multdiv_operand_b_i
      New ports: A=$2396y, B={ $2423y $2415y $2409y }, Y=\u_control_shell.u_core.u_ibex_core.ex_block_i.alu_i.multdiv_operand_b_i [32:1]
      New connections: \u_control_shell.u_core.u_ibex_core.ex_block_i.alu_i.multdiv_operand_b_i [0] = 1'1
    Consolidated identical input bits for $mux cell $procmux$8807:
      Old ports: A=33'000000000000000000000000000000001, B={ \u_control_shell.u_core.u_ibex_core.id_stage_i.imd_val_q [65:34] 1'1 }, Y=\u_control_shell.u_core.u_ibex_core.ex_block_i.alu_i.multdiv_operand_a_i
      New ports: A=0, B=\u_control_shell.u_core.u_ibex_core.id_stage_i.imd_val_q [65:34], Y=\u_control_shell.u_core.u_ibex_core.ex_block_i.alu_i.multdiv_operand_a_i [32:1]
      New connections: \u_control_shell.u_core.u_ibex_core.ex_block_i.alu_i.multdiv_operand_a_i [0] = 1'1
    Consolidated identical input bits for $mux cell $procmux$8818:
      Old ports: A=2'11, B=2'00, Y=$procmux$8818_Y
      New ports: A=1'1, B=1'0, Y=$procmux$8818_Y [0]
      New connections: $procmux$8818_Y [1] = $procmux$8818_Y [0]
    Consolidated identical input bits for $mux cell $memory$auto$memory_bmux2rom.cc:63:execute$18996$rdmux[0][4][4]$20276:
      Old ports: A=64'0000001000000100000111000110001100000000000101000111010000010011, B=64'0000000010100100000001000011001111110001010000000010010001110011, Y=$memory$auto$memory_bmux2rom.cc:63:execute$18996$rdmux[0][3][2]$a$20247
      New ports: A=2'10, B=2'01, Y={ $memory$auto$memory_bmux2rom.cc:63:execute$18996$rdmux[0][3][2]$a$20247 [12] $memory$auto$memory_bmux2rom.cc:63:execute$18996$rdmux[0][3][2]$a$20247 [5] }
      New connections: { $memory$auto$memory_bmux2rom.cc:63:execute$18996$rdmux[0][3][2]$a$20247 [63:13] $memory$auto$memory_bmux2rom.cc:63:execute$18996$rdmux[0][3][2]$a$20247 [11:6] $memory$auto$memory_bmux2rom.cc:63:execute$18996$rdmux[0][3][2]$a$20247 [4:0] } = { 6'000000 $memory$auto$memory_bmux2rom.cc:63:execute$18996$rdmux[0][3][2]$a$20247 [12] 1'0 $memory$auto$memory_bmux2rom.cc:63:execute$18996$rdmux[0][3][2]$a$20247 [5] 1'0 $memory$auto$memory_bmux2rom.cc:63:execute$18996$rdmux[0][3][2]$a$20247 [5] 8'00100000 $memory$auto$memory_bmux2rom.cc:63:execute$18996$rdmux[0][3][2]$a$20247 [12] $memory$auto$memory_bmux2rom.cc:63:execute$18996$rdmux[0][3][2]$a$20247 [12] 4'1000 $memory$auto$memory_bmux2rom.cc:63:execute$18996$rdmux[0][3][2]$a$20247 [12] 1'1 $memory$auto$memory_bmux2rom.cc:63:execute$18996$rdmux[0][3][2]$a$20247 [5] 4'0011 $memory$auto$memory_bmux2rom.cc:63:execute$18996$rdmux[0][3][2]$a$20247 [5] $memory$auto$memory_bmux2rom.cc:63:execute$18996$rdmux[0][3][2]$a$20247 [5] $memory$auto$memory_bmux2rom.cc:63:execute$18996$rdmux[0][3][2]$a$20247 [5] $memory$auto$memory_bmux2rom.cc:63:execute$18996$rdmux[0][3][2]$a$20247 [5] 3'000 $memory$auto$memory_bmux2rom.cc:63:execute$18996$rdmux[0][3][2]$a$20247 [5] 1'0 $memory$auto$memory_bmux2rom.cc:63:execute$18996$rdmux[0][3][2]$a$20247 [5] 1'0 $memory$auto$memory_bmux2rom.cc:63:execute$18996$rdmux[0][3][2]$a$20247 [12] 1'0 $memory$auto$memory_bmux2rom.cc:63:execute$18996$rdmux[0][3][2]$a$20247 [12] 3'000 $memory$auto$memory_bmux2rom.cc:63:execute$18996$rdmux[0][3][2]$a$20247 [12] 6'101000 $memory$auto$memory_bmux2rom.cc:63:execute$18996$rdmux[0][3][2]$a$20247 [5] 5'10011 }
    Consolidated identical input bits for $mux cell $procmux$9365:
      Old ports: A=3'101, B=3'010, Y=$auto$wreduce.cc:513:run$18155 [2:0]
      New ports: A=2'01, B=2'10, Y=$auto$wreduce.cc:513:run$18155 [1:0]
      New connections: $auto$wreduce.cc:513:run$18155 [2] = $auto$wreduce.cc:513:run$18155 [0]
    Consolidated identical input bits for $mux cell $procmux$9417:
      Old ports: A=3'000, B=3'100, Y=$procmux$9417_Y
      New ports: A=1'0, B=1'1, Y=$procmux$9417_Y [2]
      New connections: $procmux$9417_Y [1:0] = 2'00
    Consolidated identical input bits for $mux cell $procmux$945:
      Old ports: A=30'000000000001000000000000000000, B={ 1'1 \u_control_shell.u_dm.i_dm_csrs.sbcs_d [28:22] \u_control_shell.u_dm.i_dm_csrs.sbbusy_i \u_control_shell.u_dm.i_dm_csrs.sbcs_d [20:12] 12'010000000111 }, Y=$auto$wreduce.cc:513:run$18157 [29:0]
      New ports: A=18'000000000010000000, B={ \u_control_shell.u_dm.i_dm_csrs.sbcs_d [28:22] \u_control_shell.u_dm.i_dm_csrs.sbbusy_i \u_control_shell.u_dm.i_dm_csrs.sbcs_d [20:12] 1'1 }, Y={ $auto$wreduce.cc:513:run$18157 [28:12] $auto$wreduce.cc:513:run$18157 [0] }
      New connections: { $auto$wreduce.cc:513:run$18157 [29] $auto$wreduce.cc:513:run$18157 [11:1] } = { $auto$wreduce.cc:513:run$18157 [0] 1'0 $auto$wreduce.cc:513:run$18157 [0] 7'0000000 $auto$wreduce.cc:513:run$18157 [0] $auto$wreduce.cc:513:run$18157 [0] }
    Consolidated identical input bits for $mux cell $procmux$960:
      Old ports: A={ 31'0000000000000000000000000000000 \u_control_shell.u_dm.i_dm_csrs.dmcontrol_d [0] }, B={ \u_control_shell.u_dm.i_dm_csrs.dmcontrol_d [31] 29'00000000000000000000000000000 \u_control_shell.u_dm.i_dm_csrs.dmcontrol_d [1:0] }, Y=$procmux$960_Y
      New ports: A=2'00, B={ \u_control_shell.u_dm.i_dm_csrs.dmcontrol_d [31] \u_control_shell.u_dm.i_dm_csrs.dmcontrol_d [1] }, Y={ $procmux$960_Y [31] $procmux$960_Y [1] }
      New connections: { $procmux$960_Y [30:2] $procmux$960_Y [0] } = { 29'00000000000000000000000000000 \u_control_shell.u_dm.i_dm_csrs.dmcontrol_d [0] }
    Consolidated identical input bits for $mux cell $procmux$9793:
      Old ports: A=4'0101, B=4'1001, Y=$procmux$9793_Y
      New ports: A=2'01, B=2'10, Y=$procmux$9793_Y [3:2]
      New connections: $procmux$9793_Y [1:0] = 2'01
    Consolidated identical input bits for $mux cell $procmux$9844:
      Old ports: A=2'11, B=2'00, Y=$auto$wreduce.cc:513:run$18159 [1:0]
      New ports: A=1'1, B=1'0, Y=$auto$wreduce.cc:513:run$18159 [0]
      New connections: $auto$wreduce.cc:513:run$18159 [1] = $auto$wreduce.cc:513:run$18159 [0]
    Consolidated identical input bits for $mux cell $1396:
      Old ports: A=3'000, B=3'100, Y=$1396y
      New ports: A=1'0, B=1'1, Y=$1396y [2]
      New connections: $1396y [1:0] = 2'00
    New ctrl vector for $pmux cell $procmux$999: { $procmux$1002_CMP $procmux$1004_CMP }
  Optimizing cells in module \agriasic_digital_rv32i_top.
    Consolidated identical input bits for $mux cell $memory$auto$memory_bmux2rom.cc:63:execute$18996$rdmux[0][3][4]$20252:
      Old ports: A=$memory$auto$memory_bmux2rom.cc:63:execute$18996$rdmux[0][3][4]$a$20253, B=$memory$auto$memory_bmux2rom.cc:63:execute$18996$rdmux[0][3][4]$b$20254, Y=$memory$auto$memory_bmux2rom.cc:63:execute$18996$rdmux[0][2][2]$a$20235
      New ports: A={ 1'1 $memory$auto$memory_bmux2rom.cc:63:execute$18996$rdmux[0][3][4]$a$20253 [4] 1'1 $memory$auto$memory_bmux2rom.cc:63:execute$18996$rdmux[0][3][4]$a$20253 [2] 1'0 $memory$auto$memory_bmux2rom.cc:63:execute$18996$rdmux[0][3][4]$a$20253 [4] 1'1 $memory$auto$memory_bmux2rom.cc:63:execute$18996$rdmux[0][3][4]$a$20253 [4] $memory$auto$memory_bmux2rom.cc:63:execute$18996$rdmux[0][3][4]$a$20253 [2] }, B={ $memory$auto$memory_bmux2rom.cc:63:execute$18996$rdmux[0][3][4]$b$20254 [11] 2'10 $memory$auto$memory_bmux2rom.cc:63:execute$18996$rdmux[0][3][4]$b$20254 [11] $memory$auto$memory_bmux2rom.cc:63:execute$18996$rdmux[0][3][4]$b$20254 [11] 1'0 $memory$auto$memory_bmux2rom.cc:63:execute$18996$rdmux[0][3][4]$b$20254 [4] $memory$auto$memory_bmux2rom.cc:63:execute$18996$rdmux[0][3][4]$b$20254 [4] 1'0 }, Y={ $memory$auto$memory_bmux2rom.cc:63:execute$18996$rdmux[0][2][2]$a$20235 [42] $memory$auto$memory_bmux2rom.cc:63:execute$18996$rdmux[0][2][2]$a$20235 [28] $memory$auto$memory_bmux2rom.cc:63:execute$18996$rdmux[0][2][2]$a$20235 [20] $memory$auto$memory_bmux2rom.cc:63:execute$18996$rdmux[0][2][2]$a$20235 [16] $memory$auto$memory_bmux2rom.cc:63:execute$18996$rdmux[0][2][2]$a$20235 [11] $memory$auto$memory_bmux2rom.cc:63:execute$18996$rdmux[0][2][2]$a$20235 [8] $memory$auto$memory_bmux2rom.cc:63:execute$18996$rdmux[0][2][2]$a$20235 [6] $memory$auto$memory_bmux2rom.cc:63:execute$18996$rdmux[0][2][2]$a$20235 [4] $memory$auto$memory_bmux2rom.cc:63:execute$18996$rdmux[0][2][2]$a$20235 [2] }
      New connections: { $memory$auto$memory_bmux2rom.cc:63:execute$18996$rdmux[0][2][2]$a$20235 [63:43] $memory$auto$memory_bmux2rom.cc:63:execute$18996$rdmux[0][2][2]$a$20235 [41:29] $memory$auto$memory_bmux2rom.cc:63:execute$18996$rdmux[0][2][2]$a$20235 [27:21] $memory$auto$memory_bmux2rom.cc:63:execute$18996$rdmux[0][2][2]$a$20235 [19:17] $memory$auto$memory_bmux2rom.cc:63:execute$18996$rdmux[0][2][2]$a$20235 [15:12] $memory$auto$memory_bmux2rom.cc:63:execute$18996$rdmux[0][2][2]$a$20235 [10:9] $memory$auto$memory_bmux2rom.cc:63:execute$18996$rdmux[0][2][2]$a$20235 [7] $memory$auto$memory_bmux2rom.cc:63:execute$18996$rdmux[0][2][2]$a$20235 [5] $memory$auto$memory_bmux2rom.cc:63:execute$18996$rdmux[0][2][2]$a$20235 [3] $memory$auto$memory_bmux2rom.cc:63:execute$18996$rdmux[0][2][2]$a$20235 [1:0] } = { $memory$auto$memory_bmux2rom.cc:63:execute$18996$rdmux[0][2][2]$a$20235 [2] 3'111 $memory$auto$memory_bmux2rom.cc:63:execute$18996$rdmux[0][2][2]$a$20235 [28] 1'0 $memory$auto$memory_bmux2rom.cc:63:execute$18996$rdmux[0][2][2]$a$20235 [28] 2'10 $memory$auto$memory_bmux2rom.cc:63:execute$18996$rdmux[0][2][2]$a$20235 [2] $memory$auto$memory_bmux2rom.cc:63:execute$18996$rdmux[0][2][2]$a$20235 [28] $memory$auto$memory_bmux2rom.cc:63:execute$18996$rdmux[0][2][2]$a$20235 [11] 6'000000 $memory$auto$memory_bmux2rom.cc:63:execute$18996$rdmux[0][2][2]$a$20235 [42] 3'000 $memory$auto$memory_bmux2rom.cc:63:execute$18996$rdmux[0][2][2]$a$20235 [11] 8'01110011 $memory$auto$memory_bmux2rom.cc:63:execute$18996$rdmux[0][2][2]$a$20235 [2] $memory$auto$memory_bmux2rom.cc:63:execute$18996$rdmux[0][2][2]$a$20235 [4] $memory$auto$memory_bmux2rom.cc:63:execute$18996$rdmux[0][2][2]$a$20235 [6] $memory$auto$memory_bmux2rom.cc:63:execute$18996$rdmux[0][2][2]$a$20235 [4] $memory$auto$memory_bmux2rom.cc:63:execute$18996$rdmux[0][2][2]$a$20235 [2] $memory$auto$memory_bmux2rom.cc:63:execute$18996$rdmux[0][2][2]$a$20235 [6] $memory$auto$memory_bmux2rom.cc:63:execute$18996$rdmux[0][2][2]$a$20235 [6] $memory$auto$memory_bmux2rom.cc:63:execute$18996$rdmux[0][2][2]$a$20235 [16] 1'0 $memory$auto$memory_bmux2rom.cc:63:execute$18996$rdmux[0][2][2]$a$20235 [4] $memory$auto$memory_bmux2rom.cc:63:execute$18996$rdmux[0][2][2]$a$20235 [2] $memory$auto$memory_bmux2rom.cc:63:execute$18996$rdmux[0][2][2]$a$20235 [16] $memory$auto$memory_bmux2rom.cc:63:execute$18996$rdmux[0][2][2]$a$20235 [2] $memory$auto$memory_bmux2rom.cc:63:execute$18996$rdmux[0][2][2]$a$20235 [2] $memory$auto$memory_bmux2rom.cc:63:execute$18996$rdmux[0][2][2]$a$20235 [2] 1'1 $memory$auto$memory_bmux2rom.cc:63:execute$18996$rdmux[0][2][2]$a$20235 [2] $memory$auto$memory_bmux2rom.cc:63:execute$18996$rdmux[0][2][2]$a$20235 [4] 3'001 $memory$auto$memory_bmux2rom.cc:63:execute$18996$rdmux[0][2][2]$a$20235 [2] 2'11 }
    Consolidated identical input bits for $demux cell $6774:
      Old ports: A=$6773y, Y={ $6774y [39:32] $6774y [7:0] }
      New ports: A=$6773y [0], Y={ $6774y [32] $6774y [0] }
      New connections: { $6774y [39] $6774y [7] $6774y [38] $6774y [6] $6774y [37] $6774y [5] $6774y [36] $6774y [4] $6774y [35] $6774y [3] $6774y [34] $6774y [2] $6774y [33] $6774y [1] } = { $6774y [32] $6774y [0] $6774y [32] $6774y [0] $6774y [32] $6774y [0] $6774y [32] $6774y [0] $6774y [32] $6774y [0] $6774y [32] $6774y [0] $6774y [32] $6774y [0] }
    Consolidated identical input bits for $demux cell $6783:
      Old ports: A=$6782y, Y={ $6783y [47:32] $6783y [15:0] }
      New ports: A=$6782y [8], Y={ $6783y [40] $6783y [8] }
      New connections: { $6783y [47] $6783y [15] $6783y [46] $6783y [14] $6783y [45] $6783y [13] $6783y [44] $6783y [12] $6783y [43] $6783y [11] $6783y [42] $6783y [10] $6783y [41] $6783y [9] $6783y [39] $6783y [7] $6783y [38] $6783y [6] $6783y [37] $6783y [5] $6783y [36] $6783y [4] $6783y [35] $6783y [3] $6783y [34] $6783y [2] $6783y [33] $6783y [1] $6783y [32] $6783y [0] } = { $6783y [40] $6783y [8] $6783y [40] $6783y [8] $6783y [40] $6783y [8] $6783y [40] $6783y [8] $6783y [40] $6783y [8] $6783y [40] $6783y [8] $6783y [40] $6783y [8] 16'0000000000000000 }
    Consolidated identical input bits for $demux cell $6792:
      Old ports: A=$6791y, Y={ $6792y [55:32] $6792y [23:0] }
      New ports: A=$6791y [16], Y={ $6792y [48] $6792y [16] }
      New connections: { $6792y [55] $6792y [23] $6792y [54] $6792y [22] $6792y [53] $6792y [21] $6792y [52] $6792y [20] $6792y [51] $6792y [19] $6792y [50] $6792y [18] $6792y [49] $6792y [17] $6792y [47] $6792y [15] $6792y [46] $6792y [14] $6792y [45] $6792y [13] $6792y [44] $6792y [12] $6792y [43] $6792y [11] $6792y [42] $6792y [10] $6792y [41] $6792y [9] $6792y [40] $6792y [8] $6792y [39] $6792y [7] $6792y [38] $6792y [6] $6792y [37] $6792y [5] $6792y [36] $6792y [4] $6792y [35] $6792y [3] $6792y [34] $6792y [2] $6792y [33] $6792y [1] $6792y [32] $6792y [0] } = { $6792y [48] $6792y [16] $6792y [48] $6792y [16] $6792y [48] $6792y [16] $6792y [48] $6792y [16] $6792y [48] $6792y [16] $6792y [48] $6792y [16] $6792y [48] $6792y [16] 32'00000000000000000000000000000000 }
    Consolidated identical input bits for $demux cell $6801:
      Old ports: A=$6800y, Y=$6801y
      New ports: A=$6800y [24], Y={ $6801y [56] $6801y [24] }
      New connections: { $6801y [63] $6801y [31] $6801y [62] $6801y [30] $6801y [61] $6801y [29] $6801y [60] $6801y [28] $6801y [59] $6801y [27] $6801y [58] $6801y [26] $6801y [57] $6801y [25] $6801y [55] $6801y [23] $6801y [54] $6801y [22] $6801y [53] $6801y [21] $6801y [52] $6801y [20] $6801y [51] $6801y [19] $6801y [50] $6801y [18] $6801y [49] $6801y [17] $6801y [48] $6801y [16] $6801y [47] $6801y [15] $6801y [46] $6801y [14] $6801y [45] $6801y [13] $6801y [44] $6801y [12] $6801y [43] $6801y [11] $6801y [42] $6801y [10] $6801y [41] $6801y [9] $6801y [40] $6801y [8] $6801y [39] $6801y [7] $6801y [38] $6801y [6] $6801y [37] $6801y [5] $6801y [36] $6801y [4] $6801y [35] $6801y [3] $6801y [34] $6801y [2] $6801y [33] $6801y [1] $6801y [32] $6801y [0] } = { $6801y [56] $6801y [24] $6801y [56] $6801y [24] $6801y [56] $6801y [24] $6801y [56] $6801y [24] $6801y [56] $6801y [24] $6801y [56] $6801y [24] $6801y [56] $6801y [24] 48'000000000000000000000000000000000000000000000000 }
    New ctrl vector for $demux cell $6886: \u_control_shell.u_dm.i_dm_mem.addr_i [2]
    Consolidated identical input bits for $mux cell $procmux$10025:
      Old ports: A=4'0101, B=$procmux$9793_Y, Y=$procmux$10025_Y
      New ports: A=2'01, B=$procmux$9793_Y [3:2], Y=$procmux$10025_Y [3:2]
      New connections: $procmux$10025_Y [1:0] = 2'01
    Consolidated identical input bits for $mux cell $procmux$10383:
      Old ports: A=6'000000, B={ 1'1 $auto$wreduce.cc:513:run$18114 [4:0] }, Y=$auto$wreduce.cc:513:run$18116 [5:0]
      New ports: A=3'000, B={ 1'1 $auto$wreduce.cc:513:run$18114 [4] $auto$wreduce.cc:513:run$18114 [0] }, Y={ $auto$wreduce.cc:513:run$18116 [5:4] $auto$wreduce.cc:513:run$18116 [0] }
      New connections: $auto$wreduce.cc:513:run$18116 [3:1] = { 1'0 $auto$wreduce.cc:513:run$18116 [0] $auto$wreduce.cc:513:run$18116 [0] }
    Consolidated identical input bits for $mux cell $procmux$10561:
      Old ports: A=$procmux$10583_Y, B=4'1000, Y=$procmux$10561_Y
      New ports: A={ 1'0 $procmux$10583_Y [1] 1'1 }, B=3'100, Y={ $procmux$10561_Y [3] $procmux$10561_Y [1:0] }
      New connections: $procmux$10561_Y [2] = $procmux$10561_Y [0]
    Consolidated identical input bits for $mux cell $procmux$11475:
      Old ports: A=$procmux$11465_Y, B=2'00, Y=$procmux$11475_Y
      New ports: A=$procmux$11465_Y [0], B=1'0, Y=$procmux$11475_Y [0]
      New connections: $procmux$11475_Y [1] = $procmux$11475_Y [0]
    Consolidated identical input bits for $mux cell $procmux$11610:
      Old ports: A=$auto$wreduce.cc:513:run$18118 [5:0], B=6'101100, Y=$auto$wreduce.cc:513:run$18119 [5:0]
      New ports: A={ $auto$wreduce.cc:513:run$18118 [5] $auto$wreduce.cc:513:run$18118 [3:0] }, B=5'11100, Y={ $auto$wreduce.cc:513:run$18119 [5] $auto$wreduce.cc:513:run$18119 [3:0] }
      New connections: $auto$wreduce.cc:513:run$18119 [4] = 1'0
    Consolidated identical input bits for $mux cell $procmux$11633:
      Old ports: A=$auto$wreduce.cc:513:run$18120 [5:0], B=6'001001, Y=$auto$wreduce.cc:513:run$18121 [5:0]
      New ports: A={ $auto$wreduce.cc:513:run$18120 [2] 1'0 }, B=2'01, Y={ $auto$wreduce.cc:513:run$18121 [2] $auto$wreduce.cc:513:run$18121 [0] }
      New connections: { $auto$wreduce.cc:513:run$18121 [5:3] $auto$wreduce.cc:513:run$18121 [1] } = { $auto$wreduce.cc:513:run$18121 [2] 3'010 }
    Consolidated identical input bits for $pmux cell $procmux$11772:
      Old ports: A=7'0101100, B={ 1'0 $auto$wreduce.cc:513:run$18117 [5:0] 1'0 $auto$wreduce.cc:513:run$18119 [5:0] $procmux$11644_Y 8'00000000 $auto$wreduce.cc:513:run$18123 [5:0] }, Y=\u_control_shell.u_core.u_ibex_core.ex_block_i.alu_i.operator_i
      New ports: A=6'101100, B={ $auto$wreduce.cc:513:run$18117 [2] 1'0 $auto$wreduce.cc:513:run$18117 [2] $auto$wreduce.cc:513:run$18117 [2] 2'00 $auto$wreduce.cc:513:run$18119 [5:0] $procmux$11644_Y [5:0] 6'000000 $auto$wreduce.cc:513:run$18123 [5:4] 1'1 $auto$wreduce.cc:513:run$18123 [2:0] }, Y=\u_control_shell.u_core.u_ibex_core.ex_block_i.alu_i.operator_i [5:0]
      New connections: \u_control_shell.u_core.u_ibex_core.ex_block_i.alu_i.operator_i [6] = 1'0
    Consolidated identical input bits for $mux cell $procmux$1409:
      Old ports: A={ \u_control_shell.u_dm.i_dm_csrs.sbcs_q [21] 9'x \u_control_shell.u_dm.i_dm_csrs.sbcs_q [11:0] }, B=$procmux$1464_Y, Y=$procmux$1409_Y
      New ports: A={ \u_control_shell.u_dm.i_dm_csrs.sbcs_q [21] 7'x \u_control_shell.u_dm.i_dm_csrs.sbcs_q [11:0] }, B={ $procmux$1464_Y [21:15] $procmux$1464_Y [12:0] }, Y={ $procmux$1409_Y [21:15] $procmux$1409_Y [12:0] }
      New connections: $procmux$1409_Y [14:13] = { $procmux$1409_Y [12] $procmux$1409_Y [12] }
    Consolidated identical input bits for $mux cell $procmux$15477:
      Old ports: A={ 1'0 $auto$wreduce.cc:513:run$18126 [26:0] }, B=28'1000100000000000000001101111, Y={ $procmux$15477_Y [28] $procmux$15477_Y [26:0] }
      New ports: A={ 1'0 $auto$wreduce.cc:513:run$18126 [26] 1'1 $auto$wreduce.cc:513:run$18126 [23] $auto$wreduce.cc:513:run$18126 [23] }, B=5'10001, Y={ $procmux$15477_Y [28] $procmux$15477_Y [26:23] }
      New connections: $procmux$15477_Y [22:0] = 23'00000000000000001101111
    Consolidated identical input bits for $mux cell $procmux$15755:
      Old ports: A={ 4'0000 $auto$wreduce.cc:513:run$18127 [20:0] }, B={ \u_control_shell.u_core.u_ibex_core.if_stage_i.compressed_decoder_i.instr_i [6:2] \u_control_shell.u_core.u_ibex_core.if_stage_i.compressed_decoder_i.instr_i [11:7] 3'000 \u_control_shell.u_core.u_ibex_core.if_stage_i.compressed_decoder_i.instr_i [11:7] 7'0110011 }, Y=$auto$wreduce.cc:513:run$18128 [24:0]
      New ports: A={ 4'0000 $auto$wreduce.cc:513:run$18127 [4] $auto$wreduce.cc:513:run$18127 [19:15] 4'0000 $auto$wreduce.cc:513:run$18127 [2] 1'1 $auto$wreduce.cc:513:run$18127 [4] $auto$wreduce.cc:513:run$18127 [2] }, B={ \u_control_shell.u_core.u_ibex_core.if_stage_i.compressed_decoder_i.instr_i [6:2] \u_control_shell.u_core.u_ibex_core.if_stage_i.compressed_decoder_i.instr_i [11:7] \u_control_shell.u_core.u_ibex_core.if_stage_i.compressed_decoder_i.instr_i [11:7] 3'010 }, Y={ $auto$wreduce.cc:513:run$18128 [24:15] $auto$wreduce.cc:513:run$18128 [11:6] $auto$wreduce.cc:513:run$18128 [4] $auto$wreduce.cc:513:run$18128 [2] }
      New connections: { $auto$wreduce.cc:513:run$18128 [14:12] $auto$wreduce.cc:513:run$18128 [5] $auto$wreduce.cc:513:run$18128 [3] $auto$wreduce.cc:513:run$18128 [1:0] } = 7'0001011
    Consolidated identical input bits for $pmux cell $procmux$15928:
      Old ports: A={ 1'0 \u_control_shell.u_core.u_ibex_core.if_stage_i.compressed_decoder_i.instr_i [10] 5'00000 \u_control_shell.u_core.u_ibex_core.if_stage_i.compressed_decoder_i.instr_i [6:2] 2'01 \u_control_shell.u_core.u_ibex_core.if_stage_i.compressed_decoder_i.instr_i [9:7] 5'10101 \u_control_shell.u_core.u_ibex_core.if_stage_i.compressed_decoder_i.instr_i [9:7] 7'0010011 }, B={ \u_control_shell.u_core.u_ibex_core.if_stage_i.compressed_decoder_i.instr_i [12] \u_control_shell.u_core.u_ibex_core.if_stage_i.compressed_decoder_i.instr_i [12] \u_control_shell.u_core.u_ibex_core.if_stage_i.compressed_decoder_i.instr_i [12] \u_control_shell.u_core.u_ibex_core.if_stage_i.compressed_decoder_i.instr_i [12] \u_control_shell.u_core.u_ibex_core.if_stage_i.compressed_decoder_i.instr_i [12] \u_control_shell.u_core.u_ibex_core.if_stage_i.compressed_decoder_i.instr_i [12] \u_control_shell.u_core.u_ibex_core.if_stage_i.compressed_decoder_i.instr_i [12] \u_control_shell.u_core.u_ibex_core.if_stage_i.compressed_decoder_i.instr_i [6:2] 2'01 \u_control_shell.u_core.u_ibex_core.if_stage_i.compressed_decoder_i.instr_i [9:7] 5'11101 \u_control_shell.u_core.u_ibex_core.if_stage_i.compressed_decoder_i.instr_i [9:7] 7'0010011 $procmux$15913_Y }, Y=$procmux$15928_Y
      New ports: A={ 1'0 \u_control_shell.u_core.u_ibex_core.if_stage_i.compressed_decoder_i.instr_i [10] 5'00000 \u_control_shell.u_core.u_ibex_core.if_stage_i.compressed_decoder_i.instr_i [6:2] 2'01 \u_control_shell.u_core.u_ibex_core.if_stage_i.compressed_decoder_i.instr_i [9:7] 12'101010010011 }, B={ \u_control_shell.u_core.u_ibex_core.if_stage_i.compressed_decoder_i.instr_i [12] \u_control_shell.u_core.u_ibex_core.if_stage_i.compressed_decoder_i.instr_i [12] \u_control_shell.u_core.u_ibex_core.if_stage_i.compressed_decoder_i.instr_i [12] \u_control_shell.u_core.u_ibex_core.if_stage_i.compressed_decoder_i.instr_i [12] \u_control_shell.u_core.u_ibex_core.if_stage_i.compressed_decoder_i.instr_i [12] \u_control_shell.u_core.u_ibex_core.if_stage_i.compressed_decoder_i.instr_i [12] \u_control_shell.u_core.u_ibex_core.if_stage_i.compressed_decoder_i.instr_i [12] \u_control_shell.u_core.u_ibex_core.if_stage_i.compressed_decoder_i.instr_i [6:2] 2'01 \u_control_shell.u_core.u_ibex_core.if_stage_i.compressed_decoder_i.instr_i [9:7] 12'111010010011 $procmux$15913_Y [31:10] $procmux$15913_Y [6:0] }, Y={ $procmux$15928_Y [31:10] $procmux$15928_Y [6:0] }
      New connections: $procmux$15928_Y [9:7] = \u_control_shell.u_core.u_ibex_core.if_stage_i.compressed_decoder_i.instr_i [9:7]
    Consolidated identical input bits for $mux cell $procmux$16304:
      Old ports: A=$procmux$16266_Y, B=3'000, Y=$procmux$16304_Y
      New ports: A=$procmux$16266_Y [2], B=1'0, Y=$procmux$16304_Y [2]
      New connections: $procmux$16304_Y [1:0] = 2'00
    Consolidated identical input bits for $mux cell $procmux$16419:
      Old ports: A=$procmux$16405_Y, B=4'0111, Y=$procmux$16419_Y
      New ports: A=$procmux$16405_Y [1:0], B=2'11, Y=$procmux$16419_Y [1:0]
      New connections: $procmux$16419_Y [3:2] = 2'01
    Consolidated identical input bits for $mux cell $procmux$16489:
      Old ports: A=$procmux$16472_Y, B=4'0100, Y=$procmux$16489_Y
      New ports: A={ 2'01 $procmux$16472_Y [0] }, B=3'100, Y=$procmux$16489_Y [2:0]
      New connections: $procmux$16489_Y [3] = 1'0
    Consolidated identical input bits for $mux cell $procmux$2144:
      Old ports: A=32'xxxxxxxxxxxxxxxx0000xxxxxxxxxxxx, B=$procmux$1631_Y, Y=$procmux$2144_Y
      New ports: A=11'x, B={ $procmux$1631_Y [23:16] $procmux$1631_Y [2:0] }, Y={ $procmux$2144_Y [23:16] $procmux$2144_Y [2:0] }
      New connections: { $procmux$2144_Y [31:24] $procmux$2144_Y [15:3] } = { $procmux$2144_Y [2] $procmux$2144_Y [2] $procmux$2144_Y [2] $procmux$2144_Y [2] $procmux$2144_Y [2] $procmux$2144_Y [2] $procmux$2144_Y [2] $procmux$2144_Y [2] 4'0000 $procmux$2144_Y [2] $procmux$2144_Y [2] $procmux$2144_Y [2] $procmux$2144_Y [2] $procmux$2144_Y [2] $procmux$2144_Y [2] $procmux$2144_Y [2] $procmux$2144_Y [2] $procmux$2144_Y [2] }
    Consolidated identical input bits for $mux cell $procmux$219:
      Old ports: A=2'00, B=$auto$wreduce.cc:513:run$18115 [1:0], Y=$auto$wreduce.cc:513:run$18125 [1:0]
      New ports: A=1'0, B=$auto$wreduce.cc:513:run$18115 [1], Y=$auto$wreduce.cc:513:run$18125 [1]
      New connections: $auto$wreduce.cc:513:run$18125 [0] = 1'0
    Consolidated identical input bits for $pmux cell $procmux$2333:
      Old ports: A=2'00, B={ $procmux$2317_Y $procmux$2409_Y }, Y=$procmux$2333_Y
      New ports: A=1'0, B={ $procmux$2317_Y [0] $procmux$2409_Y [0] }, Y=$procmux$2333_Y [0]
      New connections: $procmux$2333_Y [1] = $procmux$2333_Y [0]
    Consolidated identical input bits for $mux cell $procmux$263:
      Old ports: A=$procmux$273_Y, B=3'001, Y=$procmux$263_Y
      New ports: A=$procmux$273_Y [1:0], B=2'01, Y=$procmux$263_Y [1:0]
      New connections: $procmux$263_Y [2] = 1'0
    Consolidated identical input bits for $mux cell $procmux$2824:
      Old ports: A=$procmux$2810_Y, B=4'0111, Y=$procmux$2824_Y
      New ports: A=$procmux$2810_Y [1:0], B=2'11, Y=$procmux$2824_Y [1:0]
      New connections: $procmux$2824_Y [3:2] = 2'01
    Consolidated identical input bits for $mux cell $procmux$2894:
      Old ports: A=$procmux$2877_Y, B=4'0100, Y=$procmux$2894_Y
      New ports: A={ 2'01 $procmux$2877_Y [0] }, B=3'100, Y=$procmux$2894_Y [2:0]
      New connections: $procmux$2894_Y [3] = 1'0
    Consolidated identical input bits for $mux cell $procmux$394:
      Old ports: A=$procmux$380_Y, B=4'0111, Y=$procmux$394_Y
      New ports: A=$procmux$380_Y [1:0], B=2'11, Y=$procmux$394_Y [1:0]
      New connections: $procmux$394_Y [3:2] = 2'01
    Consolidated identical input bits for $mux cell $procmux$4129:
      Old ports: A=$procmux$4100_Y, B=4'1000, Y=$procmux$4129_Y
      New ports: A={ $procmux$4100_Y [3] $procmux$4100_Y [0] }, B=2'10, Y={ $procmux$4129_Y [3] $procmux$4129_Y [0] }
      New connections: $procmux$4129_Y [2:1] = { $procmux$4129_Y [0] $procmux$4129_Y [0] }
    Consolidated identical input bits for $mux cell $procmux$4201:
      Old ports: A=$procmux$4163_Y, B=4'1000, Y=$procmux$4201_Y
      New ports: A=$procmux$4163_Y [3:2], B=2'10, Y=$procmux$4201_Y [3:2]
      New connections: $procmux$4201_Y [1:0] = 2'00
    Consolidated identical input bits for $mux cell $procmux$4329:
      Old ports: A=2'00, B=$4907y, Y=\u_control_shell.u_boot.boot_tx [1:0]
      New ports: A=1'0, B=$4907y [0], Y=\u_control_shell.u_boot.boot_tx [0]
      New connections: \u_control_shell.u_boot.boot_tx [1] = \u_control_shell.u_boot.boot_tx [0]
    Consolidated identical input bits for $mux cell $procmux$464:
      Old ports: A=$procmux$447_Y, B=4'0100, Y=$procmux$464_Y
      New ports: A={ 2'01 $procmux$447_Y [0] }, B=3'100, Y=$procmux$464_Y [2:0]
      New connections: $procmux$464_Y [3] = 1'0
    Consolidated identical input bits for $mux cell $memory$auto$memory_bmux2rom.cc:63:execute$18996$rdmux[0][3][3]$20249:
      Old ports: A=$memory$auto$memory_bmux2rom.cc:63:execute$18996$rdmux[0][3][3]$a$20250, B=$memory$auto$memory_bmux2rom.cc:63:execute$18996$rdmux[0][3][3]$b$20251, Y=$memory$auto$memory_bmux2rom.cc:63:execute$18996$rdmux[0][2][1]$b$20233
      New ports: A={ 1'1 $memory$auto$memory_bmux2rom.cc:63:execute$18996$rdmux[0][3][3]$a$20250 [12] $memory$auto$memory_bmux2rom.cc:63:execute$18996$rdmux[0][3][3]$a$20250 [2] 1'0 $memory$auto$memory_bmux2rom.cc:63:execute$18996$rdmux[0][3][3]$a$20250 [12] 2'10 $memory$auto$memory_bmux2rom.cc:63:execute$18996$rdmux[0][3][3]$a$20250 [2] }, B={ $memory$auto$memory_bmux2rom.cc:63:execute$18996$rdmux[0][3][3]$b$20251 [48] 1'1 $memory$auto$memory_bmux2rom.cc:63:execute$18996$rdmux[0][3][3]$b$20251 [8] $memory$auto$memory_bmux2rom.cc:63:execute$18996$rdmux[0][3][3]$b$20251 [8] 1'0 $memory$auto$memory_bmux2rom.cc:63:execute$18996$rdmux[0][3][3]$b$20251 [8] 2'10 }, Y={ $memory$auto$memory_bmux2rom.cc:63:execute$18996$rdmux[0][2][1]$b$20233 [48] $memory$auto$memory_bmux2rom.cc:63:execute$18996$rdmux[0][2][1]$b$20233 [37:36] $memory$auto$memory_bmux2rom.cc:63:execute$18996$rdmux[0][2][1]$b$20233 [13:12] $memory$auto$memory_bmux2rom.cc:63:execute$18996$rdmux[0][2][1]$b$20233 [8] $memory$auto$memory_bmux2rom.cc:63:execute$18996$rdmux[0][2][1]$b$20233 [5] $memory$auto$memory_bmux2rom.cc:63:execute$18996$rdmux[0][2][1]$b$20233 [2] }
      New connections: { $memory$auto$memory_bmux2rom.cc:63:execute$18996$rdmux[0][2][1]$b$20233 [63:49] $memory$auto$memory_bmux2rom.cc:63:execute$18996$rdmux[0][2][1]$b$20233 [47:38] $memory$auto$memory_bmux2rom.cc:63:execute$18996$rdmux[0][2][1]$b$20233 [35:14] $memory$auto$memory_bmux2rom.cc:63:execute$18996$rdmux[0][2][1]$b$20233 [11:9] $memory$auto$memory_bmux2rom.cc:63:execute$18996$rdmux[0][2][1]$b$20233 [7:6] $memory$auto$memory_bmux2rom.cc:63:execute$18996$rdmux[0][2][1]$b$20233 [4:3] $memory$auto$memory_bmux2rom.cc:63:execute$18996$rdmux[0][2][1]$b$20233 [1:0] } = { 1'0 $memory$auto$memory_bmux2rom.cc:63:execute$18996$rdmux[0][2][1]$b$20233 [13] $memory$auto$memory_bmux2rom.cc:63:execute$18996$rdmux[0][2][1]$b$20233 [13] $memory$auto$memory_bmux2rom.cc:63:execute$18996$rdmux[0][2][1]$b$20233 [37] $memory$auto$memory_bmux2rom.cc:63:execute$18996$rdmux[0][2][1]$b$20233 [13] 1'0 $memory$auto$memory_bmux2rom.cc:63:execute$18996$rdmux[0][2][1]$b$20233 [13] $memory$auto$memory_bmux2rom.cc:63:execute$18996$rdmux[0][2][1]$b$20233 [13] $memory$auto$memory_bmux2rom.cc:63:execute$18996$rdmux[0][2][1]$b$20233 [2] $memory$auto$memory_bmux2rom.cc:63:execute$18996$rdmux[0][2][1]$b$20233 [2] $memory$auto$memory_bmux2rom.cc:63:execute$18996$rdmux[0][2][1]$b$20233 [13] 2'00 $memory$auto$memory_bmux2rom.cc:63:execute$18996$rdmux[0][2][1]$b$20233 [48] 2'00 $memory$auto$memory_bmux2rom.cc:63:execute$18996$rdmux[0][2][1]$b$20233 [2] $memory$auto$memory_bmux2rom.cc:63:execute$18996$rdmux[0][2][1]$b$20233 [37] $memory$auto$memory_bmux2rom.cc:63:execute$18996$rdmux[0][2][1]$b$20233 [2] $memory$auto$memory_bmux2rom.cc:63:execute$18996$rdmux[0][2][1]$b$20233 [12] 2'10 $memory$auto$memory_bmux2rom.cc:63:execute$18996$rdmux[0][2][1]$b$20233 [2] 1'0 $memory$auto$memory_bmux2rom.cc:63:execute$18996$rdmux[0][2][1]$b$20233 [13] 5'00110 $memory$auto$memory_bmux2rom.cc:63:execute$18996$rdmux[0][2][1]$b$20233 [13] $memory$auto$memory_bmux2rom.cc:63:execute$18996$rdmux[0][2][1]$b$20233 [13] $memory$auto$memory_bmux2rom.cc:63:execute$18996$rdmux[0][2][1]$b$20233 [13] $memory$auto$memory_bmux2rom.cc:63:execute$18996$rdmux[0][2][1]$b$20233 [13] 1'0 $memory$auto$memory_bmux2rom.cc:63:execute$18996$rdmux[0][2][1]$b$20233 [13] $memory$auto$memory_bmux2rom.cc:63:execute$18996$rdmux[0][2][1]$b$20233 [13:12] $memory$auto$memory_bmux2rom.cc:63:execute$18996$rdmux[0][2][1]$b$20233 [12] $memory$auto$memory_bmux2rom.cc:63:execute$18996$rdmux[0][2][1]$b$20233 [13] $memory$auto$memory_bmux2rom.cc:63:execute$18996$rdmux[0][2][1]$b$20233 [5] 1'0 $memory$auto$memory_bmux2rom.cc:63:execute$18996$rdmux[0][2][1]$b$20233 [12] 1'0 $memory$auto$memory_bmux2rom.cc:63:execute$18996$rdmux[0][2][1]$b$20233 [12] 3'000 $memory$auto$memory_bmux2rom.cc:63:execute$18996$rdmux[0][2][1]$b$20233 [8] 2'00 $memory$auto$memory_bmux2rom.cc:63:execute$18996$rdmux[0][2][1]$b$20233 [5] 4'1011 }
    Consolidated identical input bits for $mux cell $memory$auto$memory_bmux2rom.cc:63:execute$18996$rdmux[0][3][0]$20240:
      Old ports: A=$memory$auto$memory_bmux2rom.cc:63:execute$18996$rdmux[0][3][0]$a$20241, B=$memory$auto$memory_bmux2rom.cc:63:execute$18996$rdmux[0][3][0]$b$20242, Y=$memory$auto$memory_bmux2rom.cc:63:execute$18996$rdmux[0][2][0]$a$20229
      New ports: A={ 1'0 $memory$auto$memory_bmux2rom.cc:63:execute$18996$rdmux[0][3][0]$a$20241 [23] $memory$auto$memory_bmux2rom.cc:63:execute$18996$rdmux[0][3][0]$a$20241 [23:22] 2'01 }, B={ 2'11 $memory$auto$memory_bmux2rom.cc:63:execute$18996$rdmux[0][3][0]$b$20242 [20] $memory$auto$memory_bmux2rom.cc:63:execute$18996$rdmux[0][3][0]$b$20242 [20] $memory$auto$memory_bmux2rom.cc:63:execute$18996$rdmux[0][3][0]$b$20242 [20] $memory$auto$memory_bmux2rom.cc:63:execute$18996$rdmux[0][3][0]$b$20242 [5] }, Y={ $memory$auto$memory_bmux2rom.cc:63:execute$18996$rdmux[0][2][0]$a$20229 [26] $memory$auto$memory_bmux2rom.cc:63:execute$18996$rdmux[0][2][0]$a$20229 [24:22] $memory$auto$memory_bmux2rom.cc:63:execute$18996$rdmux[0][2][0]$a$20229 [20] $memory$auto$memory_bmux2rom.cc:63:execute$18996$rdmux[0][2][0]$a$20229 [5] }
      New connections: { $memory$auto$memory_bmux2rom.cc:63:execute$18996$rdmux[0][2][0]$a$20229 [63:27] $memory$auto$memory_bmux2rom.cc:63:execute$18996$rdmux[0][2][0]$a$20229 [25] $memory$auto$memory_bmux2rom.cc:63:execute$18996$rdmux[0][2][0]$a$20229 [21] $memory$auto$memory_bmux2rom.cc:63:execute$18996$rdmux[0][2][0]$a$20229 [19:6] $memory$auto$memory_bmux2rom.cc:63:execute$18996$rdmux[0][2][0]$a$20229 [4:0] } = { 1'0 $memory$auto$memory_bmux2rom.cc:63:execute$18996$rdmux[0][2][0]$a$20229 [20] $memory$auto$memory_bmux2rom.cc:63:execute$18996$rdmux[0][2][0]$a$20229 [20] $memory$auto$memory_bmux2rom.cc:63:execute$18996$rdmux[0][2][0]$a$20229 [20] $memory$auto$memory_bmux2rom.cc:63:execute$18996$rdmux[0][2][0]$a$20229 [20] 1'0 $memory$auto$memory_bmux2rom.cc:63:execute$18996$rdmux[0][2][0]$a$20229 [20] $memory$auto$memory_bmux2rom.cc:63:execute$18996$rdmux[0][2][0]$a$20229 [20] 2'00 $memory$auto$memory_bmux2rom.cc:63:execute$18996$rdmux[0][2][0]$a$20229 [20] 2'00 $memory$auto$memory_bmux2rom.cc:63:execute$18996$rdmux[0][2][0]$a$20229 [20] 5'00000 $memory$auto$memory_bmux2rom.cc:63:execute$18996$rdmux[0][2][0]$a$20229 [20] 5'00000 $memory$auto$memory_bmux2rom.cc:63:execute$18996$rdmux[0][2][0]$a$20229 [20] $memory$auto$memory_bmux2rom.cc:63:execute$18996$rdmux[0][2][0]$a$20229 [20] 9'100110000 $memory$auto$memory_bmux2rom.cc:63:execute$18996$rdmux[0][2][0]$a$20229 [22] $memory$auto$memory_bmux2rom.cc:63:execute$18996$rdmux[0][2][0]$a$20229 [20] $memory$auto$memory_bmux2rom.cc:63:execute$18996$rdmux[0][2][0]$a$20229 [20] 13'0000000000000 $memory$auto$memory_bmux2rom.cc:63:execute$18996$rdmux[0][2][0]$a$20229 [5] 5'01111 }
    Consolidated identical input bits for $mux cell $memory$auto$memory_bmux2rom.cc:63:execute$18996$rdmux[0][3][2]$20246:
      Old ports: A=$memory$auto$memory_bmux2rom.cc:63:execute$18996$rdmux[0][3][2]$a$20247, B=$memory$auto$memory_bmux2rom.cc:63:execute$18996$rdmux[0][3][2]$b$20248, Y=$memory$auto$memory_bmux2rom.cc:63:execute$18996$rdmux[0][2][1]$a$20232
      New ports: A={ 2'01 $memory$auto$memory_bmux2rom.cc:63:execute$18996$rdmux[0][3][2]$a$20247 [5] $memory$auto$memory_bmux2rom.cc:63:execute$18996$rdmux[0][3][2]$a$20247 [5] $memory$auto$memory_bmux2rom.cc:63:execute$18996$rdmux[0][3][2]$a$20247 [5] $memory$auto$memory_bmux2rom.cc:63:execute$18996$rdmux[0][3][2]$a$20247 [12] $memory$auto$memory_bmux2rom.cc:63:execute$18996$rdmux[0][3][2]$a$20247 [12] $memory$auto$memory_bmux2rom.cc:63:execute$18996$rdmux[0][3][2]$a$20247 [12] $memory$auto$memory_bmux2rom.cc:63:execute$18996$rdmux[0][3][2]$a$20247 [12] 2'10 $memory$auto$memory_bmux2rom.cc:63:execute$18996$rdmux[0][3][2]$a$20247 [5] 1'1 }, B={ 1'1 $memory$auto$memory_bmux2rom.cc:63:execute$18996$rdmux[0][3][2]$b$20248 [5] $memory$auto$memory_bmux2rom.cc:63:execute$18996$rdmux[0][3][2]$b$20248 [10] 4'1001 $memory$auto$memory_bmux2rom.cc:63:execute$18996$rdmux[0][3][2]$b$20248 [10] $memory$auto$memory_bmux2rom.cc:63:execute$18996$rdmux[0][3][2]$b$20248 [5] $memory$auto$memory_bmux2rom.cc:63:execute$18996$rdmux[0][3][2]$b$20248 [10] $memory$auto$memory_bmux2rom.cc:63:execute$18996$rdmux[0][3][2]$b$20248 [5] $memory$auto$memory_bmux2rom.cc:63:execute$18996$rdmux[0][3][2]$b$20248 [5] 1'0 }, Y={ $memory$auto$memory_bmux2rom.cc:63:execute$18996$rdmux[0][2][1]$a$20232 [45] $memory$auto$memory_bmux2rom.cc:63:execute$18996$rdmux[0][2][1]$a$20232 [37:36] $memory$auto$memory_bmux2rom.cc:63:execute$18996$rdmux[0][2][1]$a$20232 [30] $memory$auto$memory_bmux2rom.cc:63:execute$18996$rdmux[0][2][1]$a$20232 [22] $memory$auto$memory_bmux2rom.cc:63:execute$18996$rdmux[0][2][1]$a$20232 [20] $memory$auto$memory_bmux2rom.cc:63:execute$18996$rdmux[0][2][1]$a$20232 [18] $memory$auto$memory_bmux2rom.cc:63:execute$18996$rdmux[0][2][1]$a$20232 [14] $memory$auto$memory_bmux2rom.cc:63:execute$18996$rdmux[0][2][1]$a$20232 [12] $memory$auto$memory_bmux2rom.cc:63:execute$18996$rdmux[0][2][1]$a$20232 [10] $memory$auto$memory_bmux2rom.cc:63:execute$18996$rdmux[0][2][1]$a$20232 [7] $memory$auto$memory_bmux2rom.cc:63:execute$18996$rdmux[0][2][1]$a$20232 [5:4] }
      New connections: { $memory$auto$memory_bmux2rom.cc:63:execute$18996$rdmux[0][2][1]$a$20232 [63:46] $memory$auto$memory_bmux2rom.cc:63:execute$18996$rdmux[0][2][1]$a$20232 [44:38] $memory$auto$memory_bmux2rom.cc:63:execute$18996$rdmux[0][2][1]$a$20232 [35:31] $memory$auto$memory_bmux2rom.cc:63:execute$18996$rdmux[0][2][1]$a$20232 [29:23] $memory$auto$memory_bmux2rom.cc:63:execute$18996$rdmux[0][2][1]$a$20232 [21] $memory$auto$memory_bmux2rom.cc:63:execute$18996$rdmux[0][2][1]$a$20232 [19] $memory$auto$memory_bmux2rom.cc:63:execute$18996$rdmux[0][2][1]$a$20232 [17:15] $memory$auto$memory_bmux2rom.cc:63:execute$18996$rdmux[0][2][1]$a$20232 [13] $memory$auto$memory_bmux2rom.cc:63:execute$18996$rdmux[0][2][1]$a$20232 [11] $memory$auto$memory_bmux2rom.cc:63:execute$18996$rdmux[0][2][1]$a$20232 [9:8] $memory$auto$memory_bmux2rom.cc:63:execute$18996$rdmux[0][2][1]$a$20232 [6] $memory$auto$memory_bmux2rom.cc:63:execute$18996$rdmux[0][2][1]$a$20232 [3:0] } = { $memory$auto$memory_bmux2rom.cc:63:execute$18996$rdmux[0][2][1]$a$20232 [7] $memory$auto$memory_bmux2rom.cc:63:execute$18996$rdmux[0][2][1]$a$20232 [7] $memory$auto$memory_bmux2rom.cc:63:execute$18996$rdmux[0][2][1]$a$20232 [7] $memory$auto$memory_bmux2rom.cc:63:execute$18996$rdmux[0][2][1]$a$20232 [7] $memory$auto$memory_bmux2rom.cc:63:execute$18996$rdmux[0][2][1]$a$20232 [7] $memory$auto$memory_bmux2rom.cc:63:execute$18996$rdmux[0][2][1]$a$20232 [7] $memory$auto$memory_bmux2rom.cc:63:execute$18996$rdmux[0][2][1]$a$20232 [20] $memory$auto$memory_bmux2rom.cc:63:execute$18996$rdmux[0][2][1]$a$20232 [7] $memory$auto$memory_bmux2rom.cc:63:execute$18996$rdmux[0][2][1]$a$20232 [22] $memory$auto$memory_bmux2rom.cc:63:execute$18996$rdmux[0][2][1]$a$20232 [7] $memory$auto$memory_bmux2rom.cc:63:execute$18996$rdmux[0][2][1]$a$20232 [36] $memory$auto$memory_bmux2rom.cc:63:execute$18996$rdmux[0][2][1]$a$20232 [7] $memory$auto$memory_bmux2rom.cc:63:execute$18996$rdmux[0][2][1]$a$20232 [7] 1'1 $memory$auto$memory_bmux2rom.cc:63:execute$18996$rdmux[0][2][1]$a$20232 [7] $memory$auto$memory_bmux2rom.cc:63:execute$18996$rdmux[0][2][1]$a$20232 [7] $memory$auto$memory_bmux2rom.cc:63:execute$18996$rdmux[0][2][1]$a$20232 [7] $memory$auto$memory_bmux2rom.cc:63:execute$18996$rdmux[0][2][1]$a$20232 [45] $memory$auto$memory_bmux2rom.cc:63:execute$18996$rdmux[0][2][1]$a$20232 [18] $memory$auto$memory_bmux2rom.cc:63:execute$18996$rdmux[0][2][1]$a$20232 [20] $memory$auto$memory_bmux2rom.cc:63:execute$18996$rdmux[0][2][1]$a$20232 [10] 3'000 $memory$auto$memory_bmux2rom.cc:63:execute$18996$rdmux[0][2][1]$a$20232 [12] $memory$auto$memory_bmux2rom.cc:63:execute$18996$rdmux[0][2][1]$a$20232 [7] $memory$auto$memory_bmux2rom.cc:63:execute$18996$rdmux[0][2][1]$a$20232 [7] 2'11 $memory$auto$memory_bmux2rom.cc:63:execute$18996$rdmux[0][2][1]$a$20232 [5] $memory$auto$memory_bmux2rom.cc:63:execute$18996$rdmux[0][2][1]$a$20232 [5] $memory$auto$memory_bmux2rom.cc:63:execute$18996$rdmux[0][2][1]$a$20232 [5] $memory$auto$memory_bmux2rom.cc:63:execute$18996$rdmux[0][2][1]$a$20232 [7] 1'0 $memory$auto$memory_bmux2rom.cc:63:execute$18996$rdmux[0][2][1]$a$20232 [7] $memory$auto$memory_bmux2rom.cc:63:execute$18996$rdmux[0][2][1]$a$20232 [22] 6'000000 $memory$auto$memory_bmux2rom.cc:63:execute$18996$rdmux[0][2][1]$a$20232 [4] $memory$auto$memory_bmux2rom.cc:63:execute$18996$rdmux[0][2][1]$a$20232 [7] 2'00 $memory$auto$memory_bmux2rom.cc:63:execute$18996$rdmux[0][2][1]$a$20232 [5] 4'0011 }
    Consolidated identical input bits for $mux cell $memory$auto$memory_bmux2rom.cc:63:execute$18996$rdmux[0][3][1]$20243:
      Old ports: A=$memory$auto$memory_bmux2rom.cc:63:execute$18996$rdmux[0][3][1]$a$20244, B=$memory$auto$memory_bmux2rom.cc:63:execute$18996$rdmux[0][3][1]$b$20245, Y=$memory$auto$memory_bmux2rom.cc:63:execute$18996$rdmux[0][2][0]$b$20230
      New ports: A={ 1'0 $memory$auto$memory_bmux2rom.cc:63:execute$18996$rdmux[0][3][1]$a$20244 [8] $memory$auto$memory_bmux2rom.cc:63:execute$18996$rdmux[0][3][1]$a$20244 [8] $memory$auto$memory_bmux2rom.cc:63:execute$18996$rdmux[0][3][1]$a$20244 [5] $memory$auto$memory_bmux2rom.cc:63:execute$18996$rdmux[0][3][1]$a$20244 [5] 3'101 $memory$auto$memory_bmux2rom.cc:63:execute$18996$rdmux[0][3][1]$a$20244 [8] $memory$auto$memory_bmux2rom.cc:63:execute$18996$rdmux[0][3][1]$a$20244 [8] $memory$auto$memory_bmux2rom.cc:63:execute$18996$rdmux[0][3][1]$a$20244 [5] $memory$auto$memory_bmux2rom.cc:63:execute$18996$rdmux[0][3][1]$a$20244 [5] }, B={ $memory$auto$memory_bmux2rom.cc:63:execute$18996$rdmux[0][3][1]$b$20245 [18] $memory$auto$memory_bmux2rom.cc:63:execute$18996$rdmux[0][3][1]$b$20245 [18] $memory$auto$memory_bmux2rom.cc:63:execute$18996$rdmux[0][3][1]$b$20245 [6] $memory$auto$memory_bmux2rom.cc:63:execute$18996$rdmux[0][3][1]$b$20245 [18] 1'0 $memory$auto$memory_bmux2rom.cc:63:execute$18996$rdmux[0][3][1]$b$20245 [18] $memory$auto$memory_bmux2rom.cc:63:execute$18996$rdmux[0][3][1]$b$20245 [6] 3'010 $memory$auto$memory_bmux2rom.cc:63:execute$18996$rdmux[0][3][1]$b$20245 [6] 1'1 }, Y={ $memory$auto$memory_bmux2rom.cc:63:execute$18996$rdmux[0][2][0]$b$20230 [46] $memory$auto$memory_bmux2rom.cc:63:execute$18996$rdmux[0][2][0]$b$20230 [23:20] $memory$auto$memory_bmux2rom.cc:63:execute$18996$rdmux[0][2][0]$b$20230 [18] $memory$auto$memory_bmux2rom.cc:63:execute$18996$rdmux[0][2][0]$b$20230 [13:12] $memory$auto$memory_bmux2rom.cc:63:execute$18996$rdmux[0][2][0]$b$20230 [10] $memory$auto$memory_bmux2rom.cc:63:execute$18996$rdmux[0][2][0]$b$20230 [8] $memory$auto$memory_bmux2rom.cc:63:execute$18996$rdmux[0][2][0]$b$20230 [6:5] }
      New connections: { $memory$auto$memory_bmux2rom.cc:63:execute$18996$rdmux[0][2][0]$b$20230 [63:47] $memory$auto$memory_bmux2rom.cc:63:execute$18996$rdmux[0][2][0]$b$20230 [45:24] $memory$auto$memory_bmux2rom.cc:63:execute$18996$rdmux[0][2][0]$b$20230 [19] $memory$auto$memory_bmux2rom.cc:63:execute$18996$rdmux[0][2][0]$b$20230 [17:14] $memory$auto$memory_bmux2rom.cc:63:execute$18996$rdmux[0][2][0]$b$20230 [11] $memory$auto$memory_bmux2rom.cc:63:execute$18996$rdmux[0][2][0]$b$20230 [9] $memory$auto$memory_bmux2rom.cc:63:execute$18996$rdmux[0][2][0]$b$20230 [7] $memory$auto$memory_bmux2rom.cc:63:execute$18996$rdmux[0][2][0]$b$20230 [4:0] } = { 1'0 $memory$auto$memory_bmux2rom.cc:63:execute$18996$rdmux[0][2][0]$b$20230 [46] 1'0 $memory$auto$memory_bmux2rom.cc:63:execute$18996$rdmux[0][2][0]$b$20230 [13] 4'0000 $memory$auto$memory_bmux2rom.cc:63:execute$18996$rdmux[0][2][0]$b$20230 [22] $memory$auto$memory_bmux2rom.cc:63:execute$18996$rdmux[0][2][0]$b$20230 [8] 3'000 $memory$auto$memory_bmux2rom.cc:63:execute$18996$rdmux[0][2][0]$b$20230 [10] 1'0 $memory$auto$memory_bmux2rom.cc:63:execute$18996$rdmux[0][2][0]$b$20230 [22] 1'0 $memory$auto$memory_bmux2rom.cc:63:execute$18996$rdmux[0][2][0]$b$20230 [13] $memory$auto$memory_bmux2rom.cc:63:execute$18996$rdmux[0][2][0]$b$20230 [8] 1'0 $memory$auto$memory_bmux2rom.cc:63:execute$18996$rdmux[0][2][0]$b$20230 [18] 1'0 $memory$auto$memory_bmux2rom.cc:63:execute$18996$rdmux[0][2][0]$b$20230 [12] 2'00 $memory$auto$memory_bmux2rom.cc:63:execute$18996$rdmux[0][2][0]$b$20230 [13:12] 1'0 $memory$auto$memory_bmux2rom.cc:63:execute$18996$rdmux[0][2][0]$b$20230 [20] 2'11 $memory$auto$memory_bmux2rom.cc:63:execute$18996$rdmux[0][2][0]$b$20230 [13] $memory$auto$memory_bmux2rom.cc:63:execute$18996$rdmux[0][2][0]$b$20230 [6] $memory$auto$memory_bmux2rom.cc:63:execute$18996$rdmux[0][2][0]$b$20230 [6] $memory$auto$memory_bmux2rom.cc:63:execute$18996$rdmux[0][2][0]$b$20230 [6] $memory$auto$memory_bmux2rom.cc:63:execute$18996$rdmux[0][2][0]$b$20230 [20] 1'0 $memory$auto$memory_bmux2rom.cc:63:execute$18996$rdmux[0][2][0]$b$20230 [20] $memory$auto$memory_bmux2rom.cc:63:execute$18996$rdmux[0][2][0]$b$20230 [6] 2'00 $memory$auto$memory_bmux2rom.cc:63:execute$18996$rdmux[0][2][0]$b$20230 [12] 1'0 $memory$auto$memory_bmux2rom.cc:63:execute$18996$rdmux[0][2][0]$b$20230 [8] 8'00010011 }
    Consolidated identical input bits for $mux cell $procmux$5778:
      Old ports: A=$procmux$5987_Y, B={ \u_control_shell.u_core.u_ibex_core.cs_registers_i.csr_wdata_int [31:1] 1'0 }, Y=$procmux$5778_Y
      New ports: A=$procmux$5987_Y [31:1], B=\u_control_shell.u_core.u_ibex_core.cs_registers_i.csr_wdata_int [31:1], Y=$procmux$5778_Y [31:1]
      New connections: $procmux$5778_Y [0] = 1'0
    Consolidated identical input bits for $mux cell $procmux$5862:
      Old ports: A={ \u_control_shell.u_core.u_ibex_core.cs_registers_i.csr_wdata_int [31:1] 1'0 }, B=$procmux$5987_Y, Y=$procmux$5862_Y
      New ports: A=\u_control_shell.u_core.u_ibex_core.cs_registers_i.csr_wdata_int [31:1], B=$procmux$5987_Y [31:1], Y=$procmux$5862_Y [31:1]
      New connections: $procmux$5862_Y [0] = 1'0
    Consolidated identical input bits for $mux cell $procmux$6497:
      Old ports: A={ \u_control_shell.u_core.u_ibex_core.cs_registers_i.u_cpuctrlsts_part_csr.rdata_q [7:6] 6'000000 }, B=$procmux$6188_Y, Y={ $procmux$6497_Y [7:6] \u_control_shell.u_core.u_ibex_core.cs_registers_i.u_cpuctrlsts_part_csr.wr_data_i [5:0] }
      New ports: A=\u_control_shell.u_core.u_ibex_core.cs_registers_i.u_cpuctrlsts_part_csr.rdata_q [7:6], B=$procmux$6188_Y [7:6], Y=$procmux$6497_Y [7:6]
      New connections: \u_control_shell.u_core.u_ibex_core.cs_registers_i.u_cpuctrlsts_part_csr.wr_data_i [5:0] = 6'000000
    Consolidated identical input bits for $mux cell $procmux$6790:
      Old ports: A={ 10'0000000000 $auto$wreduce.cc:513:run$18140 [20:0] }, B=$auto$wreduce.cc:513:run$18146 [30:0], Y=$procmux$6790_Y [30:0]
      New ports: A={ 1'0 $auto$wreduce.cc:513:run$18140 [0] }, B={ $auto$wreduce.cc:513:run$18146 [12] 1'1 }, Y={ $procmux$6790_Y [12] $procmux$6790_Y [0] }
      New connections: { $procmux$6790_Y [30:13] $procmux$6790_Y [11:1] } = { $procmux$6790_Y [12] $procmux$6790_Y [12] $procmux$6790_Y [12] $procmux$6790_Y [12] 1'0 $procmux$6790_Y [12] $procmux$6790_Y [12] 2'00 $procmux$6790_Y [12] $procmux$6790_Y [0] 1'0 $procmux$6790_Y [12] 1'0 $procmux$6790_Y [12] 8'00000000 $procmux$6790_Y [0] $procmux$6790_Y [0] $procmux$6790_Y [0] 2'00 $procmux$6790_Y [0] }
    Consolidated identical input bits for $mux cell $procmux$6840:
      Old ports: A=13'1001000011011, B={ \u_control_shell.u_dm.i_dm_csrs.command_q [4:0] 1'1 \u_control_shell.u_dm.i_dm_csrs.command_q [22:20] 1'0 $auto$wreduce.cc:513:run$18142 [2:0] }, Y={ $auto$wreduce.cc:513:run$18143 [24:20] $auto$wreduce.cc:513:run$18143 [16] $auto$wreduce.cc:513:run$18143 [14:12] $auto$wreduce.cc:513:run$18143 [4] $auto$wreduce.cc:513:run$18143 [2:0] }
      New ports: A=11'10010000110, B={ \u_control_shell.u_dm.i_dm_csrs.command_q [4:0] 1'1 \u_control_shell.u_dm.i_dm_csrs.command_q [22:20] 1'0 $auto$wreduce.cc:513:run$18142 [2] }, Y={ $auto$wreduce.cc:513:run$18143 [24:20] $auto$wreduce.cc:513:run$18143 [16] $auto$wreduce.cc:513:run$18143 [14:12] $auto$wreduce.cc:513:run$18143 [4] $auto$wreduce.cc:513:run$18143 [2] }
      New connections: $auto$wreduce.cc:513:run$18143 [1:0] = 2'11
    Consolidated identical input bits for $mux cell $procmux$6859:
      Old ports: A={ $auto$wreduce.cc:513:run$18141 [94:0] $auto$wreduce.cc:513:run$18143 [30:0] }, B={ 48'111101100100000001001000111001100111000100001010 \u_control_shell.u_dm.i_dm_csrs.command_q [22:20] 75'000000100011011110110011000000100100011100111111011001001000001000001110011 }, Y={ $auto$wreduce.cc:513:run$18144 [126:32] $auto$wreduce.cc:513:run$18144 [30:0] }
      New ports: A={ $auto$wreduce.cc:513:run$18141 [46:44] $auto$wreduce.cc:513:run$18141 [36] $auto$wreduce.cc:513:run$18141 [31:20] $auto$wreduce.cc:513:run$18141 [5] $auto$wreduce.cc:513:run$18143 [24:20] $auto$wreduce.cc:513:run$18143 [16] $auto$wreduce.cc:513:run$18143 [14:12] $auto$wreduce.cc:513:run$18143 [4] $auto$wreduce.cc:513:run$18143 [2:0] }, B={ \u_control_shell.u_dm.i_dm_csrs.command_q [22:20] 27'001111011001111001000011011 }, Y={ $auto$wreduce.cc:513:run$18144 [78:76] $auto$wreduce.cc:513:run$18144 [68] $auto$wreduce.cc:513:run$18144 [63:52] $auto$wreduce.cc:513:run$18144 [37] $auto$wreduce.cc:513:run$18144 [24:20] $auto$wreduce.cc:513:run$18144 [16] $auto$wreduce.cc:513:run$18144 [14:12] $auto$wreduce.cc:513:run$18144 [4] $auto$wreduce.cc:513:run$18144 [2:0] }
      New connections: { $auto$wreduce.cc:513:run$18144 [126:79] $auto$wreduce.cc:513:run$18144 [75:69] $auto$wreduce.cc:513:run$18144 [67:64] $auto$wreduce.cc:513:run$18144 [51:38] $auto$wreduce.cc:513:run$18144 [36:32] $auto$wreduce.cc:513:run$18144 [30:25] $auto$wreduce.cc:513:run$18144 [19:17] $auto$wreduce.cc:513:run$18144 [15] $auto$wreduce.cc:513:run$18144 [11:5] $auto$wreduce.cc:513:run$18144 [3] } = { $auto$wreduce.cc:513:run$18144 [37] $auto$wreduce.cc:513:run$18144 [37] $auto$wreduce.cc:513:run$18144 [37] $auto$wreduce.cc:513:run$18144 [37] 1'0 $auto$wreduce.cc:513:run$18144 [37] $auto$wreduce.cc:513:run$18144 [37] 2'00 $auto$wreduce.cc:513:run$18144 [37] 7'0000000 $auto$wreduce.cc:513:run$18144 [37] 2'00 $auto$wreduce.cc:513:run$18144 [37] 3'000 $auto$wreduce.cc:513:run$18144 [37] $auto$wreduce.cc:513:run$18144 [37] 7'1001100 $auto$wreduce.cc:513:run$18144 [37] $auto$wreduce.cc:513:run$18144 [37] $auto$wreduce.cc:513:run$18144 [37] 3'000 $auto$wreduce.cc:513:run$18144 [37] 4'0000 $auto$wreduce.cc:513:run$18144 [37] 1'0 $auto$wreduce.cc:513:run$18144 [37] 7'0000000 $auto$wreduce.cc:513:run$18144 [37] 10'0011000000 $auto$wreduce.cc:513:run$18144 [37] 2'00 $auto$wreduce.cc:513:run$18144 [37] 3'000 $auto$wreduce.cc:513:run$18144 [37] 5'10011 $auto$wreduce.cc:513:run$18144 [4] 4'1110 $auto$wreduce.cc:513:run$18144 [4] 9'010000000 $auto$wreduce.cc:513:run$18144 [4] 2'10 }
    Consolidated identical input bits for $mux cell $procmux$6887:
      Old ports: A=$auto$wreduce.cc:513:run$18144 [126:0], B=127'0000000000000000000000000010011000000000000000000000000000100110000000000000000000000000001001100000000000000000000000000010011, Y=$auto$wreduce.cc:513:run$18145 [126:0]
      New ports: A={ $auto$wreduce.cc:513:run$18144 [126:32] $auto$wreduce.cc:513:run$18144 [30:0] }, B=126'000000000000000000000000001001100000000000000000000000000010011000000000000000000000000000100110000000000000000000000000010011, Y={ $auto$wreduce.cc:513:run$18145 [126:32] $auto$wreduce.cc:513:run$18145 [30:0] }
      New connections: $auto$wreduce.cc:513:run$18145 [31] = 1'0
    Consolidated identical input bits for $mux cell $procmux$6938:
      Old ports: A=$procmux$6790_Y, B={ 1'0 $auto$wreduce.cc:513:run$18146 [30:0] }, Y=$procmux$6938_Y
      New ports: A=$procmux$6790_Y [30:0], B={ $auto$wreduce.cc:513:run$18146 [12] $auto$wreduce.cc:513:run$18146 [12] $auto$wreduce.cc:513:run$18146 [12] $auto$wreduce.cc:513:run$18146 [12] 1'0 $auto$wreduce.cc:513:run$18146 [12] $auto$wreduce.cc:513:run$18146 [12] 2'00 $auto$wreduce.cc:513:run$18146 [12] 2'10 $auto$wreduce.cc:513:run$18146 [12] 1'0 $auto$wreduce.cc:513:run$18146 [12] 3'000 $auto$wreduce.cc:513:run$18146 [12] 12'000001110011 }, Y=$procmux$6938_Y [30:0]
      New connections: $procmux$6938_Y [31] = 1'0
    Consolidated identical input bits for $mux cell $procmux$6979:
      Old ports: A=13'0001000001011, B={ 1'1 \u_control_shell.u_dm.i_dm_csrs.command_q [22:20] \u_control_shell.u_dm.i_dm_csrs.command_q [4:0] 1'0 $auto$wreduce.cc:513:run$18142 [2:0] }, Y={ $auto$wreduce.cc:513:run$18150 [16] $auto$wreduce.cc:513:run$18150 [14:7] $auto$wreduce.cc:513:run$18150 [4] $auto$wreduce.cc:513:run$18150 [2:0] }
      New ports: A=11'00010000010, B={ 1'1 \u_control_shell.u_dm.i_dm_csrs.command_q [22:20] \u_control_shell.u_dm.i_dm_csrs.command_q [4:0] 1'0 $auto$wreduce.cc:513:run$18142 [2] }, Y={ $auto$wreduce.cc:513:run$18150 [16] $auto$wreduce.cc:513:run$18150 [14:7] $auto$wreduce.cc:513:run$18150 [4] $auto$wreduce.cc:513:run$18150 [2] }
      New connections: $auto$wreduce.cc:513:run$18150 [1:0] = 2'11
    Consolidated identical input bits for $mux cell $procmux$6995:
      Old ports: A={ $auto$wreduce.cc:513:run$18148 [94:0] $auto$wreduce.cc:513:run$18150 [30:0] }, B={ 80'11110110010000000100100011100110111101100110100000100000111001100111000000001010 \u_control_shell.u_dm.i_dm_csrs.command_q [22:20] 43'0100000000111111011001001000001000001110011 }, Y={ $auto$wreduce.cc:513:run$18151 [126:32] $auto$wreduce.cc:513:run$18151 [30:0] }
      New ports: A={ $auto$wreduce.cc:513:run$18148 [63:52] $auto$wreduce.cc:513:run$18148 [14:12] $auto$wreduce.cc:513:run$18148 [10] $auto$wreduce.cc:513:run$18148 [4] $auto$wreduce.cc:513:run$18150 [16] $auto$wreduce.cc:513:run$18150 [14:7] $auto$wreduce.cc:513:run$18150 [4] $auto$wreduce.cc:513:run$18150 [2:0] }, B={ 12'011110110011 \u_control_shell.u_dm.i_dm_csrs.command_q [22:20] 15'100001000001011 }, Y={ $auto$wreduce.cc:513:run$18151 [95:84] $auto$wreduce.cc:513:run$18151 [46:44] $auto$wreduce.cc:513:run$18151 [42] $auto$wreduce.cc:513:run$18151 [36] $auto$wreduce.cc:513:run$18151 [16] $auto$wreduce.cc:513:run$18151 [14:7] $auto$wreduce.cc:513:run$18151 [4] $auto$wreduce.cc:513:run$18151 [2:0] }
      New connections: { $auto$wreduce.cc:513:run$18151 [126:96] $auto$wreduce.cc:513:run$18151 [83:47] $auto$wreduce.cc:513:run$18151 [43] $auto$wreduce.cc:513:run$18151 [41:37] $auto$wreduce.cc:513:run$18151 [35:32] $auto$wreduce.cc:513:run$18151 [30:17] $auto$wreduce.cc:513:run$18151 [15] $auto$wreduce.cc:513:run$18151 [6:5] $auto$wreduce.cc:513:run$18151 [3] } = { $auto$wreduce.cc:513:run$18151 [42] $auto$wreduce.cc:513:run$18151 [42] $auto$wreduce.cc:513:run$18151 [42] $auto$wreduce.cc:513:run$18151 [42] 1'0 $auto$wreduce.cc:513:run$18151 [42] $auto$wreduce.cc:513:run$18151 [42] 2'00 $auto$wreduce.cc:513:run$18151 [42] 7'0000000 $auto$wreduce.cc:513:run$18151 [42] 2'00 $auto$wreduce.cc:513:run$18151 [42] 3'000 $auto$wreduce.cc:513:run$18151 [42] $auto$wreduce.cc:513:run$18151 [42] 6'100110 $auto$wreduce.cc:513:run$18151 [42] 5'00000 $auto$wreduce.cc:513:run$18151 [42] 5'00000 $auto$wreduce.cc:513:run$18151 [42] $auto$wreduce.cc:513:run$18151 [42] 7'1001100 $auto$wreduce.cc:513:run$18151 [42] $auto$wreduce.cc:513:run$18151 [42] $auto$wreduce.cc:513:run$18151 [42] 8'00000000 $auto$wreduce.cc:513:run$18151 [42] 1'0 $auto$wreduce.cc:513:run$18151 [42] 11'00000000011 $auto$wreduce.cc:513:run$18151 [4] 4'1110 $auto$wreduce.cc:513:run$18151 [4] $auto$wreduce.cc:513:run$18151 [4] 2'00 $auto$wreduce.cc:513:run$18151 [4] 5'00100 $auto$wreduce.cc:513:run$18151 [4] $auto$wreduce.cc:513:run$18151 [4] 1'0 }
    Consolidated identical input bits for $mux cell $procmux$7017:
      Old ports: A=$auto$wreduce.cc:513:run$18151 [126:0], B=127'0000000000000000000000000010011000000000000000000000000000100110000000000000000000000000001001100000000000000000000000000010011, Y=$auto$wreduce.cc:513:run$18152 [126:0]
      New ports: A={ $auto$wreduce.cc:513:run$18151 [126:32] $auto$wreduce.cc:513:run$18151 [30:0] }, B=126'000000000000000000000000001001100000000000000000000000000010011000000000000000000000000000100110000000000000000000000000010011, Y={ $auto$wreduce.cc:513:run$18152 [126:32] $auto$wreduce.cc:513:run$18152 [30:0] }
      New connections: $auto$wreduce.cc:513:run$18152 [31] = 1'0
    Consolidated identical input bits for $mux cell $procmux$7034:
      Old ports: A=21'100000000000001110011, B=$auto$wreduce.cc:513:run$18139 [20:0], Y=\u_control_shell.u_dm.i_dm_mem.abstract_cmd [308:288]
      New ports: A=1'1, B=$auto$wreduce.cc:513:run$18139 [5], Y=\u_control_shell.u_dm.i_dm_mem.abstract_cmd [293]
      New connections: { \u_control_shell.u_dm.i_dm_mem.abstract_cmd [308:294] \u_control_shell.u_dm.i_dm_mem.abstract_cmd [292:288] } = { \u_control_shell.u_dm.i_dm_mem.abstract_cmd [293] 13'0000000000000 \u_control_shell.u_dm.i_dm_mem.abstract_cmd [293] 5'10011 }
    Consolidated identical input bits for $mux cell $procmux$7038:
      Old ports: A=128'00000000000000000000000000010011000000000000000000000000000100110000000000000000000000000001001100000000000000000000000000010011, B=$procmux$6930_Y, Y=\u_control_shell.u_dm.i_dm_mem.abstract_cmd [255:128]
      New ports: A=127'0000000000000000000000000010011000000000000000000000000000100110000000000000000000000000001001100000000000000000000000000010011, B=$procmux$6930_Y [126:0], Y=\u_control_shell.u_dm.i_dm_mem.abstract_cmd [254:128]
      New connections: \u_control_shell.u_dm.i_dm_mem.abstract_cmd [255] = 1'0
    Consolidated identical input bits for $mux cell $procmux$757:
      Old ports: A=$procmux$743_Y, B=4'0111, Y=$procmux$757_Y
      New ports: A=$procmux$743_Y [1:0], B=2'11, Y=$procmux$757_Y [1:0]
      New connections: $procmux$757_Y [3:2] = 2'01
    Consolidated identical input bits for $mux cell $procmux$827:
      Old ports: A=$procmux$810_Y, B=4'0100, Y=$procmux$827_Y
      New ports: A={ 2'01 $procmux$810_Y [0] }, B=3'100, Y=$procmux$827_Y [2:0]
      New connections: $procmux$827_Y [3] = 1'0
    Consolidated identical input bits for $pmux cell $procmux$8466:
      Old ports: A=$procmux$8478_Y, B={ $procmux$8461_Y $procmux$8454_Y $procmux$8448_Y }, Y=\u_control_shell.u_core.u_ibex_core.load_store_unit_i.rdata_b_ext
      New ports: A={ $procmux$8478_Y [8] \u_control_shell.u_core.u_ibex_core.load_store_unit_i.data_rdata_i [7:0] }, B={ $procmux$8461_Y [8] \u_control_shell.u_core.u_ibex_core.load_store_unit_i.data_rdata_i [15:8] $procmux$8454_Y [8] \u_control_shell.u_core.u_ibex_core.load_store_unit_i.data_rdata_i [23:16] $procmux$8448_Y [8] \u_control_shell.u_core.u_ibex_core.load_store_unit_i.data_rdata_i [31:24] }, Y=\u_control_shell.u_core.u_ibex_core.load_store_unit_i.rdata_b_ext [8:0]
      New connections: \u_control_shell.u_core.u_ibex_core.load_store_unit_i.rdata_b_ext [31:9] = { \u_control_shell.u_core.u_ibex_core.load_store_unit_i.rdata_b_ext [8] \u_control_shell.u_core.u_ibex_core.load_store_unit_i.rdata_b_ext [8] \u_control_shell.u_core.u_ibex_core.load_store_unit_i.rdata_b_ext [8] \u_control_shell.u_core.u_ibex_core.load_store_unit_i.rdata_b_ext [8] \u_control_shell.u_core.u_ibex_core.load_store_unit_i.rdata_b_ext [8] \u_control_shell.u_core.u_ibex_core.load_store_unit_i.rdata_b_ext [8] \u_control_shell.u_core.u_ibex_core.load_store_unit_i.rdata_b_ext [8] \u_control_shell.u_core.u_ibex_core.load_store_unit_i.rdata_b_ext [8] \u_control_shell.u_core.u_ibex_core.load_store_unit_i.rdata_b_ext [8] \u_control_shell.u_core.u_ibex_core.load_store_unit_i.rdata_b_ext [8] \u_control_shell.u_core.u_ibex_core.load_store_unit_i.rdata_b_ext [8] \u_control_shell.u_core.u_ibex_core.load_store_unit_i.rdata_b_ext [8] \u_control_shell.u_core.u_ibex_core.load_store_unit_i.rdata_b_ext [8] \u_control_shell.u_core.u_ibex_core.load_store_unit_i.rdata_b_ext [8] \u_control_shell.u_core.u_ibex_core.load_store_unit_i.rdata_b_ext [8] \u_control_shell.u_core.u_ibex_core.load_store_unit_i.rdata_b_ext [8] \u_control_shell.u_core.u_ibex_core.load_store_unit_i.rdata_b_ext [8] \u_control_shell.u_core.u_ibex_core.load_store_unit_i.rdata_b_ext [8] \u_control_shell.u_core.u_ibex_core.load_store_unit_i.rdata_b_ext [8] \u_control_shell.u_core.u_ibex_core.load_store_unit_i.rdata_b_ext [8] \u_control_shell.u_core.u_ibex_core.load_store_unit_i.rdata_b_ext [8] \u_control_shell.u_core.u_ibex_core.load_store_unit_i.rdata_b_ext [8] \u_control_shell.u_core.u_ibex_core.load_store_unit_i.rdata_b_ext [8] }
    Consolidated identical input bits for $pmux cell $procmux$8501:
      Old ports: A=$procmux$8513_Y, B={ $procmux$8496_Y $procmux$8489_Y $procmux$8483_Y }, Y=\u_control_shell.u_core.u_ibex_core.load_store_unit_i.rdata_h_ext
      New ports: A={ $procmux$8513_Y [16] \u_control_shell.u_core.u_ibex_core.load_store_unit_i.data_rdata_i [15:0] }, B={ $procmux$8496_Y [16] \u_control_shell.u_core.u_ibex_core.load_store_unit_i.data_rdata_i [23:8] $procmux$8489_Y [16] \u_control_shell.u_core.u_ibex_core.load_store_unit_i.data_rdata_i [31:16] $procmux$8483_Y [16] \u_control_shell.u_core.u_ibex_core.load_store_unit_i.data_rdata_i [7:0] \u_control_shell.u_core.u_ibex_core.load_store_unit_i.rdata_q [23:16] }, Y=\u_control_shell.u_core.u_ibex_core.load_store_unit_i.rdata_h_ext [16:0]
      New connections: \u_control_shell.u_core.u_ibex_core.load_store_unit_i.rdata_h_ext [31:17] = { \u_control_shell.u_core.u_ibex_core.load_store_unit_i.rdata_h_ext [16] \u_control_shell.u_core.u_ibex_core.load_store_unit_i.rdata_h_ext [16] \u_control_shell.u_core.u_ibex_core.load_store_unit_i.rdata_h_ext [16] \u_control_shell.u_core.u_ibex_core.load_store_unit_i.rdata_h_ext [16] \u_control_shell.u_core.u_ibex_core.load_store_unit_i.rdata_h_ext [16] \u_control_shell.u_core.u_ibex_core.load_store_unit_i.rdata_h_ext [16] \u_control_shell.u_core.u_ibex_core.load_store_unit_i.rdata_h_ext [16] \u_control_shell.u_core.u_ibex_core.load_store_unit_i.rdata_h_ext [16] \u_control_shell.u_core.u_ibex_core.load_store_unit_i.rdata_h_ext [16] \u_control_shell.u_core.u_ibex_core.load_store_unit_i.rdata_h_ext [16] \u_control_shell.u_core.u_ibex_core.load_store_unit_i.rdata_h_ext [16] \u_control_shell.u_core.u_ibex_core.load_store_unit_i.rdata_h_ext [16] \u_control_shell.u_core.u_ibex_core.load_store_unit_i.rdata_h_ext [16] \u_control_shell.u_core.u_ibex_core.load_store_unit_i.rdata_h_ext [16] \u_control_shell.u_core.u_ibex_core.load_store_unit_i.rdata_h_ext [16] }
    Consolidated identical input bits for $mux cell $procmux$8977:
      Old ports: A={ \u_control_shell.u_core.u_ibex_core.cs_registers_i.csr_wdata_i 1'1 }, B=\u_control_shell.u_core.u_ibex_core.ex_block_i.alu_i.multdiv_operand_a_i, Y=\u_control_shell.u_core.u_ibex_core.ex_block_i.alu_i.adder_in_a
      New ports: A=\u_control_shell.u_core.u_ibex_core.cs_registers_i.csr_wdata_i, B=\u_control_shell.u_core.u_ibex_core.ex_block_i.alu_i.multdiv_operand_a_i [32:1], Y=\u_control_shell.u_core.u_ibex_core.ex_block_i.alu_i.adder_in_a [32:1]
      New connections: \u_control_shell.u_core.u_ibex_core.ex_block_i.alu_i.adder_in_a [0] = 1'1
    Consolidated identical input bits for $mux cell $procmux$9393:
      Old ports: A=$auto$wreduce.cc:513:run$18155 [2:0], B=3'101, Y=$auto$wreduce.cc:513:run$18156 [2:0]
      New ports: A=$auto$wreduce.cc:513:run$18155 [1:0], B=2'01, Y=$auto$wreduce.cc:513:run$18156 [1:0]
      New connections: $auto$wreduce.cc:513:run$18156 [2] = $auto$wreduce.cc:513:run$18156 [0]
    Consolidated identical input bits for $mux cell $procmux$9443:
      Old ports: A=$procmux$9417_Y, B=3'011, Y=$procmux$9443_Y
      New ports: A={ $procmux$9417_Y [2] 1'0 }, B=2'01, Y={ $procmux$9443_Y [2] $procmux$9443_Y [0] }
      New connections: $procmux$9443_Y [1] = $procmux$9443_Y [0]
    Consolidated identical input bits for $mux cell $1397:
      Old ports: A=$1396y, B=3'011, Y=$1397y
      New ports: A={ $1396y [2] 1'0 }, B=2'01, Y={ $1397y [2] $1397y [0] }
      New connections: $1397y [1] = $1397y [0]
  Optimizing cells in module \agriasic_digital_rv32i_top.
    Consolidated identical input bits for $mux cell $memory$auto$memory_bmux2rom.cc:63:execute$18996$rdmux[0][2][2]$20234:
      Old ports: A=$memory$auto$memory_bmux2rom.cc:63:execute$18996$rdmux[0][2][2]$a$20235, B=64'x, Y=$memory$auto$memory_bmux2rom.cc:63:execute$18996$rdmux[0][1][1]$a$20226
      New ports: A={ $memory$auto$memory_bmux2rom.cc:63:execute$18996$rdmux[0][2][2]$a$20235 [42] $memory$auto$memory_bmux2rom.cc:63:execute$18996$rdmux[0][2][2]$a$20235 [28] $memory$auto$memory_bmux2rom.cc:63:execute$18996$rdmux[0][2][2]$a$20235 [20] $memory$auto$memory_bmux2rom.cc:63:execute$18996$rdmux[0][2][2]$a$20235 [16] $memory$auto$memory_bmux2rom.cc:63:execute$18996$rdmux[0][2][2]$a$20235 [11] $memory$auto$memory_bmux2rom.cc:63:execute$18996$rdmux[0][2][2]$a$20235 [8] 1'0 $memory$auto$memory_bmux2rom.cc:63:execute$18996$rdmux[0][2][2]$a$20235 [6] $memory$auto$memory_bmux2rom.cc:63:execute$18996$rdmux[0][2][2]$a$20235 [4] $memory$auto$memory_bmux2rom.cc:63:execute$18996$rdmux[0][2][2]$a$20235 [2] 1'1 }, B=11'x, Y={ $memory$auto$memory_bmux2rom.cc:63:execute$18996$rdmux[0][1][1]$a$20226 [42] $memory$auto$memory_bmux2rom.cc:63:execute$18996$rdmux[0][1][1]$a$20226 [28] $memory$auto$memory_bmux2rom.cc:63:execute$18996$rdmux[0][1][1]$a$20226 [20] $memory$auto$memory_bmux2rom.cc:63:execute$18996$rdmux[0][1][1]$a$20226 [16] $memory$auto$memory_bmux2rom.cc:63:execute$18996$rdmux[0][1][1]$a$20226 [11] $memory$auto$memory_bmux2rom.cc:63:execute$18996$rdmux[0][1][1]$a$20226 [8:6] $memory$auto$memory_bmux2rom.cc:63:execute$18996$rdmux[0][1][1]$a$20226 [4] $memory$auto$memory_bmux2rom.cc:63:execute$18996$rdmux[0][1][1]$a$20226 [2] $memory$auto$memory_bmux2rom.cc:63:execute$18996$rdmux[0][1][1]$a$20226 [0] }
      New connections: { $memory$auto$memory_bmux2rom.cc:63:execute$18996$rdmux[0][1][1]$a$20226 [63:43] $memory$auto$memory_bmux2rom.cc:63:execute$18996$rdmux[0][1][1]$a$20226 [41:29] $memory$auto$memory_bmux2rom.cc:63:execute$18996$rdmux[0][1][1]$a$20226 [27:21] $memory$auto$memory_bmux2rom.cc:63:execute$18996$rdmux[0][1][1]$a$20226 [19:17] $memory$auto$memory_bmux2rom.cc:63:execute$18996$rdmux[0][1][1]$a$20226 [15:12] $memory$auto$memory_bmux2rom.cc:63:execute$18996$rdmux[0][1][1]$a$20226 [10:9] $memory$auto$memory_bmux2rom.cc:63:execute$18996$rdmux[0][1][1]$a$20226 [5] $memory$auto$memory_bmux2rom.cc:63:execute$18996$rdmux[0][1][1]$a$20226 [3] $memory$auto$memory_bmux2rom.cc:63:execute$18996$rdmux[0][1][1]$a$20226 [1] } = { $memory$auto$memory_bmux2rom.cc:63:execute$18996$rdmux[0][1][1]$a$20226 [2] $memory$auto$memory_bmux2rom.cc:63:execute$18996$rdmux[0][1][1]$a$20226 [0] $memory$auto$memory_bmux2rom.cc:63:execute$18996$rdmux[0][1][1]$a$20226 [0] $memory$auto$memory_bmux2rom.cc:63:execute$18996$rdmux[0][1][1]$a$20226 [0] $memory$auto$memory_bmux2rom.cc:63:execute$18996$rdmux[0][1][1]$a$20226 [28] $memory$auto$memory_bmux2rom.cc:63:execute$18996$rdmux[0][1][1]$a$20226 [7] $memory$auto$memory_bmux2rom.cc:63:execute$18996$rdmux[0][1][1]$a$20226 [28] $memory$auto$memory_bmux2rom.cc:63:execute$18996$rdmux[0][1][1]$a$20226 [0] $memory$auto$memory_bmux2rom.cc:63:execute$18996$rdmux[0][1][1]$a$20226 [7] $memory$auto$memory_bmux2rom.cc:63:execute$18996$rdmux[0][1][1]$a$20226 [2] $memory$auto$memory_bmux2rom.cc:63:execute$18996$rdmux[0][1][1]$a$20226 [28] $memory$auto$memory_bmux2rom.cc:63:execute$18996$rdmux[0][1][1]$a$20226 [11] $memory$auto$memory_bmux2rom.cc:63:execute$18996$rdmux[0][1][1]$a$20226 [7] $memory$auto$memory_bmux2rom.cc:63:execute$18996$rdmux[0][1][1]$a$20226 [7] $memory$auto$memory_bmux2rom.cc:63:execute$18996$rdmux[0][1][1]$a$20226 [7] $memory$auto$memory_bmux2rom.cc:63:execute$18996$rdmux[0][1][1]$a$20226 [7] $memory$auto$memory_bmux2rom.cc:63:execute$18996$rdmux[0][1][1]$a$20226 [7] $memory$auto$memory_bmux2rom.cc:63:execute$18996$rdmux[0][1][1]$a$20226 [7] $memory$auto$memory_bmux2rom.cc:63:execute$18996$rdmux[0][1][1]$a$20226 [42] $memory$auto$memory_bmux2rom.cc:63:execute$18996$rdmux[0][1][1]$a$20226 [7] $memory$auto$memory_bmux2rom.cc:63:execute$18996$rdmux[0][1][1]$a$20226 [7] $memory$auto$memory_bmux2rom.cc:63:execute$18996$rdmux[0][1][1]$a$20226 [7] $memory$auto$memory_bmux2rom.cc:63:execute$18996$rdmux[0][1][1]$a$20226 [11] $memory$auto$memory_bmux2rom.cc:63:execute$18996$rdmux[0][1][1]$a$20226 [7] $memory$auto$memory_bmux2rom.cc:63:execute$18996$rdmux[0][1][1]$a$20226 [0] $memory$auto$memory_bmux2rom.cc:63:execute$18996$rdmux[0][1][1]$a$20226 [0] $memory$auto$memory_bmux2rom.cc:63:execute$18996$rdmux[0][1][1]$a$20226 [0] $memory$auto$memory_bmux2rom.cc:63:execute$18996$rdmux[0][1][1]$a$20226 [7] $memory$auto$memory_bmux2rom.cc:63:execute$18996$rdmux[0][1][1]$a$20226 [7] $memory$auto$memory_bmux2rom.cc:63:execute$18996$rdmux[0][1][1]$a$20226 [0] $memory$auto$memory_bmux2rom.cc:63:execute$18996$rdmux[0][1][1]$a$20226 [0] $memory$auto$memory_bmux2rom.cc:63:execute$18996$rdmux[0][1][1]$a$20226 [2] $memory$auto$memory_bmux2rom.cc:63:execute$18996$rdmux[0][1][1]$a$20226 [4] $memory$auto$memory_bmux2rom.cc:63:execute$18996$rdmux[0][1][1]$a$20226 [6] $memory$auto$memory_bmux2rom.cc:63:execute$18996$rdmux[0][1][1]$a$20226 [4] $memory$auto$memory_bmux2rom.cc:63:execute$18996$rdmux[0][1][1]$a$20226 [2] $memory$auto$memory_bmux2rom.cc:63:execute$18996$rdmux[0][1][1]$a$20226 [6] $memory$auto$memory_bmux2rom.cc:63:execute$18996$rdmux[0][1][1]$a$20226 [6] $memory$auto$memory_bmux2rom.cc:63:execute$18996$rdmux[0][1][1]$a$20226 [16] $memory$auto$memory_bmux2rom.cc:63:execute$18996$rdmux[0][1][1]$a$20226 [7] $memory$auto$memory_bmux2rom.cc:63:execute$18996$rdmux[0][1][1]$a$20226 [4] $memory$auto$memory_bmux2rom.cc:63:execute$18996$rdmux[0][1][1]$a$20226 [2] $memory$auto$memory_bmux2rom.cc:63:execute$18996$rdmux[0][1][1]$a$20226 [16] $memory$auto$memory_bmux2rom.cc:63:execute$18996$rdmux[0][1][1]$a$20226 [2] $memory$auto$memory_bmux2rom.cc:63:execute$18996$rdmux[0][1][1]$a$20226 [2] $memory$auto$memory_bmux2rom.cc:63:execute$18996$rdmux[0][1][1]$a$20226 [2] $memory$auto$memory_bmux2rom.cc:63:execute$18996$rdmux[0][1][1]$a$20226 [0] $memory$auto$memory_bmux2rom.cc:63:execute$18996$rdmux[0][1][1]$a$20226 [2] $memory$auto$memory_bmux2rom.cc:63:execute$18996$rdmux[0][1][1]$a$20226 [4] $memory$auto$memory_bmux2rom.cc:63:execute$18996$rdmux[0][1][1]$a$20226 [7] $memory$auto$memory_bmux2rom.cc:63:execute$18996$rdmux[0][1][1]$a$20226 [0] $memory$auto$memory_bmux2rom.cc:63:execute$18996$rdmux[0][1][1]$a$20226 [2] $memory$auto$memory_bmux2rom.cc:63:execute$18996$rdmux[0][1][1]$a$20226 [0] }
    Consolidated identical input bits for $mux cell $memory$auto$memory_bmux2rom.cc:63:execute$18996$rdmux[0][2][1]$20231:
      Old ports: A=$memory$auto$memory_bmux2rom.cc:63:execute$18996$rdmux[0][2][1]$a$20232, B=$memory$auto$memory_bmux2rom.cc:63:execute$18996$rdmux[0][2][1]$b$20233, Y=$memory$auto$memory_bmux2rom.cc:63:execute$18996$rdmux[0][1][0]$b$20224
      New ports: A={ $memory$auto$memory_bmux2rom.cc:63:execute$18996$rdmux[0][2][1]$a$20232 [7] $memory$auto$memory_bmux2rom.cc:63:execute$18996$rdmux[0][2][1]$a$20232 [20] $memory$auto$memory_bmux2rom.cc:63:execute$18996$rdmux[0][2][1]$a$20232 [22] $memory$auto$memory_bmux2rom.cc:63:execute$18996$rdmux[0][2][1]$a$20232 [7] $memory$auto$memory_bmux2rom.cc:63:execute$18996$rdmux[0][2][1]$a$20232 [36] 1'1 $memory$auto$memory_bmux2rom.cc:63:execute$18996$rdmux[0][2][1]$a$20232 [7] $memory$auto$memory_bmux2rom.cc:63:execute$18996$rdmux[0][2][1]$a$20232 [45] $memory$auto$memory_bmux2rom.cc:63:execute$18996$rdmux[0][2][1]$a$20232 [45] $memory$auto$memory_bmux2rom.cc:63:execute$18996$rdmux[0][2][1]$a$20232 [18] $memory$auto$memory_bmux2rom.cc:63:execute$18996$rdmux[0][2][1]$a$20232 [20] $memory$auto$memory_bmux2rom.cc:63:execute$18996$rdmux[0][2][1]$a$20232 [10] $memory$auto$memory_bmux2rom.cc:63:execute$18996$rdmux[0][2][1]$a$20232 [12] $memory$auto$memory_bmux2rom.cc:63:execute$18996$rdmux[0][2][1]$a$20232 [37:36] $memory$auto$memory_bmux2rom.cc:63:execute$18996$rdmux[0][2][1]$a$20232 [5] $memory$auto$memory_bmux2rom.cc:63:execute$18996$rdmux[0][2][1]$a$20232 [30] $memory$auto$memory_bmux2rom.cc:63:execute$18996$rdmux[0][2][1]$a$20232 [5] $memory$auto$memory_bmux2rom.cc:63:execute$18996$rdmux[0][2][1]$a$20232 [7] $memory$auto$memory_bmux2rom.cc:63:execute$18996$rdmux[0][2][1]$a$20232 [22] $memory$auto$memory_bmux2rom.cc:63:execute$18996$rdmux[0][2][1]$a$20232 [22] 1'0 $memory$auto$memory_bmux2rom.cc:63:execute$18996$rdmux[0][2][1]$a$20232 [20] $memory$auto$memory_bmux2rom.cc:63:execute$18996$rdmux[0][2][1]$a$20232 [18] 1'0 $memory$auto$memory_bmux2rom.cc:63:execute$18996$rdmux[0][2][1]$a$20232 [14] $memory$auto$memory_bmux2rom.cc:63:execute$18996$rdmux[0][2][1]$a$20232 [4] $memory$auto$memory_bmux2rom.cc:63:execute$18996$rdmux[0][2][1]$a$20232 [12] $memory$auto$memory_bmux2rom.cc:63:execute$18996$rdmux[0][2][1]$a$20232 [10] 1'0 $memory$auto$memory_bmux2rom.cc:63:execute$18996$rdmux[0][2][1]$a$20232 [7] $memory$auto$memory_bmux2rom.cc:63:execute$18996$rdmux[0][2][1]$a$20232 [5:4] 1'0 }, B={ $memory$auto$memory_bmux2rom.cc:63:execute$18996$rdmux[0][2][1]$b$20233 [37] $memory$auto$memory_bmux2rom.cc:63:execute$18996$rdmux[0][2][1]$b$20233 [13] $memory$auto$memory_bmux2rom.cc:63:execute$18996$rdmux[0][2][1]$b$20233 [2] $memory$auto$memory_bmux2rom.cc:63:execute$18996$rdmux[0][2][1]$b$20233 [2] $memory$auto$memory_bmux2rom.cc:63:execute$18996$rdmux[0][2][1]$b$20233 [13] $memory$auto$memory_bmux2rom.cc:63:execute$18996$rdmux[0][2][1]$b$20233 [48] $memory$auto$memory_bmux2rom.cc:63:execute$18996$rdmux[0][2][1]$b$20233 [48] $memory$auto$memory_bmux2rom.cc:63:execute$18996$rdmux[0][2][1]$b$20233 [2] $memory$auto$memory_bmux2rom.cc:63:execute$18996$rdmux[0][2][1]$b$20233 [37] $memory$auto$memory_bmux2rom.cc:63:execute$18996$rdmux[0][2][1]$b$20233 [2] $memory$auto$memory_bmux2rom.cc:63:execute$18996$rdmux[0][2][1]$b$20233 [12] 1'1 $memory$auto$memory_bmux2rom.cc:63:execute$18996$rdmux[0][2][1]$b$20233 [13] $memory$auto$memory_bmux2rom.cc:63:execute$18996$rdmux[0][2][1]$b$20233 [37:36] 1'0 $memory$auto$memory_bmux2rom.cc:63:execute$18996$rdmux[0][2][1]$b$20233 [13] $memory$auto$memory_bmux2rom.cc:63:execute$18996$rdmux[0][2][1]$b$20233 [13] $memory$auto$memory_bmux2rom.cc:63:execute$18996$rdmux[0][2][1]$b$20233 [13] $memory$auto$memory_bmux2rom.cc:63:execute$18996$rdmux[0][2][1]$b$20233 [13:12] $memory$auto$memory_bmux2rom.cc:63:execute$18996$rdmux[0][2][1]$b$20233 [13] $memory$auto$memory_bmux2rom.cc:63:execute$18996$rdmux[0][2][1]$b$20233 [5] $memory$auto$memory_bmux2rom.cc:63:execute$18996$rdmux[0][2][1]$b$20233 [12] $memory$auto$memory_bmux2rom.cc:63:execute$18996$rdmux[0][2][1]$b$20233 [12] 1'0 $memory$auto$memory_bmux2rom.cc:63:execute$18996$rdmux[0][2][1]$b$20233 [13:12] $memory$auto$memory_bmux2rom.cc:63:execute$18996$rdmux[0][2][1]$b$20233 [8] $memory$auto$memory_bmux2rom.cc:63:execute$18996$rdmux[0][2][1]$b$20233 [8] 1'0 $memory$auto$memory_bmux2rom.cc:63:execute$18996$rdmux[0][2][1]$b$20233 [5] 1'1 $memory$auto$memory_bmux2rom.cc:63:execute$18996$rdmux[0][2][1]$b$20233 [2] }, Y={ $memory$auto$memory_bmux2rom.cc:63:execute$18996$rdmux[0][1][0]$b$20224 [60] $memory$auto$memory_bmux2rom.cc:63:execute$18996$rdmux[0][1][0]$b$20224 [57] $memory$auto$memory_bmux2rom.cc:63:execute$18996$rdmux[0][1][0]$b$20224 [55:53] $memory$auto$memory_bmux2rom.cc:63:execute$18996$rdmux[0][1][0]$b$20224 [50] $memory$auto$memory_bmux2rom.cc:63:execute$18996$rdmux[0][1][0]$b$20224 [48] $memory$auto$memory_bmux2rom.cc:63:execute$18996$rdmux[0][1][0]$b$20224 [46:42] $memory$auto$memory_bmux2rom.cc:63:execute$18996$rdmux[0][1][0]$b$20224 [38:36] $memory$auto$memory_bmux2rom.cc:63:execute$18996$rdmux[0][1][0]$b$20224 [31:30] $memory$auto$memory_bmux2rom.cc:63:execute$18996$rdmux[0][1][0]$b$20224 [28] $memory$auto$memory_bmux2rom.cc:63:execute$18996$rdmux[0][1][0]$b$20224 [25:24] $memory$auto$memory_bmux2rom.cc:63:execute$18996$rdmux[0][1][0]$b$20224 [22:20] $memory$auto$memory_bmux2rom.cc:63:execute$18996$rdmux[0][1][0]$b$20224 [18] $memory$auto$memory_bmux2rom.cc:63:execute$18996$rdmux[0][1][0]$b$20224 [16] $memory$auto$memory_bmux2rom.cc:63:execute$18996$rdmux[0][1][0]$b$20224 [14:12] $memory$auto$memory_bmux2rom.cc:63:execute$18996$rdmux[0][1][0]$b$20224 [10] $memory$auto$memory_bmux2rom.cc:63:execute$18996$rdmux[0][1][0]$b$20224 [8:7] $memory$auto$memory_bmux2rom.cc:63:execute$18996$rdmux[0][1][0]$b$20224 [5:4] $memory$auto$memory_bmux2rom.cc:63:execute$18996$rdmux[0][1][0]$b$20224 [2] }
      New connections: { $memory$auto$memory_bmux2rom.cc:63:execute$18996$rdmux[0][1][0]$b$20224 [63:61] $memory$auto$memory_bmux2rom.cc:63:execute$18996$rdmux[0][1][0]$b$20224 [59:58] $memory$auto$memory_bmux2rom.cc:63:execute$18996$rdmux[0][1][0]$b$20224 [56] $memory$auto$memory_bmux2rom.cc:63:execute$18996$rdmux[0][1][0]$b$20224 [52:51] $memory$auto$memory_bmux2rom.cc:63:execute$18996$rdmux[0][1][0]$b$20224 [49] $memory$auto$memory_bmux2rom.cc:63:execute$18996$rdmux[0][1][0]$b$20224 [47] $memory$auto$memory_bmux2rom.cc:63:execute$18996$rdmux[0][1][0]$b$20224 [41:39] $memory$auto$memory_bmux2rom.cc:63:execute$18996$rdmux[0][1][0]$b$20224 [35:32] $memory$auto$memory_bmux2rom.cc:63:execute$18996$rdmux[0][1][0]$b$20224 [29] $memory$auto$memory_bmux2rom.cc:63:execute$18996$rdmux[0][1][0]$b$20224 [27:26] $memory$auto$memory_bmux2rom.cc:63:execute$18996$rdmux[0][1][0]$b$20224 [23] $memory$auto$memory_bmux2rom.cc:63:execute$18996$rdmux[0][1][0]$b$20224 [19] $memory$auto$memory_bmux2rom.cc:63:execute$18996$rdmux[0][1][0]$b$20224 [17] $memory$auto$memory_bmux2rom.cc:63:execute$18996$rdmux[0][1][0]$b$20224 [15] $memory$auto$memory_bmux2rom.cc:63:execute$18996$rdmux[0][1][0]$b$20224 [11] $memory$auto$memory_bmux2rom.cc:63:execute$18996$rdmux[0][1][0]$b$20224 [9] $memory$auto$memory_bmux2rom.cc:63:execute$18996$rdmux[0][1][0]$b$20224 [6] $memory$auto$memory_bmux2rom.cc:63:execute$18996$rdmux[0][1][0]$b$20224 [3] $memory$auto$memory_bmux2rom.cc:63:execute$18996$rdmux[0][1][0]$b$20224 [1:0] } = { $memory$auto$memory_bmux2rom.cc:63:execute$18996$rdmux[0][1][0]$b$20224 [7] $memory$auto$memory_bmux2rom.cc:63:execute$18996$rdmux[0][1][0]$b$20224 [25] $memory$auto$memory_bmux2rom.cc:63:execute$18996$rdmux[0][1][0]$b$20224 [25] $memory$auto$memory_bmux2rom.cc:63:execute$18996$rdmux[0][1][0]$b$20224 [25] $memory$auto$memory_bmux2rom.cc:63:execute$18996$rdmux[0][1][0]$b$20224 [7] $memory$auto$memory_bmux2rom.cc:63:execute$18996$rdmux[0][1][0]$b$20224 [25] $memory$auto$memory_bmux2rom.cc:63:execute$18996$rdmux[0][1][0]$b$20224 [7] $memory$auto$memory_bmux2rom.cc:63:execute$18996$rdmux[0][1][0]$b$20224 [7] $memory$auto$memory_bmux2rom.cc:63:execute$18996$rdmux[0][1][0]$b$20224 [7] $memory$auto$memory_bmux2rom.cc:63:execute$18996$rdmux[0][1][0]$b$20224 [7] 1'0 $memory$auto$memory_bmux2rom.cc:63:execute$18996$rdmux[0][1][0]$b$20224 [2] 1'0 $memory$auto$memory_bmux2rom.cc:63:execute$18996$rdmux[0][1][0]$b$20224 [7] $memory$auto$memory_bmux2rom.cc:63:execute$18996$rdmux[0][1][0]$b$20224 [7] 2'11 $memory$auto$memory_bmux2rom.cc:63:execute$18996$rdmux[0][1][0]$b$20224 [28] $memory$auto$memory_bmux2rom.cc:63:execute$18996$rdmux[0][1][0]$b$20224 [25] 1'0 $memory$auto$memory_bmux2rom.cc:63:execute$18996$rdmux[0][1][0]$b$20224 [16] 3'000 $memory$auto$memory_bmux2rom.cc:63:execute$18996$rdmux[0][1][0]$b$20224 [7] 1'0 $memory$auto$memory_bmux2rom.cc:63:execute$18996$rdmux[0][1][0]$b$20224 [5] 3'011 }
    Consolidated identical input bits for $pmux cell $procmux$11644:
      Old ports: A=6'000000, B={ 36'101011101100000010000011000100001010 $auto$wreduce.cc:513:run$18121 [5:0] }, Y=$procmux$11644_Y [5:0]
      New ports: A=5'00000, B={ 30'110111110000010000110010001010 $auto$wreduce.cc:513:run$18121 [2] 1'1 $auto$wreduce.cc:513:run$18121 [2] 1'0 $auto$wreduce.cc:513:run$18121 [0] }, Y={ $procmux$11644_Y [5] $procmux$11644_Y [3:0] }
      New connections: $procmux$11644_Y [4] = 1'0
    Consolidated identical input bits for $mux cell $procmux$15772:
      Old ports: A=$auto$wreduce.cc:513:run$18130 [24:0], B=$auto$wreduce.cc:513:run$18128 [24:0], Y=$auto$wreduce.cc:513:run$18129 [24:0]
      New ports: A={ $auto$wreduce.cc:513:run$18130 [24:15] $auto$wreduce.cc:513:run$18130 [11:7] $auto$wreduce.cc:513:run$18130 [2] $auto$wreduce.cc:513:run$18130 [4] $auto$wreduce.cc:513:run$18130 [2] }, B={ $auto$wreduce.cc:513:run$18128 [24:15] $auto$wreduce.cc:513:run$18128 [11:6] $auto$wreduce.cc:513:run$18128 [4] $auto$wreduce.cc:513:run$18128 [2] }, Y={ $auto$wreduce.cc:513:run$18129 [24:15] $auto$wreduce.cc:513:run$18129 [11:6] $auto$wreduce.cc:513:run$18129 [4] $auto$wreduce.cc:513:run$18129 [2] }
      New connections: { $auto$wreduce.cc:513:run$18129 [14:12] $auto$wreduce.cc:513:run$18129 [5] $auto$wreduce.cc:513:run$18129 [3] $auto$wreduce.cc:513:run$18129 [1:0] } = 7'0001011
    Consolidated identical input bits for $mux cell $procmux$16349:
      Old ports: A=3'000, B=$procmux$16304_Y, Y=$procmux$16349_Y
      New ports: A=1'0, B=$procmux$16304_Y [2], Y=$procmux$16349_Y [2]
      New connections: $procmux$16349_Y [1:0] = 2'00
    Consolidated identical input bits for $mux cell $procmux$2260:
      Old ports: A={ 6'x $procmux$2664_Y \u_control_shell.u_dm.i_dm_csrs.sbcs_q [21] 9'x \u_control_shell.u_dm.i_dm_csrs.sbcs_q [11:0] }, B={ \u_control_shell.u_dtm.i_dmi_cdc.i_cdc_req.i_dst.data_dst_q [28:23] $procmux$1391_Y $procmux$1409_Y }, Y={ \u_control_shell.u_dm.i_dm_csrs.sbcs_d [28:22] $auto$wreduce.cc:513:run$18132 [21] \u_control_shell.u_dm.i_dm_csrs.sbcs_d [20:15] $auto$wreduce.cc:513:run$18132 [14:0] }
      New ports: A={ 6'x $procmux$2664_Y \u_control_shell.u_dm.i_dm_csrs.sbcs_q [21] 7'x \u_control_shell.u_dm.i_dm_csrs.sbcs_q [11:0] }, B={ \u_control_shell.u_dtm.i_dmi_cdc.i_cdc_req.i_dst.data_dst_q [28:23] $procmux$1391_Y $procmux$1409_Y [21:15] $procmux$1409_Y [12:0] }, Y={ \u_control_shell.u_dm.i_dm_csrs.sbcs_d [28:22] $auto$wreduce.cc:513:run$18132 [21] \u_control_shell.u_dm.i_dm_csrs.sbcs_d [20:15] $auto$wreduce.cc:513:run$18132 [12:0] }
      New connections: $auto$wreduce.cc:513:run$18132 [14:13] = { $auto$wreduce.cc:513:run$18132 [12] $auto$wreduce.cc:513:run$18132 [12] }
    Consolidated identical input bits for $mux cell $procmux$2264:
      Old ports: A=32'xxxxxxxxxxxxxxxx0000xxxxxxxxxxxx, B=$procmux$2144_Y, Y=\u_control_shell.u_dm.i_dm_csrs.abstractauto_d
      New ports: A=11'x, B={ $procmux$2144_Y [23:16] $procmux$2144_Y [2:0] }, Y={ \u_control_shell.u_dm.i_dm_csrs.abstractauto_d [23:16] \u_control_shell.u_dm.i_dm_csrs.abstractauto_d [2:0] }
      New connections: { \u_control_shell.u_dm.i_dm_csrs.abstractauto_d [31:24] \u_control_shell.u_dm.i_dm_csrs.abstractauto_d [15:3] } = { \u_control_shell.u_dm.i_dm_csrs.abstractauto_d [2] \u_control_shell.u_dm.i_dm_csrs.abstractauto_d [2] \u_control_shell.u_dm.i_dm_csrs.abstractauto_d [2] \u_control_shell.u_dm.i_dm_csrs.abstractauto_d [2] \u_control_shell.u_dm.i_dm_csrs.abstractauto_d [2] \u_control_shell.u_dm.i_dm_csrs.abstractauto_d [2] \u_control_shell.u_dm.i_dm_csrs.abstractauto_d [2] \u_control_shell.u_dm.i_dm_csrs.abstractauto_d [2] 4'0000 \u_control_shell.u_dm.i_dm_csrs.abstractauto_d [2] \u_control_shell.u_dm.i_dm_csrs.abstractauto_d [2] \u_control_shell.u_dm.i_dm_csrs.abstractauto_d [2] \u_control_shell.u_dm.i_dm_csrs.abstractauto_d [2] \u_control_shell.u_dm.i_dm_csrs.abstractauto_d [2] \u_control_shell.u_dm.i_dm_csrs.abstractauto_d [2] \u_control_shell.u_dm.i_dm_csrs.abstractauto_d [2] \u_control_shell.u_dm.i_dm_csrs.abstractauto_d [2] \u_control_shell.u_dm.i_dm_csrs.abstractauto_d [2] }
    Consolidated identical input bits for $mux cell $procmux$2661:
      Old ports: A=34'0000000000000000000000000000000000, B={ $procmux$2292_Y $procmux$2333_Y }, Y={ \u_control_shell.u_dm.i_dm_csrs.i_fifo.data_i [33:2] $procmux$2661_Y [1:0] }
      New ports: A=33'000000000000000000000000000000000, B={ $procmux$2292_Y $procmux$2333_Y [0] }, Y={ \u_control_shell.u_dm.i_dm_csrs.i_fifo.data_i [33:2] $procmux$2661_Y [0] }
      New connections: $procmux$2661_Y [1] = $procmux$2661_Y [0]
    Consolidated identical input bits for $mux cell $procmux$316:
      Old ports: A=2'00, B=$auto$wreduce.cc:513:run$18125 [1:0], Y=$auto$wreduce.cc:513:run$18133 [1:0]
      New ports: A=1'0, B=$auto$wreduce.cc:513:run$18125 [1], Y=$auto$wreduce.cc:513:run$18133 [1]
      New connections: $auto$wreduce.cc:513:run$18133 [0] = 1'0
    Consolidated identical input bits for $mux cell $memory$auto$memory_bmux2rom.cc:63:execute$18996$rdmux[0][2][0]$20228:
      Old ports: A=$memory$auto$memory_bmux2rom.cc:63:execute$18996$rdmux[0][2][0]$a$20229, B=$memory$auto$memory_bmux2rom.cc:63:execute$18996$rdmux[0][2][0]$b$20230, Y=$memory$auto$memory_bmux2rom.cc:63:execute$18996$rdmux[0][1][0]$a$20223
      New ports: A={ $memory$auto$memory_bmux2rom.cc:63:execute$18996$rdmux[0][2][0]$a$20229 [20] $memory$auto$memory_bmux2rom.cc:63:execute$18996$rdmux[0][2][0]$a$20229 [20] 2'00 $memory$auto$memory_bmux2rom.cc:63:execute$18996$rdmux[0][2][0]$a$20229 [20] $memory$auto$memory_bmux2rom.cc:63:execute$18996$rdmux[0][2][0]$a$20229 [20] $memory$auto$memory_bmux2rom.cc:63:execute$18996$rdmux[0][2][0]$a$20229 [20] 3'100 $memory$auto$memory_bmux2rom.cc:63:execute$18996$rdmux[0][2][0]$a$20229 [22] $memory$auto$memory_bmux2rom.cc:63:execute$18996$rdmux[0][2][0]$a$20229 [26] $memory$auto$memory_bmux2rom.cc:63:execute$18996$rdmux[0][2][0]$a$20229 [24:22] $memory$auto$memory_bmux2rom.cc:63:execute$18996$rdmux[0][2][0]$a$20229 [20] $memory$auto$memory_bmux2rom.cc:63:execute$18996$rdmux[0][2][0]$a$20229 [20] 5'00000 $memory$auto$memory_bmux2rom.cc:63:execute$18996$rdmux[0][2][0]$a$20229 [5] $memory$auto$memory_bmux2rom.cc:63:execute$18996$rdmux[0][2][0]$a$20229 [5] 2'01 }, B={ $memory$auto$memory_bmux2rom.cc:63:execute$18996$rdmux[0][2][0]$b$20230 [46] $memory$auto$memory_bmux2rom.cc:63:execute$18996$rdmux[0][2][0]$b$20230 [10] $memory$auto$memory_bmux2rom.cc:63:execute$18996$rdmux[0][2][0]$b$20230 [22] $memory$auto$memory_bmux2rom.cc:63:execute$18996$rdmux[0][2][0]$b$20230 [46] $memory$auto$memory_bmux2rom.cc:63:execute$18996$rdmux[0][2][0]$b$20230 [8] 1'0 $memory$auto$memory_bmux2rom.cc:63:execute$18996$rdmux[0][2][0]$b$20230 [13:12] $memory$auto$memory_bmux2rom.cc:63:execute$18996$rdmux[0][2][0]$b$20230 [20] $memory$auto$memory_bmux2rom.cc:63:execute$18996$rdmux[0][2][0]$b$20230 [6] $memory$auto$memory_bmux2rom.cc:63:execute$18996$rdmux[0][2][0]$b$20230 [20] 1'0 $memory$auto$memory_bmux2rom.cc:63:execute$18996$rdmux[0][2][0]$b$20230 [6] $memory$auto$memory_bmux2rom.cc:63:execute$18996$rdmux[0][2][0]$b$20230 [23:20] $memory$auto$memory_bmux2rom.cc:63:execute$18996$rdmux[0][2][0]$b$20230 [18] $memory$auto$memory_bmux2rom.cc:63:execute$18996$rdmux[0][2][0]$b$20230 [13:12] $memory$auto$memory_bmux2rom.cc:63:execute$18996$rdmux[0][2][0]$b$20230 [10] $memory$auto$memory_bmux2rom.cc:63:execute$18996$rdmux[0][2][0]$b$20230 [8] $memory$auto$memory_bmux2rom.cc:63:execute$18996$rdmux[0][2][0]$b$20230 [6:5] 2'10 }, Y={ $memory$auto$memory_bmux2rom.cc:63:execute$18996$rdmux[0][1][0]$a$20223 [62] $memory$auto$memory_bmux2rom.cc:63:execute$18996$rdmux[0][1][0]$a$20223 [50] $memory$auto$memory_bmux2rom.cc:63:execute$18996$rdmux[0][1][0]$a$20223 [48] $memory$auto$memory_bmux2rom.cc:63:execute$18996$rdmux[0][1][0]$a$20223 [46] $memory$auto$memory_bmux2rom.cc:63:execute$18996$rdmux[0][1][0]$a$20223 [44] $memory$auto$memory_bmux2rom.cc:63:execute$18996$rdmux[0][1][0]$a$20223 [38:36] $memory$auto$memory_bmux2rom.cc:63:execute$18996$rdmux[0][1][0]$a$20223 [34] $memory$auto$memory_bmux2rom.cc:63:execute$18996$rdmux[0][1][0]$a$20223 [28:26] $memory$auto$memory_bmux2rom.cc:63:execute$18996$rdmux[0][1][0]$a$20223 [24:20] $memory$auto$memory_bmux2rom.cc:63:execute$18996$rdmux[0][1][0]$a$20223 [18] $memory$auto$memory_bmux2rom.cc:63:execute$18996$rdmux[0][1][0]$a$20223 [13:12] $memory$auto$memory_bmux2rom.cc:63:execute$18996$rdmux[0][1][0]$a$20223 [10] $memory$auto$memory_bmux2rom.cc:63:execute$18996$rdmux[0][1][0]$a$20223 [8] $memory$auto$memory_bmux2rom.cc:63:execute$18996$rdmux[0][1][0]$a$20223 [6:4] $memory$auto$memory_bmux2rom.cc:63:execute$18996$rdmux[0][1][0]$a$20223 [2] }
      New connections: { $memory$auto$memory_bmux2rom.cc:63:execute$18996$rdmux[0][1][0]$a$20223 [63] $memory$auto$memory_bmux2rom.cc:63:execute$18996$rdmux[0][1][0]$a$20223 [61:51] $memory$auto$memory_bmux2rom.cc:63:execute$18996$rdmux[0][1][0]$a$20223 [49] $memory$auto$memory_bmux2rom.cc:63:execute$18996$rdmux[0][1][0]$a$20223 [47] $memory$auto$memory_bmux2rom.cc:63:execute$18996$rdmux[0][1][0]$a$20223 [45] $memory$auto$memory_bmux2rom.cc:63:execute$18996$rdmux[0][1][0]$a$20223 [43:39] $memory$auto$memory_bmux2rom.cc:63:execute$18996$rdmux[0][1][0]$a$20223 [35] $memory$auto$memory_bmux2rom.cc:63:execute$18996$rdmux[0][1][0]$a$20223 [33:29] $memory$auto$memory_bmux2rom.cc:63:execute$18996$rdmux[0][1][0]$a$20223 [25] $memory$auto$memory_bmux2rom.cc:63:execute$18996$rdmux[0][1][0]$a$20223 [19] $memory$auto$memory_bmux2rom.cc:63:execute$18996$rdmux[0][1][0]$a$20223 [17:14] $memory$auto$memory_bmux2rom.cc:63:execute$18996$rdmux[0][1][0]$a$20223 [11] $memory$auto$memory_bmux2rom.cc:63:execute$18996$rdmux[0][1][0]$a$20223 [9] $memory$auto$memory_bmux2rom.cc:63:execute$18996$rdmux[0][1][0]$a$20223 [7] $memory$auto$memory_bmux2rom.cc:63:execute$18996$rdmux[0][1][0]$a$20223 [3] $memory$auto$memory_bmux2rom.cc:63:execute$18996$rdmux[0][1][0]$a$20223 [1:0] } = { 1'0 $memory$auto$memory_bmux2rom.cc:63:execute$18996$rdmux[0][1][0]$a$20223 [38:37] $memory$auto$memory_bmux2rom.cc:63:execute$18996$rdmux[0][1][0]$a$20223 [38] 1'0 $memory$auto$memory_bmux2rom.cc:63:execute$18996$rdmux[0][1][0]$a$20223 [38] $memory$auto$memory_bmux2rom.cc:63:execute$18996$rdmux[0][1][0]$a$20223 [38] $memory$auto$memory_bmux2rom.cc:63:execute$18996$rdmux[0][1][0]$a$20223 [48] $memory$auto$memory_bmux2rom.cc:63:execute$18996$rdmux[0][1][0]$a$20223 [8] $memory$auto$memory_bmux2rom.cc:63:execute$18996$rdmux[0][1][0]$a$20223 [38] 4'0000 $memory$auto$memory_bmux2rom.cc:63:execute$18996$rdmux[0][1][0]$a$20223 [13] 1'0 $memory$auto$memory_bmux2rom.cc:63:execute$18996$rdmux[0][1][0]$a$20223 [18] 1'0 $memory$auto$memory_bmux2rom.cc:63:execute$18996$rdmux[0][1][0]$a$20223 [12] 4'0011 $memory$auto$memory_bmux2rom.cc:63:execute$18996$rdmux[0][1][0]$a$20223 [13] $memory$auto$memory_bmux2rom.cc:63:execute$18996$rdmux[0][1][0]$a$20223 [28] $memory$auto$memory_bmux2rom.cc:63:execute$18996$rdmux[0][1][0]$a$20223 [28] $memory$auto$memory_bmux2rom.cc:63:execute$18996$rdmux[0][1][0]$a$20223 [20] 2'00 $memory$auto$memory_bmux2rom.cc:63:execute$18996$rdmux[0][1][0]$a$20223 [12] 1'0 $memory$auto$memory_bmux2rom.cc:63:execute$18996$rdmux[0][1][0]$a$20223 [8] 3'000 $memory$auto$memory_bmux2rom.cc:63:execute$18996$rdmux[0][1][0]$a$20223 [2] 2'11 }
    Consolidated identical input bits for $mux cell $procmux$5949:
      Old ports: A=$procmux$5778_Y, B={ \u_control_shell.u_core.u_ibex_core.cs_registers_i.csr_wdata_int [31:1] 1'0 }, Y=$procmux$5949_Y
      New ports: A=$procmux$5778_Y [31:1], B=\u_control_shell.u_core.u_ibex_core.cs_registers_i.csr_wdata_int [31:1], Y=$procmux$5949_Y [31:1]
      New connections: $procmux$5949_Y [0] = 1'0
    Consolidated identical input bits for $mux cell $procmux$6025:
      Old ports: A={ \u_control_shell.u_core.u_ibex_core.cs_registers_i.csr_wdata_int [31:1] 1'0 }, B=$procmux$5862_Y, Y=\u_control_shell.u_core.u_ibex_core.cs_registers_i.depc_d
      New ports: A=\u_control_shell.u_core.u_ibex_core.cs_registers_i.csr_wdata_int [31:1], B=$procmux$5862_Y [31:1], Y=\u_control_shell.u_core.u_ibex_core.cs_registers_i.depc_d [31:1]
      New connections: \u_control_shell.u_core.u_ibex_core.cs_registers_i.depc_d [0] = 1'0
    Consolidated identical input bits for $mux cell $procmux$6745:
      Old ports: A=1048691, B=$procmux$6938_Y, Y=\u_control_shell.u_dm.i_dm_mem.abstract_cmd [31:0]
      New ports: A=31'0000000000100000000000001110011, B=$procmux$6938_Y [30:0], Y=\u_control_shell.u_dm.i_dm_mem.abstract_cmd [30:0]
      New connections: \u_control_shell.u_dm.i_dm_mem.abstract_cmd [31] = 1'0
    Consolidated identical input bits for $mux cell $procmux$6859:
      Old ports: A={ $auto$wreduce.cc:513:run$18141 [46:44] $auto$wreduce.cc:513:run$18141 [36] $auto$wreduce.cc:513:run$18141 [31:20] $auto$wreduce.cc:513:run$18141 [5] $auto$wreduce.cc:513:run$18143 [24:20] $auto$wreduce.cc:513:run$18143 [16] $auto$wreduce.cc:513:run$18143 [14:12] $auto$wreduce.cc:513:run$18143 [4] $auto$wreduce.cc:513:run$18143 [2:0] }, B={ \u_control_shell.u_dm.i_dm_csrs.command_q [22:20] 27'001111011001111001000011011 }, Y={ $auto$wreduce.cc:513:run$18144 [78:76] $auto$wreduce.cc:513:run$18144 [68] $auto$wreduce.cc:513:run$18144 [63:52] $auto$wreduce.cc:513:run$18144 [37] $auto$wreduce.cc:513:run$18144 [24:20] $auto$wreduce.cc:513:run$18144 [16] $auto$wreduce.cc:513:run$18144 [14:12] $auto$wreduce.cc:513:run$18144 [4] $auto$wreduce.cc:513:run$18144 [2:0] }
      New ports: A={ $auto$wreduce.cc:513:run$18141 [46:44] $auto$wreduce.cc:513:run$18141 [36] $auto$wreduce.cc:513:run$18141 [31:20] $auto$wreduce.cc:513:run$18141 [5] $auto$wreduce.cc:513:run$18143 [24:20] $auto$wreduce.cc:513:run$18143 [16] $auto$wreduce.cc:513:run$18143 [14:12] $auto$wreduce.cc:513:run$18143 [4] $auto$wreduce.cc:513:run$18143 [2] }, B={ \u_control_shell.u_dm.i_dm_csrs.command_q [22:20] 25'0011110110011110010000110 }, Y={ $auto$wreduce.cc:513:run$18144 [78:76] $auto$wreduce.cc:513:run$18144 [68] $auto$wreduce.cc:513:run$18144 [63:52] $auto$wreduce.cc:513:run$18144 [37] $auto$wreduce.cc:513:run$18144 [24:20] $auto$wreduce.cc:513:run$18144 [16] $auto$wreduce.cc:513:run$18144 [14:12] $auto$wreduce.cc:513:run$18144 [4] $auto$wreduce.cc:513:run$18144 [2] }
      New connections: $auto$wreduce.cc:513:run$18144 [1:0] = 2'11
    Consolidated identical input bits for $mux cell $procmux$6887:
      Old ports: A={ $auto$wreduce.cc:513:run$18144 [126:32] $auto$wreduce.cc:513:run$18144 [30:0] }, B=126'000000000000000000000000001001100000000000000000000000000010011000000000000000000000000000100110000000000000000000000000010011, Y={ $auto$wreduce.cc:513:run$18145 [126:32] $auto$wreduce.cc:513:run$18145 [30:0] }
      New ports: A={ $auto$wreduce.cc:513:run$18144 [78:76] $auto$wreduce.cc:513:run$18144 [68] $auto$wreduce.cc:513:run$18144 [63:52] $auto$wreduce.cc:513:run$18144 [37] $auto$wreduce.cc:513:run$18144 [24:20] $auto$wreduce.cc:513:run$18144 [16] $auto$wreduce.cc:513:run$18144 [14:12] $auto$wreduce.cc:513:run$18144 [4] 1'1 $auto$wreduce.cc:513:run$18144 [4] $auto$wreduce.cc:513:run$18144 [2:0] }, B=268435467, Y={ $auto$wreduce.cc:513:run$18145 [78:76] $auto$wreduce.cc:513:run$18145 [68] $auto$wreduce.cc:513:run$18145 [63:52] $auto$wreduce.cc:513:run$18145 [37] $auto$wreduce.cc:513:run$18145 [24:20] $auto$wreduce.cc:513:run$18145 [16] $auto$wreduce.cc:513:run$18145 [14:12] $auto$wreduce.cc:513:run$18145 [6:4] $auto$wreduce.cc:513:run$18145 [2:0] }
      New connections: { $auto$wreduce.cc:513:run$18145 [126:79] $auto$wreduce.cc:513:run$18145 [75:69] $auto$wreduce.cc:513:run$18145 [67:64] $auto$wreduce.cc:513:run$18145 [51:38] $auto$wreduce.cc:513:run$18145 [36:32] $auto$wreduce.cc:513:run$18145 [30:25] $auto$wreduce.cc:513:run$18145 [19:17] $auto$wreduce.cc:513:run$18145 [15] $auto$wreduce.cc:513:run$18145 [11:7] $auto$wreduce.cc:513:run$18145 [3] } = { $auto$wreduce.cc:513:run$18145 [37] $auto$wreduce.cc:513:run$18145 [37] $auto$wreduce.cc:513:run$18145 [37] $auto$wreduce.cc:513:run$18145 [37] 1'0 $auto$wreduce.cc:513:run$18145 [37] $auto$wreduce.cc:513:run$18145 [37] 2'00 $auto$wreduce.cc:513:run$18145 [37] 7'0000000 $auto$wreduce.cc:513:run$18145 [37] 2'00 $auto$wreduce.cc:513:run$18145 [37] 3'000 $auto$wreduce.cc:513:run$18145 [37] $auto$wreduce.cc:513:run$18145 [37] 7'1001100 $auto$wreduce.cc:513:run$18145 [37] $auto$wreduce.cc:513:run$18145 [37] $auto$wreduce.cc:513:run$18145 [37] 3'000 $auto$wreduce.cc:513:run$18145 [37] 4'0000 $auto$wreduce.cc:513:run$18145 [37] 1'0 $auto$wreduce.cc:513:run$18145 [37] 7'0000000 $auto$wreduce.cc:513:run$18145 [37] 10'0011000000 $auto$wreduce.cc:513:run$18145 [37] 2'00 $auto$wreduce.cc:513:run$18145 [37] 3'000 $auto$wreduce.cc:513:run$18145 [37] 5'10011 $auto$wreduce.cc:513:run$18145 [6:5] $auto$wreduce.cc:513:run$18145 [5] $auto$wreduce.cc:513:run$18145 [5] 1'0 $auto$wreduce.cc:513:run$18145 [6] 1'0 $auto$wreduce.cc:513:run$18145 [5] 8'00000000 }
    Consolidated identical input bits for $mux cell $procmux$6911:
      Old ports: A=127'0000000000000000000000000010011000000000000000000000000000100110000000000000000000000000001001100000000000000000000000000010011, B=$auto$wreduce.cc:513:run$18145 [126:0], Y=$auto$wreduce.cc:513:run$18147 [126:0]
      New ports: A=126'000000000000000000000000001001100000000000000000000000000010011000000000000000000000000000100110000000000000000000000000010011, B={ $auto$wreduce.cc:513:run$18145 [126:32] $auto$wreduce.cc:513:run$18145 [30:0] }, Y={ $auto$wreduce.cc:513:run$18147 [126:32] $auto$wreduce.cc:513:run$18147 [30:0] }
      New connections: $auto$wreduce.cc:513:run$18147 [31] = 1'0
    Consolidated identical input bits for $mux cell $procmux$6938:
      Old ports: A=$procmux$6790_Y [30:0], B={ $auto$wreduce.cc:513:run$18146 [12] $auto$wreduce.cc:513:run$18146 [12] $auto$wreduce.cc:513:run$18146 [12] $auto$wreduce.cc:513:run$18146 [12] 1'0 $auto$wreduce.cc:513:run$18146 [12] $auto$wreduce.cc:513:run$18146 [12] 2'00 $auto$wreduce.cc:513:run$18146 [12] 2'10 $auto$wreduce.cc:513:run$18146 [12] 1'0 $auto$wreduce.cc:513:run$18146 [12] 3'000 $auto$wreduce.cc:513:run$18146 [12] 12'000001110011 }, Y=$procmux$6938_Y [30:0]
      New ports: A={ $procmux$6790_Y [12] $procmux$6790_Y [0] }, B={ $auto$wreduce.cc:513:run$18146 [12] 1'1 }, Y={ $procmux$6938_Y [12] $procmux$6938_Y [0] }
      New connections: { $procmux$6938_Y [30:13] $procmux$6938_Y [11:1] } = { $procmux$6938_Y [12] $procmux$6938_Y [12] $procmux$6938_Y [12] $procmux$6938_Y [12] 1'0 $procmux$6938_Y [12] $procmux$6938_Y [12] 2'00 $procmux$6938_Y [12] $procmux$6938_Y [0] 1'0 $procmux$6938_Y [12] 1'0 $procmux$6938_Y [12] 8'00000000 $procmux$6938_Y [0] $procmux$6938_Y [0] $procmux$6938_Y [0] 2'00 $procmux$6938_Y [0] }
    Consolidated identical input bits for $mux cell $procmux$6995:
      Old ports: A={ $auto$wreduce.cc:513:run$18148 [63:52] $auto$wreduce.cc:513:run$18148 [14:12] $auto$wreduce.cc:513:run$18148 [10] $auto$wreduce.cc:513:run$18148 [4] $auto$wreduce.cc:513:run$18150 [16] $auto$wreduce.cc:513:run$18150 [14:7] $auto$wreduce.cc:513:run$18150 [4] $auto$wreduce.cc:513:run$18150 [2:0] }, B={ 12'011110110011 \u_control_shell.u_dm.i_dm_csrs.command_q [22:20] 15'100001000001011 }, Y={ $auto$wreduce.cc:513:run$18151 [95:84] $auto$wreduce.cc:513:run$18151 [46:44] $auto$wreduce.cc:513:run$18151 [42] $auto$wreduce.cc:513:run$18151 [36] $auto$wreduce.cc:513:run$18151 [16] $auto$wreduce.cc:513:run$18151 [14:7] $auto$wreduce.cc:513:run$18151 [4] $auto$wreduce.cc:513:run$18151 [2:0] }
      New ports: A={ $auto$wreduce.cc:513:run$18148 [63:52] $auto$wreduce.cc:513:run$18148 [14:12] $auto$wreduce.cc:513:run$18148 [10] $auto$wreduce.cc:513:run$18148 [4] $auto$wreduce.cc:513:run$18150 [16] $auto$wreduce.cc:513:run$18150 [14:7] $auto$wreduce.cc:513:run$18150 [4] $auto$wreduce.cc:513:run$18150 [2] }, B={ 12'011110110011 \u_control_shell.u_dm.i_dm_csrs.command_q [22:20] 13'1000010000010 }, Y={ $auto$wreduce.cc:513:run$18151 [95:84] $auto$wreduce.cc:513:run$18151 [46:44] $auto$wreduce.cc:513:run$18151 [42] $auto$wreduce.cc:513:run$18151 [36] $auto$wreduce.cc:513:run$18151 [16] $auto$wreduce.cc:513:run$18151 [14:7] $auto$wreduce.cc:513:run$18151 [4] $auto$wreduce.cc:513:run$18151 [2] }
      New connections: $auto$wreduce.cc:513:run$18151 [1:0] = 2'11
    Consolidated identical input bits for $mux cell $procmux$7017:
      Old ports: A={ $auto$wreduce.cc:513:run$18151 [126:32] $auto$wreduce.cc:513:run$18151 [30:0] }, B=126'000000000000000000000000001001100000000000000000000000000010011000000000000000000000000000100110000000000000000000000000010011, Y={ $auto$wreduce.cc:513:run$18152 [126:32] $auto$wreduce.cc:513:run$18152 [30:0] }
      New ports: A={ $auto$wreduce.cc:513:run$18151 [95:84] $auto$wreduce.cc:513:run$18151 [46:44] $auto$wreduce.cc:513:run$18151 [42] $auto$wreduce.cc:513:run$18151 [36] 1'1 $auto$wreduce.cc:513:run$18151 [16] $auto$wreduce.cc:513:run$18151 [14:7] $auto$wreduce.cc:513:run$18151 [4] $auto$wreduce.cc:513:run$18151 [4] $auto$wreduce.cc:513:run$18151 [2:0] }, B=32779, Y={ $auto$wreduce.cc:513:run$18152 [95:84] $auto$wreduce.cc:513:run$18152 [46:44] $auto$wreduce.cc:513:run$18152 [42] $auto$wreduce.cc:513:run$18152 [36] $auto$wreduce.cc:513:run$18152 [18] $auto$wreduce.cc:513:run$18152 [16] $auto$wreduce.cc:513:run$18152 [14:7] $auto$wreduce.cc:513:run$18152 [5:4] $auto$wreduce.cc:513:run$18152 [2:0] }
      New connections: { $auto$wreduce.cc:513:run$18152 [126:96] $auto$wreduce.cc:513:run$18152 [83:47] $auto$wreduce.cc:513:run$18152 [43] $auto$wreduce.cc:513:run$18152 [41:37] $auto$wreduce.cc:513:run$18152 [35:32] $auto$wreduce.cc:513:run$18152 [30:19] $auto$wreduce.cc:513:run$18152 [17] $auto$wreduce.cc:513:run$18152 [15] $auto$wreduce.cc:513:run$18152 [6] $auto$wreduce.cc:513:run$18152 [3] } = { $auto$wreduce.cc:513:run$18152 [42] $auto$wreduce.cc:513:run$18152 [42] $auto$wreduce.cc:513:run$18152 [42] $auto$wreduce.cc:513:run$18152 [42] 1'0 $auto$wreduce.cc:513:run$18152 [42] $auto$wreduce.cc:513:run$18152 [42] 2'00 $auto$wreduce.cc:513:run$18152 [42] 7'0000000 $auto$wreduce.cc:513:run$18152 [42] 2'00 $auto$wreduce.cc:513:run$18152 [42] 3'000 $auto$wreduce.cc:513:run$18152 [42] $auto$wreduce.cc:513:run$18152 [42] 6'100110 $auto$wreduce.cc:513:run$18152 [42] 5'00000 $auto$wreduce.cc:513:run$18152 [42] 5'00000 $auto$wreduce.cc:513:run$18152 [42] $auto$wreduce.cc:513:run$18152 [42] 7'1001100 $auto$wreduce.cc:513:run$18152 [42] $auto$wreduce.cc:513:run$18152 [42] $auto$wreduce.cc:513:run$18152 [42] 8'00000000 $auto$wreduce.cc:513:run$18152 [42] 1'0 $auto$wreduce.cc:513:run$18152 [42] 11'00000000011 $auto$wreduce.cc:513:run$18152 [5] $auto$wreduce.cc:513:run$18152 [18] $auto$wreduce.cc:513:run$18152 [18] $auto$wreduce.cc:513:run$18152 [18] 1'0 $auto$wreduce.cc:513:run$18152 [5] $auto$wreduce.cc:513:run$18152 [5] 2'00 $auto$wreduce.cc:513:run$18152 [5] 4'0000 $auto$wreduce.cc:513:run$18152 [5] 1'0 }
    Consolidated identical input bits for $mux cell $procmux$9495:
      Old ports: A=$auto$wreduce.cc:513:run$18156 [2:0], B=3'101, Y=$auto$wreduce.cc:513:run$18158 [2:0]
      New ports: A=$auto$wreduce.cc:513:run$18156 [1:0], B=2'01, Y=$auto$wreduce.cc:513:run$18158 [1:0]
      New connections: $auto$wreduce.cc:513:run$18158 [2] = $auto$wreduce.cc:513:run$18158 [0]
  Optimizing cells in module \agriasic_digital_rv32i_top.
    Consolidated identical input bits for $mux cell $procmux$1488:
      Old ports: A=$procmux$2661_Y [1:0], B=2'11, Y=$procmux$1488_Y
      New ports: A=$procmux$2661_Y [0], B=1'1, Y=$procmux$1488_Y [0]
      New connections: $procmux$1488_Y [1] = $procmux$1488_Y [0]
    Consolidated identical input bits for $mux cell $procmux$16247:
      Old ports: A=$procmux$16349_Y, B=3'010, Y=$procmux$16247_Y
      New ports: A={ $procmux$16349_Y [2] 1'0 }, B=2'01, Y=$procmux$16247_Y [2:1]
      New connections: $procmux$16247_Y [0] = 1'0
    Consolidated identical input bits for $mux cell $procmux$1952:
      Old ports: A=2'11, B=$procmux$2661_Y [1:0], Y=$procmux$1544_Y
      New ports: A=1'1, B=$procmux$2661_Y [0], Y=$procmux$1544_Y [0]
      New connections: $procmux$1544_Y [1] = $procmux$1544_Y [0]
    Consolidated identical input bits for $mux cell $procmux$2130:
      Old ports: A=$procmux$2661_Y [1:0], B=2'11, Y=$procmux$1280_Y
      New ports: A=$procmux$2661_Y [0], B=1'1, Y=$procmux$1280_Y [0]
      New connections: $procmux$1280_Y [1] = $procmux$1280_Y [0]
    Consolidated identical input bits for $mux cell $memory$auto$memory_bmux2rom.cc:63:execute$18996$rdmux[0][1][0]$20222:
      Old ports: A=$memory$auto$memory_bmux2rom.cc:63:execute$18996$rdmux[0][1][0]$a$20223, B=$memory$auto$memory_bmux2rom.cc:63:execute$18996$rdmux[0][1][0]$b$20224, Y=$memory$auto$memory_bmux2rom.cc:63:execute$18996$rdmux[0][0][0]$a$20220
      New ports: A={ $memory$auto$memory_bmux2rom.cc:63:execute$18996$rdmux[0][1][0]$a$20223 [62] $memory$auto$memory_bmux2rom.cc:63:execute$18996$rdmux[0][1][0]$a$20223 [37] $memory$auto$memory_bmux2rom.cc:63:execute$18996$rdmux[0][1][0]$a$20223 [38] $memory$auto$memory_bmux2rom.cc:63:execute$18996$rdmux[0][1][0]$a$20223 [38] $memory$auto$memory_bmux2rom.cc:63:execute$18996$rdmux[0][1][0]$a$20223 [48] $memory$auto$memory_bmux2rom.cc:63:execute$18996$rdmux[0][1][0]$a$20223 [8] $memory$auto$memory_bmux2rom.cc:63:execute$18996$rdmux[0][1][0]$a$20223 [38] $memory$auto$memory_bmux2rom.cc:63:execute$18996$rdmux[0][1][0]$a$20223 [50] $memory$auto$memory_bmux2rom.cc:63:execute$18996$rdmux[0][1][0]$a$20223 [48] $memory$auto$memory_bmux2rom.cc:63:execute$18996$rdmux[0][1][0]$a$20223 [46] $memory$auto$memory_bmux2rom.cc:63:execute$18996$rdmux[0][1][0]$a$20223 [13] $memory$auto$memory_bmux2rom.cc:63:execute$18996$rdmux[0][1][0]$a$20223 [44] 1'0 $memory$auto$memory_bmux2rom.cc:63:execute$18996$rdmux[0][1][0]$a$20223 [18] $memory$auto$memory_bmux2rom.cc:63:execute$18996$rdmux[0][1][0]$a$20223 [12] $memory$auto$memory_bmux2rom.cc:63:execute$18996$rdmux[0][1][0]$a$20223 [38:36] $memory$auto$memory_bmux2rom.cc:63:execute$18996$rdmux[0][1][0]$a$20223 [34] $memory$auto$memory_bmux2rom.cc:63:execute$18996$rdmux[0][1][0]$a$20223 [13] $memory$auto$memory_bmux2rom.cc:63:execute$18996$rdmux[0][1][0]$a$20223 [28] $memory$auto$memory_bmux2rom.cc:63:execute$18996$rdmux[0][1][0]$a$20223 [28:26] $memory$auto$memory_bmux2rom.cc:63:execute$18996$rdmux[0][1][0]$a$20223 [20] $memory$auto$memory_bmux2rom.cc:63:execute$18996$rdmux[0][1][0]$a$20223 [24:20] $memory$auto$memory_bmux2rom.cc:63:execute$18996$rdmux[0][1][0]$a$20223 [18] $memory$auto$memory_bmux2rom.cc:63:execute$18996$rdmux[0][1][0]$a$20223 [12] $memory$auto$memory_bmux2rom.cc:63:execute$18996$rdmux[0][1][0]$a$20223 [8] $memory$auto$memory_bmux2rom.cc:63:execute$18996$rdmux[0][1][0]$a$20223 [13:12] $memory$auto$memory_bmux2rom.cc:63:execute$18996$rdmux[0][1][0]$a$20223 [10] $memory$auto$memory_bmux2rom.cc:63:execute$18996$rdmux[0][1][0]$a$20223 [8] 1'0 $memory$auto$memory_bmux2rom.cc:63:execute$18996$rdmux[0][1][0]$a$20223 [6:4] $memory$auto$memory_bmux2rom.cc:63:execute$18996$rdmux[0][1][0]$a$20223 [2] $memory$auto$memory_bmux2rom.cc:63:execute$18996$rdmux[0][1][0]$a$20223 [2] }, B={ $memory$auto$memory_bmux2rom.cc:63:execute$18996$rdmux[0][1][0]$b$20224 [25] $memory$auto$memory_bmux2rom.cc:63:execute$18996$rdmux[0][1][0]$b$20224 [60] $memory$auto$memory_bmux2rom.cc:63:execute$18996$rdmux[0][1][0]$b$20224 [57] $memory$auto$memory_bmux2rom.cc:63:execute$18996$rdmux[0][1][0]$b$20224 [25] $memory$auto$memory_bmux2rom.cc:63:execute$18996$rdmux[0][1][0]$b$20224 [55:53] $memory$auto$memory_bmux2rom.cc:63:execute$18996$rdmux[0][1][0]$b$20224 [50] $memory$auto$memory_bmux2rom.cc:63:execute$18996$rdmux[0][1][0]$b$20224 [48] $memory$auto$memory_bmux2rom.cc:63:execute$18996$rdmux[0][1][0]$b$20224 [46:42] $memory$auto$memory_bmux2rom.cc:63:execute$18996$rdmux[0][1][0]$b$20224 [2] $memory$auto$memory_bmux2rom.cc:63:execute$18996$rdmux[0][1][0]$b$20224 [38:36] $memory$auto$memory_bmux2rom.cc:63:execute$18996$rdmux[0][1][0]$b$20224 [7] $memory$auto$memory_bmux2rom.cc:63:execute$18996$rdmux[0][1][0]$b$20224 [31:30] $memory$auto$memory_bmux2rom.cc:63:execute$18996$rdmux[0][1][0]$b$20224 [28] $memory$auto$memory_bmux2rom.cc:63:execute$18996$rdmux[0][1][0]$b$20224 [25] 1'0 $memory$auto$memory_bmux2rom.cc:63:execute$18996$rdmux[0][1][0]$b$20224 [25:24] $memory$auto$memory_bmux2rom.cc:63:execute$18996$rdmux[0][1][0]$b$20224 [16] $memory$auto$memory_bmux2rom.cc:63:execute$18996$rdmux[0][1][0]$b$20224 [22:20] $memory$auto$memory_bmux2rom.cc:63:execute$18996$rdmux[0][1][0]$b$20224 [18] $memory$auto$memory_bmux2rom.cc:63:execute$18996$rdmux[0][1][0]$b$20224 [16] $memory$auto$memory_bmux2rom.cc:63:execute$18996$rdmux[0][1][0]$b$20224 [14:12] $memory$auto$memory_bmux2rom.cc:63:execute$18996$rdmux[0][1][0]$b$20224 [10] $memory$auto$memory_bmux2rom.cc:63:execute$18996$rdmux[0][1][0]$b$20224 [8:7] $memory$auto$memory_bmux2rom.cc:63:execute$18996$rdmux[0][1][0]$b$20224 [5] $memory$auto$memory_bmux2rom.cc:63:execute$18996$rdmux[0][1][0]$b$20224 [5:4] 1'0 $memory$auto$memory_bmux2rom.cc:63:execute$18996$rdmux[0][1][0]$b$20224 [2] }, Y={ $memory$auto$memory_bmux2rom.cc:63:execute$18996$rdmux[0][0][0]$a$20220 [62] $memory$auto$memory_bmux2rom.cc:63:execute$18996$rdmux[0][0][0]$a$20220 [60] $memory$auto$memory_bmux2rom.cc:63:execute$18996$rdmux[0][0][0]$a$20220 [57:53] $memory$auto$memory_bmux2rom.cc:63:execute$18996$rdmux[0][0][0]$a$20220 [50] $memory$auto$memory_bmux2rom.cc:63:execute$18996$rdmux[0][0][0]$a$20220 [48] $memory$auto$memory_bmux2rom.cc:63:execute$18996$rdmux[0][0][0]$a$20220 [46:42] $memory$auto$memory_bmux2rom.cc:63:execute$18996$rdmux[0][0][0]$a$20220 [40] $memory$auto$memory_bmux2rom.cc:63:execute$18996$rdmux[0][0][0]$a$20220 [38:36] $memory$auto$memory_bmux2rom.cc:63:execute$18996$rdmux[0][0][0]$a$20220 [34] $memory$auto$memory_bmux2rom.cc:63:execute$18996$rdmux[0][0][0]$a$20220 [31:30] $memory$auto$memory_bmux2rom.cc:63:execute$18996$rdmux[0][0][0]$a$20220 [28:20] $memory$auto$memory_bmux2rom.cc:63:execute$18996$rdmux[0][0][0]$a$20220 [18] $memory$auto$memory_bmux2rom.cc:63:execute$18996$rdmux[0][0][0]$a$20220 [16] $memory$auto$memory_bmux2rom.cc:63:execute$18996$rdmux[0][0][0]$a$20220 [14:12] $memory$auto$memory_bmux2rom.cc:63:execute$18996$rdmux[0][0][0]$a$20220 [10] $memory$auto$memory_bmux2rom.cc:63:execute$18996$rdmux[0][0][0]$a$20220 [8:2] }
      New connections: { $memory$auto$memory_bmux2rom.cc:63:execute$18996$rdmux[0][0][0]$a$20220 [63] $memory$auto$memory_bmux2rom.cc:63:execute$18996$rdmux[0][0][0]$a$20220 [61] $memory$auto$memory_bmux2rom.cc:63:execute$18996$rdmux[0][0][0]$a$20220 [59:58] $memory$auto$memory_bmux2rom.cc:63:execute$18996$rdmux[0][0][0]$a$20220 [52:51] $memory$auto$memory_bmux2rom.cc:63:execute$18996$rdmux[0][0][0]$a$20220 [49] $memory$auto$memory_bmux2rom.cc:63:execute$18996$rdmux[0][0][0]$a$20220 [47] $memory$auto$memory_bmux2rom.cc:63:execute$18996$rdmux[0][0][0]$a$20220 [41] $memory$auto$memory_bmux2rom.cc:63:execute$18996$rdmux[0][0][0]$a$20220 [39] $memory$auto$memory_bmux2rom.cc:63:execute$18996$rdmux[0][0][0]$a$20220 [35] $memory$auto$memory_bmux2rom.cc:63:execute$18996$rdmux[0][0][0]$a$20220 [33:32] $memory$auto$memory_bmux2rom.cc:63:execute$18996$rdmux[0][0][0]$a$20220 [29] $memory$auto$memory_bmux2rom.cc:63:execute$18996$rdmux[0][0][0]$a$20220 [19] $memory$auto$memory_bmux2rom.cc:63:execute$18996$rdmux[0][0][0]$a$20220 [17] $memory$auto$memory_bmux2rom.cc:63:execute$18996$rdmux[0][0][0]$a$20220 [15] $memory$auto$memory_bmux2rom.cc:63:execute$18996$rdmux[0][0][0]$a$20220 [11] $memory$auto$memory_bmux2rom.cc:63:execute$18996$rdmux[0][0][0]$a$20220 [9] $memory$auto$memory_bmux2rom.cc:63:execute$18996$rdmux[0][0][0]$a$20220 [1:0] } = { $memory$auto$memory_bmux2rom.cc:63:execute$18996$rdmux[0][0][0]$a$20220 [7] $memory$auto$memory_bmux2rom.cc:63:execute$18996$rdmux[0][0][0]$a$20220 [56] $memory$auto$memory_bmux2rom.cc:63:execute$18996$rdmux[0][0][0]$a$20220 [56] $memory$auto$memory_bmux2rom.cc:63:execute$18996$rdmux[0][0][0]$a$20220 [7] $memory$auto$memory_bmux2rom.cc:63:execute$18996$rdmux[0][0][0]$a$20220 [7] $memory$auto$memory_bmux2rom.cc:63:execute$18996$rdmux[0][0][0]$a$20220 [7] $memory$auto$memory_bmux2rom.cc:63:execute$18996$rdmux[0][0][0]$a$20220 [7] $memory$auto$memory_bmux2rom.cc:63:execute$18996$rdmux[0][0][0]$a$20220 [7] 2'00 $memory$auto$memory_bmux2rom.cc:63:execute$18996$rdmux[0][0][0]$a$20220 [7] 2'11 $memory$auto$memory_bmux2rom.cc:63:execute$18996$rdmux[0][0][0]$a$20220 [28] 3'000 $memory$auto$memory_bmux2rom.cc:63:execute$18996$rdmux[0][0][0]$a$20220 [7] 3'011 }
    Consolidated identical input bits for $mux cell $memory$auto$memory_bmux2rom.cc:63:execute$18996$rdmux[0][1][1]$20225:
      Old ports: A=$memory$auto$memory_bmux2rom.cc:63:execute$18996$rdmux[0][1][1]$a$20226, B=64'x, Y=$memory$auto$memory_bmux2rom.cc:63:execute$18996$rdmux[0][0][0]$b$20221
      New ports: A={ $memory$auto$memory_bmux2rom.cc:63:execute$18996$rdmux[0][1][1]$a$20226 [42] $memory$auto$memory_bmux2rom.cc:63:execute$18996$rdmux[0][1][1]$a$20226 [28] $memory$auto$memory_bmux2rom.cc:63:execute$18996$rdmux[0][1][1]$a$20226 [20] $memory$auto$memory_bmux2rom.cc:63:execute$18996$rdmux[0][1][1]$a$20226 [16] $memory$auto$memory_bmux2rom.cc:63:execute$18996$rdmux[0][1][1]$a$20226 [11] $memory$auto$memory_bmux2rom.cc:63:execute$18996$rdmux[0][1][1]$a$20226 [8:6] $memory$auto$memory_bmux2rom.cc:63:execute$18996$rdmux[0][1][1]$a$20226 [4] $memory$auto$memory_bmux2rom.cc:63:execute$18996$rdmux[0][1][1]$a$20226 [2] $memory$auto$memory_bmux2rom.cc:63:execute$18996$rdmux[0][1][1]$a$20226 [0] }, B=11'x, Y={ $memory$auto$memory_bmux2rom.cc:63:execute$18996$rdmux[0][0][0]$b$20221 [42] $memory$auto$memory_bmux2rom.cc:63:execute$18996$rdmux[0][0][0]$b$20221 [28] $memory$auto$memory_bmux2rom.cc:63:execute$18996$rdmux[0][0][0]$b$20221 [20] $memory$auto$memory_bmux2rom.cc:63:execute$18996$rdmux[0][0][0]$b$20221 [16] $memory$auto$memory_bmux2rom.cc:63:execute$18996$rdmux[0][0][0]$b$20221 [11] $memory$auto$memory_bmux2rom.cc:63:execute$18996$rdmux[0][0][0]$b$20221 [8:6] $memory$auto$memory_bmux2rom.cc:63:execute$18996$rdmux[0][0][0]$b$20221 [4] $memory$auto$memory_bmux2rom.cc:63:execute$18996$rdmux[0][0][0]$b$20221 [2] $memory$auto$memory_bmux2rom.cc:63:execute$18996$rdmux[0][0][0]$b$20221 [0] }
      New connections: { $memory$auto$memory_bmux2rom.cc:63:execute$18996$rdmux[0][0][0]$b$20221 [63:43] $memory$auto$memory_bmux2rom.cc:63:execute$18996$rdmux[0][0][0]$b$20221 [41:29] $memory$auto$memory_bmux2rom.cc:63:execute$18996$rdmux[0][0][0]$b$20221 [27:21] $memory$auto$memory_bmux2rom.cc:63:execute$18996$rdmux[0][0][0]$b$20221 [19:17] $memory$auto$memory_bmux2rom.cc:63:execute$18996$rdmux[0][0][0]$b$20221 [15:12] $memory$auto$memory_bmux2rom.cc:63:execute$18996$rdmux[0][0][0]$b$20221 [10:9] $memory$auto$memory_bmux2rom.cc:63:execute$18996$rdmux[0][0][0]$b$20221 [5] $memory$auto$memory_bmux2rom.cc:63:execute$18996$rdmux[0][0][0]$b$20221 [3] $memory$auto$memory_bmux2rom.cc:63:execute$18996$rdmux[0][0][0]$b$20221 [1] } = { $memory$auto$memory_bmux2rom.cc:63:execute$18996$rdmux[0][0][0]$b$20221 [2] $memory$auto$memory_bmux2rom.cc:63:execute$18996$rdmux[0][0][0]$b$20221 [0] $memory$auto$memory_bmux2rom.cc:63:execute$18996$rdmux[0][0][0]$b$20221 [0] $memory$auto$memory_bmux2rom.cc:63:execute$18996$rdmux[0][0][0]$b$20221 [0] $memory$auto$memory_bmux2rom.cc:63:execute$18996$rdmux[0][0][0]$b$20221 [28] $memory$auto$memory_bmux2rom.cc:63:execute$18996$rdmux[0][0][0]$b$20221 [7] $memory$auto$memory_bmux2rom.cc:63:execute$18996$rdmux[0][0][0]$b$20221 [28] $memory$auto$memory_bmux2rom.cc:63:execute$18996$rdmux[0][0][0]$b$20221 [0] $memory$auto$memory_bmux2rom.cc:63:execute$18996$rdmux[0][0][0]$b$20221 [7] $memory$auto$memory_bmux2rom.cc:63:execute$18996$rdmux[0][0][0]$b$20221 [2] $memory$auto$memory_bmux2rom.cc:63:execute$18996$rdmux[0][0][0]$b$20221 [28] $memory$auto$memory_bmux2rom.cc:63:execute$18996$rdmux[0][0][0]$b$20221 [11] $memory$auto$memory_bmux2rom.cc:63:execute$18996$rdmux[0][0][0]$b$20221 [7] $memory$auto$memory_bmux2rom.cc:63:execute$18996$rdmux[0][0][0]$b$20221 [7] $memory$auto$memory_bmux2rom.cc:63:execute$18996$rdmux[0][0][0]$b$20221 [7] $memory$auto$memory_bmux2rom.cc:63:execute$18996$rdmux[0][0][0]$b$20221 [7] $memory$auto$memory_bmux2rom.cc:63:execute$18996$rdmux[0][0][0]$b$20221 [7] $memory$auto$memory_bmux2rom.cc:63:execute$18996$rdmux[0][0][0]$b$20221 [7] $memory$auto$memory_bmux2rom.cc:63:execute$18996$rdmux[0][0][0]$b$20221 [42] $memory$auto$memory_bmux2rom.cc:63:execute$18996$rdmux[0][0][0]$b$20221 [7] $memory$auto$memory_bmux2rom.cc:63:execute$18996$rdmux[0][0][0]$b$20221 [7] $memory$auto$memory_bmux2rom.cc:63:execute$18996$rdmux[0][0][0]$b$20221 [7] $memory$auto$memory_bmux2rom.cc:63:execute$18996$rdmux[0][0][0]$b$20221 [11] $memory$auto$memory_bmux2rom.cc:63:execute$18996$rdmux[0][0][0]$b$20221 [7] $memory$auto$memory_bmux2rom.cc:63:execute$18996$rdmux[0][0][0]$b$20221 [0] $memory$auto$memory_bmux2rom.cc:63:execute$18996$rdmux[0][0][0]$b$20221 [0] $memory$auto$memory_bmux2rom.cc:63:execute$18996$rdmux[0][0][0]$b$20221 [0] $memory$auto$memory_bmux2rom.cc:63:execute$18996$rdmux[0][0][0]$b$20221 [7] $memory$auto$memory_bmux2rom.cc:63:execute$18996$rdmux[0][0][0]$b$20221 [7] $memory$auto$memory_bmux2rom.cc:63:execute$18996$rdmux[0][0][0]$b$20221 [0] $memory$auto$memory_bmux2rom.cc:63:execute$18996$rdmux[0][0][0]$b$20221 [0] $memory$auto$memory_bmux2rom.cc:63:execute$18996$rdmux[0][0][0]$b$20221 [2] $memory$auto$memory_bmux2rom.cc:63:execute$18996$rdmux[0][0][0]$b$20221 [4] $memory$auto$memory_bmux2rom.cc:63:execute$18996$rdmux[0][0][0]$b$20221 [6] $memory$auto$memory_bmux2rom.cc:63:execute$18996$rdmux[0][0][0]$b$20221 [4] $memory$auto$memory_bmux2rom.cc:63:execute$18996$rdmux[0][0][0]$b$20221 [2] $memory$auto$memory_bmux2rom.cc:63:execute$18996$rdmux[0][0][0]$b$20221 [6] $memory$auto$memory_bmux2rom.cc:63:execute$18996$rdmux[0][0][0]$b$20221 [6] $memory$auto$memory_bmux2rom.cc:63:execute$18996$rdmux[0][0][0]$b$20221 [16] $memory$auto$memory_bmux2rom.cc:63:execute$18996$rdmux[0][0][0]$b$20221 [7] $memory$auto$memory_bmux2rom.cc:63:execute$18996$rdmux[0][0][0]$b$20221 [4] $memory$auto$memory_bmux2rom.cc:63:execute$18996$rdmux[0][0][0]$b$20221 [2] $memory$auto$memory_bmux2rom.cc:63:execute$18996$rdmux[0][0][0]$b$20221 [16] $memory$auto$memory_bmux2rom.cc:63:execute$18996$rdmux[0][0][0]$b$20221 [2] $memory$auto$memory_bmux2rom.cc:63:execute$18996$rdmux[0][0][0]$b$20221 [2] $memory$auto$memory_bmux2rom.cc:63:execute$18996$rdmux[0][0][0]$b$20221 [2] $memory$auto$memory_bmux2rom.cc:63:execute$18996$rdmux[0][0][0]$b$20221 [0] $memory$auto$memory_bmux2rom.cc:63:execute$18996$rdmux[0][0][0]$b$20221 [2] $memory$auto$memory_bmux2rom.cc:63:execute$18996$rdmux[0][0][0]$b$20221 [4] $memory$auto$memory_bmux2rom.cc:63:execute$18996$rdmux[0][0][0]$b$20221 [7] $memory$auto$memory_bmux2rom.cc:63:execute$18996$rdmux[0][0][0]$b$20221 [0] $memory$auto$memory_bmux2rom.cc:63:execute$18996$rdmux[0][0][0]$b$20221 [2] $memory$auto$memory_bmux2rom.cc:63:execute$18996$rdmux[0][0][0]$b$20221 [0] }
    Consolidated identical input bits for $mux cell $procmux$6086:
      Old ports: A={ \u_control_shell.u_core.u_ibex_core.cs_registers_i.csr_wdata_int [31:1] 1'0 }, B=$procmux$5949_Y, Y=\u_control_shell.u_core.u_ibex_core.cs_registers_i.mepc_d
      New ports: A=\u_control_shell.u_core.u_ibex_core.cs_registers_i.csr_wdata_int [31:1], B=$procmux$5949_Y [31:1], Y=\u_control_shell.u_core.u_ibex_core.cs_registers_i.mepc_d [31:1]
      New connections: \u_control_shell.u_core.u_ibex_core.cs_registers_i.mepc_d [0] = 1'0
    Consolidated identical input bits for $mux cell $procmux$6745:
      Old ports: A=31'0000000000100000000000001110011, B=$procmux$6938_Y [30:0], Y=\u_control_shell.u_dm.i_dm_mem.abstract_cmd [30:0]
      New ports: A=2'01, B={ $procmux$6938_Y [12] $procmux$6938_Y [0] }, Y={ \u_control_shell.u_dm.i_dm_mem.abstract_cmd [12] \u_control_shell.u_dm.i_dm_mem.abstract_cmd [0] }
      New connections: { \u_control_shell.u_dm.i_dm_mem.abstract_cmd [30:13] \u_control_shell.u_dm.i_dm_mem.abstract_cmd [11:1] } = { \u_control_shell.u_dm.i_dm_mem.abstract_cmd [12] \u_control_shell.u_dm.i_dm_mem.abstract_cmd [12] \u_control_shell.u_dm.i_dm_mem.abstract_cmd [12] \u_control_shell.u_dm.i_dm_mem.abstract_cmd [12] 1'0 \u_control_shell.u_dm.i_dm_mem.abstract_cmd [12] \u_control_shell.u_dm.i_dm_mem.abstract_cmd [12] 2'00 \u_control_shell.u_dm.i_dm_mem.abstract_cmd [12] \u_control_shell.u_dm.i_dm_mem.abstract_cmd [0] 1'0 \u_control_shell.u_dm.i_dm_mem.abstract_cmd [12] 1'0 \u_control_shell.u_dm.i_dm_mem.abstract_cmd [12] 8'00000000 \u_control_shell.u_dm.i_dm_mem.abstract_cmd [0] \u_control_shell.u_dm.i_dm_mem.abstract_cmd [0] \u_control_shell.u_dm.i_dm_mem.abstract_cmd [0] 2'00 \u_control_shell.u_dm.i_dm_mem.abstract_cmd [0] }
    Consolidated identical input bits for $mux cell $procmux$6887:
      Old ports: A={ $auto$wreduce.cc:513:run$18144 [78:76] $auto$wreduce.cc:513:run$18144 [68] $auto$wreduce.cc:513:run$18144 [63:52] $auto$wreduce.cc:513:run$18144 [37] $auto$wreduce.cc:513:run$18144 [24:20] $auto$wreduce.cc:513:run$18144 [16] $auto$wreduce.cc:513:run$18144 [14:12] $auto$wreduce.cc:513:run$18144 [4] 1'1 $auto$wreduce.cc:513:run$18144 [4] $auto$wreduce.cc:513:run$18144 [2:0] }, B=268435467, Y={ $auto$wreduce.cc:513:run$18145 [78:76] $auto$wreduce.cc:513:run$18145 [68] $auto$wreduce.cc:513:run$18145 [63:52] $auto$wreduce.cc:513:run$18145 [37] $auto$wreduce.cc:513:run$18145 [24:20] $auto$wreduce.cc:513:run$18145 [16] $auto$wreduce.cc:513:run$18145 [14:12] $auto$wreduce.cc:513:run$18145 [6:4] $auto$wreduce.cc:513:run$18145 [2:0] }
      New ports: A={ $auto$wreduce.cc:513:run$18144 [78:76] $auto$wreduce.cc:513:run$18144 [68] $auto$wreduce.cc:513:run$18144 [63:52] $auto$wreduce.cc:513:run$18144 [37] $auto$wreduce.cc:513:run$18144 [24:20] $auto$wreduce.cc:513:run$18144 [16] $auto$wreduce.cc:513:run$18144 [14:12] $auto$wreduce.cc:513:run$18144 [4] 1'1 $auto$wreduce.cc:513:run$18144 [4] $auto$wreduce.cc:513:run$18144 [2] }, B=30'000100000000000000000000000010, Y={ $auto$wreduce.cc:513:run$18145 [78:76] $auto$wreduce.cc:513:run$18145 [68] $auto$wreduce.cc:513:run$18145 [63:52] $auto$wreduce.cc:513:run$18145 [37] $auto$wreduce.cc:513:run$18145 [24:20] $auto$wreduce.cc:513:run$18145 [16] $auto$wreduce.cc:513:run$18145 [14:12] $auto$wreduce.cc:513:run$18145 [6:4] $auto$wreduce.cc:513:run$18145 [2] }
      New connections: $auto$wreduce.cc:513:run$18145 [1:0] = 2'11
    Consolidated identical input bits for $mux cell $procmux$6911:
      Old ports: A=126'000000000000000000000000001001100000000000000000000000000010011000000000000000000000000000100110000000000000000000000000010011, B={ $auto$wreduce.cc:513:run$18145 [126:32] $auto$wreduce.cc:513:run$18145 [30:0] }, Y={ $auto$wreduce.cc:513:run$18147 [126:32] $auto$wreduce.cc:513:run$18147 [30:0] }
      New ports: A=268435467, B={ $auto$wreduce.cc:513:run$18145 [78:76] $auto$wreduce.cc:513:run$18145 [68] $auto$wreduce.cc:513:run$18145 [63:52] $auto$wreduce.cc:513:run$18145 [37] $auto$wreduce.cc:513:run$18145 [24:20] $auto$wreduce.cc:513:run$18145 [16] $auto$wreduce.cc:513:run$18145 [14:12] $auto$wreduce.cc:513:run$18145 [6:4] $auto$wreduce.cc:513:run$18145 [2:0] }, Y={ $auto$wreduce.cc:513:run$18147 [78:76] $auto$wreduce.cc:513:run$18147 [68] $auto$wreduce.cc:513:run$18147 [63:52] $auto$wreduce.cc:513:run$18147 [37] $auto$wreduce.cc:513:run$18147 [24:20] $auto$wreduce.cc:513:run$18147 [16] $auto$wreduce.cc:513:run$18147 [14:12] $auto$wreduce.cc:513:run$18147 [6:4] $auto$wreduce.cc:513:run$18147 [2:0] }
      New connections: { $auto$wreduce.cc:513:run$18147 [126:79] $auto$wreduce.cc:513:run$18147 [75:69] $auto$wreduce.cc:513:run$18147 [67:64] $auto$wreduce.cc:513:run$18147 [51:38] $auto$wreduce.cc:513:run$18147 [36:32] $auto$wreduce.cc:513:run$18147 [30:25] $auto$wreduce.cc:513:run$18147 [19:17] $auto$wreduce.cc:513:run$18147 [15] $auto$wreduce.cc:513:run$18147 [11:7] $auto$wreduce.cc:513:run$18147 [3] } = { $auto$wreduce.cc:513:run$18147 [37] $auto$wreduce.cc:513:run$18147 [37] $auto$wreduce.cc:513:run$18147 [37] $auto$wreduce.cc:513:run$18147 [37] 1'0 $auto$wreduce.cc:513:run$18147 [37] $auto$wreduce.cc:513:run$18147 [37] 2'00 $auto$wreduce.cc:513:run$18147 [37] 7'0000000 $auto$wreduce.cc:513:run$18147 [37] 2'00 $auto$wreduce.cc:513:run$18147 [37] 3'000 $auto$wreduce.cc:513:run$18147 [37] $auto$wreduce.cc:513:run$18147 [37] 7'1001100 $auto$wreduce.cc:513:run$18147 [37] $auto$wreduce.cc:513:run$18147 [37] $auto$wreduce.cc:513:run$18147 [37] 3'000 $auto$wreduce.cc:513:run$18147 [37] 4'0000 $auto$wreduce.cc:513:run$18147 [37] 1'0 $auto$wreduce.cc:513:run$18147 [37] 7'0000000 $auto$wreduce.cc:513:run$18147 [37] 10'0011000000 $auto$wreduce.cc:513:run$18147 [37] 2'00 $auto$wreduce.cc:513:run$18147 [37] 3'000 $auto$wreduce.cc:513:run$18147 [37] 5'10011 $auto$wreduce.cc:513:run$18147 [6:5] $auto$wreduce.cc:513:run$18147 [5] $auto$wreduce.cc:513:run$18147 [5] 1'0 $auto$wreduce.cc:513:run$18147 [6] 1'0 $auto$wreduce.cc:513:run$18147 [5] 8'00000000 }
    Consolidated identical input bits for $mux cell $procmux$6930:
      Old ports: A=$auto$wreduce.cc:513:run$18147 [126:0], B=$auto$wreduce.cc:513:run$18152 [126:0], Y=$procmux$6930_Y [126:0]
      New ports: A={ $auto$wreduce.cc:513:run$18147 [126:32] $auto$wreduce.cc:513:run$18147 [30:0] }, B={ $auto$wreduce.cc:513:run$18152 [42] $auto$wreduce.cc:513:run$18152 [42] $auto$wreduce.cc:513:run$18152 [42] $auto$wreduce.cc:513:run$18152 [42] 1'0 $auto$wreduce.cc:513:run$18152 [42] $auto$wreduce.cc:513:run$18152 [42] 2'00 $auto$wreduce.cc:513:run$18152 [42] 7'0000000 $auto$wreduce.cc:513:run$18152 [42] 2'00 $auto$wreduce.cc:513:run$18152 [42] 3'000 $auto$wreduce.cc:513:run$18152 [42] $auto$wreduce.cc:513:run$18152 [42] 5'10011 $auto$wreduce.cc:513:run$18152 [95:84] 1'0 $auto$wreduce.cc:513:run$18152 [42] 5'00000 $auto$wreduce.cc:513:run$18152 [42] 5'00000 $auto$wreduce.cc:513:run$18152 [42] $auto$wreduce.cc:513:run$18152 [42] 7'1001100 $auto$wreduce.cc:513:run$18152 [42] $auto$wreduce.cc:513:run$18152 [42] $auto$wreduce.cc:513:run$18152 [42] 8'00000000 $auto$wreduce.cc:513:run$18152 [42] 1'0 $auto$wreduce.cc:513:run$18152 [42] 1'0 $auto$wreduce.cc:513:run$18152 [46:44] 1'0 $auto$wreduce.cc:513:run$18152 [42] 5'00000 $auto$wreduce.cc:513:run$18152 [36] 4'0011 $auto$wreduce.cc:513:run$18152 [5] $auto$wreduce.cc:513:run$18152 [18] $auto$wreduce.cc:513:run$18152 [18] $auto$wreduce.cc:513:run$18152 [18] 1'0 $auto$wreduce.cc:513:run$18152 [5] $auto$wreduce.cc:513:run$18152 [5] 2'00 $auto$wreduce.cc:513:run$18152 [5] 2'00 $auto$wreduce.cc:513:run$18152 [18] 1'0 $auto$wreduce.cc:513:run$18152 [16] 1'0 $auto$wreduce.cc:513:run$18152 [14:7] $auto$wreduce.cc:513:run$18152 [5] $auto$wreduce.cc:513:run$18152 [5:4] 1'0 $auto$wreduce.cc:513:run$18152 [2:0] }, Y={ $procmux$6930_Y [126:32] $procmux$6930_Y [30:0] }
      New connections: $procmux$6930_Y [31] = 1'0
    Consolidated identical input bits for $mux cell $procmux$7017:
      Old ports: A={ $auto$wreduce.cc:513:run$18151 [95:84] $auto$wreduce.cc:513:run$18151 [46:44] $auto$wreduce.cc:513:run$18151 [42] $auto$wreduce.cc:513:run$18151 [36] 1'1 $auto$wreduce.cc:513:run$18151 [16] $auto$wreduce.cc:513:run$18151 [14:7] $auto$wreduce.cc:513:run$18151 [4] $auto$wreduce.cc:513:run$18151 [4] $auto$wreduce.cc:513:run$18151 [2:0] }, B=32779, Y={ $auto$wreduce.cc:513:run$18152 [95:84] $auto$wreduce.cc:513:run$18152 [46:44] $auto$wreduce.cc:513:run$18152 [42] $auto$wreduce.cc:513:run$18152 [36] $auto$wreduce.cc:513:run$18152 [18] $auto$wreduce.cc:513:run$18152 [16] $auto$wreduce.cc:513:run$18152 [14:7] $auto$wreduce.cc:513:run$18152 [5:4] $auto$wreduce.cc:513:run$18152 [2:0] }
      New ports: A={ $auto$wreduce.cc:513:run$18151 [95:84] $auto$wreduce.cc:513:run$18151 [46:44] $auto$wreduce.cc:513:run$18151 [42] $auto$wreduce.cc:513:run$18151 [36] 1'1 $auto$wreduce.cc:513:run$18151 [16] $auto$wreduce.cc:513:run$18151 [14:7] $auto$wreduce.cc:513:run$18151 [4] $auto$wreduce.cc:513:run$18151 [4] $auto$wreduce.cc:513:run$18151 [2] }, B=30'000000000000000010000000000010, Y={ $auto$wreduce.cc:513:run$18152 [95:84] $auto$wreduce.cc:513:run$18152 [46:44] $auto$wreduce.cc:513:run$18152 [42] $auto$wreduce.cc:513:run$18152 [36] $auto$wreduce.cc:513:run$18152 [18] $auto$wreduce.cc:513:run$18152 [16] $auto$wreduce.cc:513:run$18152 [14:7] $auto$wreduce.cc:513:run$18152 [5:4] $auto$wreduce.cc:513:run$18152 [2] }
      New connections: $auto$wreduce.cc:513:run$18152 [1:0] = 2'11
    Consolidated identical input bits for $mux cell $procmux$93:
      Old ports: A={ 1'0 $auto$wreduce.cc:513:run$18133 [1:0] }, B=3'100, Y=$procmux$93_Y
      New ports: A={ 1'0 $auto$wreduce.cc:513:run$18133 [1] }, B=2'10, Y=$procmux$93_Y [2:1]
      New connections: $procmux$93_Y [0] = 1'0
    Consolidated identical input bits for $mux cell $procmux$948:
      Old ports: A=0, B=\u_control_shell.u_dm.i_dm_csrs.abstractauto_d, Y=$procmux$948_Y
      New ports: A=11'00000000000, B={ \u_control_shell.u_dm.i_dm_csrs.abstractauto_d [23:16] \u_control_shell.u_dm.i_dm_csrs.abstractauto_d [2:0] }, Y={ $procmux$948_Y [23:16] $procmux$948_Y [2:0] }
      New connections: { $procmux$948_Y [31:24] $procmux$948_Y [15:3] } = { $procmux$948_Y [2] $procmux$948_Y [2] $procmux$948_Y [2] $procmux$948_Y [2] $procmux$948_Y [2] $procmux$948_Y [2] $procmux$948_Y [2] $procmux$948_Y [2] 4'0000 $procmux$948_Y [2] $procmux$948_Y [2] $procmux$948_Y [2] $procmux$948_Y [2] $procmux$948_Y [2] $procmux$948_Y [2] $procmux$948_Y [2] $procmux$948_Y [2] $procmux$948_Y [2] }
  Optimizing cells in module \agriasic_digital_rv32i_top.
    Consolidated identical input bits for $mux cell $memory$auto$memory_bmux2rom.cc:63:execute$18996$rdmux[0][0][0]$20219:
      Old ports: A=$memory$auto$memory_bmux2rom.cc:63:execute$18996$rdmux[0][0][0]$a$20220, B=$memory$auto$memory_bmux2rom.cc:63:execute$18996$rdmux[0][0][0]$b$20221, Y=$6965y
      New ports: A={ $memory$auto$memory_bmux2rom.cc:63:execute$18996$rdmux[0][0][0]$a$20220 [7] $memory$auto$memory_bmux2rom.cc:63:execute$18996$rdmux[0][0][0]$a$20220 [62] $memory$auto$memory_bmux2rom.cc:63:execute$18996$rdmux[0][0][0]$a$20220 [60] $memory$auto$memory_bmux2rom.cc:63:execute$18996$rdmux[0][0][0]$a$20220 [56] $memory$auto$memory_bmux2rom.cc:63:execute$18996$rdmux[0][0][0]$a$20220 [57:53] $memory$auto$memory_bmux2rom.cc:63:execute$18996$rdmux[0][0][0]$a$20220 [50] $memory$auto$memory_bmux2rom.cc:63:execute$18996$rdmux[0][0][0]$a$20220 [48] $memory$auto$memory_bmux2rom.cc:63:execute$18996$rdmux[0][0][0]$a$20220 [46:42] $memory$auto$memory_bmux2rom.cc:63:execute$18996$rdmux[0][0][0]$a$20220 [40] $memory$auto$memory_bmux2rom.cc:63:execute$18996$rdmux[0][0][0]$a$20220 [38:36] $memory$auto$memory_bmux2rom.cc:63:execute$18996$rdmux[0][0][0]$a$20220 [34] $memory$auto$memory_bmux2rom.cc:63:execute$18996$rdmux[0][0][0]$a$20220 [31:30] $memory$auto$memory_bmux2rom.cc:63:execute$18996$rdmux[0][0][0]$a$20220 [28] $memory$auto$memory_bmux2rom.cc:63:execute$18996$rdmux[0][0][0]$a$20220 [28:20] $memory$auto$memory_bmux2rom.cc:63:execute$18996$rdmux[0][0][0]$a$20220 [18] $memory$auto$memory_bmux2rom.cc:63:execute$18996$rdmux[0][0][0]$a$20220 [16] 1'0 $memory$auto$memory_bmux2rom.cc:63:execute$18996$rdmux[0][0][0]$a$20220 [14:12] $memory$auto$memory_bmux2rom.cc:63:execute$18996$rdmux[0][0][0]$a$20220 [7] $memory$auto$memory_bmux2rom.cc:63:execute$18996$rdmux[0][0][0]$a$20220 [10] 1'0 $memory$auto$memory_bmux2rom.cc:63:execute$18996$rdmux[0][0][0]$a$20220 [8:2] 1'1 }, B={ $memory$auto$memory_bmux2rom.cc:63:execute$18996$rdmux[0][0][0]$b$20221 [2] $memory$auto$memory_bmux2rom.cc:63:execute$18996$rdmux[0][0][0]$b$20221 [0] $memory$auto$memory_bmux2rom.cc:63:execute$18996$rdmux[0][0][0]$b$20221 [0] $memory$auto$memory_bmux2rom.cc:63:execute$18996$rdmux[0][0][0]$b$20221 [28] $memory$auto$memory_bmux2rom.cc:63:execute$18996$rdmux[0][0][0]$b$20221 [28] $memory$auto$memory_bmux2rom.cc:63:execute$18996$rdmux[0][0][0]$b$20221 [0] $memory$auto$memory_bmux2rom.cc:63:execute$18996$rdmux[0][0][0]$b$20221 [7] $memory$auto$memory_bmux2rom.cc:63:execute$18996$rdmux[0][0][0]$b$20221 [2] $memory$auto$memory_bmux2rom.cc:63:execute$18996$rdmux[0][0][0]$b$20221 [28] $memory$auto$memory_bmux2rom.cc:63:execute$18996$rdmux[0][0][0]$b$20221 [7] $memory$auto$memory_bmux2rom.cc:63:execute$18996$rdmux[0][0][0]$b$20221 [7] $memory$auto$memory_bmux2rom.cc:63:execute$18996$rdmux[0][0][0]$b$20221 [7] $memory$auto$memory_bmux2rom.cc:63:execute$18996$rdmux[0][0][0]$b$20221 [42] $memory$auto$memory_bmux2rom.cc:63:execute$18996$rdmux[0][0][0]$b$20221 [7] $memory$auto$memory_bmux2rom.cc:63:execute$18996$rdmux[0][0][0]$b$20221 [7] $memory$auto$memory_bmux2rom.cc:63:execute$18996$rdmux[0][0][0]$b$20221 [42] $memory$auto$memory_bmux2rom.cc:63:execute$18996$rdmux[0][0][0]$b$20221 [11] $memory$auto$memory_bmux2rom.cc:63:execute$18996$rdmux[0][0][0]$b$20221 [0] $memory$auto$memory_bmux2rom.cc:63:execute$18996$rdmux[0][0][0]$b$20221 [0] $memory$auto$memory_bmux2rom.cc:63:execute$18996$rdmux[0][0][0]$b$20221 [0] $memory$auto$memory_bmux2rom.cc:63:execute$18996$rdmux[0][0][0]$b$20221 [7] $memory$auto$memory_bmux2rom.cc:63:execute$18996$rdmux[0][0][0]$b$20221 [2] $memory$auto$memory_bmux2rom.cc:63:execute$18996$rdmux[0][0][0]$b$20221 [4] $memory$auto$memory_bmux2rom.cc:63:execute$18996$rdmux[0][0][0]$b$20221 [6] $memory$auto$memory_bmux2rom.cc:63:execute$18996$rdmux[0][0][0]$b$20221 [28] $memory$auto$memory_bmux2rom.cc:63:execute$18996$rdmux[0][0][0]$b$20221 [4] $memory$auto$memory_bmux2rom.cc:63:execute$18996$rdmux[0][0][0]$b$20221 [2] $memory$auto$memory_bmux2rom.cc:63:execute$18996$rdmux[0][0][0]$b$20221 [6] $memory$auto$memory_bmux2rom.cc:63:execute$18996$rdmux[0][0][0]$b$20221 [6] $memory$auto$memory_bmux2rom.cc:63:execute$18996$rdmux[0][0][0]$b$20221 [16] $memory$auto$memory_bmux2rom.cc:63:execute$18996$rdmux[0][0][0]$b$20221 [7] $memory$auto$memory_bmux2rom.cc:63:execute$18996$rdmux[0][0][0]$b$20221 [4] $memory$auto$memory_bmux2rom.cc:63:execute$18996$rdmux[0][0][0]$b$20221 [20] $memory$auto$memory_bmux2rom.cc:63:execute$18996$rdmux[0][0][0]$b$20221 [16] $memory$auto$memory_bmux2rom.cc:63:execute$18996$rdmux[0][0][0]$b$20221 [16] $memory$auto$memory_bmux2rom.cc:63:execute$18996$rdmux[0][0][0]$b$20221 [2] $memory$auto$memory_bmux2rom.cc:63:execute$18996$rdmux[0][0][0]$b$20221 [2] $memory$auto$memory_bmux2rom.cc:63:execute$18996$rdmux[0][0][0]$b$20221 [0] $memory$auto$memory_bmux2rom.cc:63:execute$18996$rdmux[0][0][0]$b$20221 [2] $memory$auto$memory_bmux2rom.cc:63:execute$18996$rdmux[0][0][0]$b$20221 [11] $memory$auto$memory_bmux2rom.cc:63:execute$18996$rdmux[0][0][0]$b$20221 [4] $memory$auto$memory_bmux2rom.cc:63:execute$18996$rdmux[0][0][0]$b$20221 [7] $memory$auto$memory_bmux2rom.cc:63:execute$18996$rdmux[0][0][0]$b$20221 [8:6] $memory$auto$memory_bmux2rom.cc:63:execute$18996$rdmux[0][0][0]$b$20221 [0] $memory$auto$memory_bmux2rom.cc:63:execute$18996$rdmux[0][0][0]$b$20221 [4] $memory$auto$memory_bmux2rom.cc:63:execute$18996$rdmux[0][0][0]$b$20221 [2] $memory$auto$memory_bmux2rom.cc:63:execute$18996$rdmux[0][0][0]$b$20221 [2] $memory$auto$memory_bmux2rom.cc:63:execute$18996$rdmux[0][0][0]$b$20221 [0] }, Y={ $6965y [63:62] $6965y [60:59] $6965y [57:53] $6965y [50] $6965y [48] $6965y [46:42] $6965y [40] $6965y [38:36] $6965y [34] $6965y [31:20] $6965y [18] $6965y [16:2] $6965y [0] }
      New connections: { $6965y [61] $6965y [58] $6965y [52:51] $6965y [49] $6965y [47] $6965y [41] $6965y [39] $6965y [35] $6965y [33:32] $6965y [19] $6965y [17] $6965y [1] } = { $6965y [56] $6965y [7] $6965y [11] $6965y [7] $6965y [7] $6965y [7] $6965y [9] $6965y [9] $6965y [7] $6965y [0] $6965y [0] $6965y [15] $6965y [15] $6965y [0] }
    Consolidated identical input bits for $mux cell $procmux$1721:
      Old ports: A=$procmux$1544_Y, B=$procmux$2661_Y [1:0], Y=$procmux$1721_Y
      New ports: A=$procmux$1544_Y [0], B=$procmux$2661_Y [0], Y=$procmux$1721_Y [0]
      New connections: $procmux$1721_Y [1] = $procmux$1721_Y [0]
    Consolidated identical input bits for $mux cell $procmux$6911:
      Old ports: A=268435467, B={ $auto$wreduce.cc:513:run$18145 [78:76] $auto$wreduce.cc:513:run$18145 [68] $auto$wreduce.cc:513:run$18145 [63:52] $auto$wreduce.cc:513:run$18145 [37] $auto$wreduce.cc:513:run$18145 [24:20] $auto$wreduce.cc:513:run$18145 [16] $auto$wreduce.cc:513:run$18145 [14:12] $auto$wreduce.cc:513:run$18145 [6:4] $auto$wreduce.cc:513:run$18145 [2:0] }, Y={ $auto$wreduce.cc:513:run$18147 [78:76] $auto$wreduce.cc:513:run$18147 [68] $auto$wreduce.cc:513:run$18147 [63:52] $auto$wreduce.cc:513:run$18147 [37] $auto$wreduce.cc:513:run$18147 [24:20] $auto$wreduce.cc:513:run$18147 [16] $auto$wreduce.cc:513:run$18147 [14:12] $auto$wreduce.cc:513:run$18147 [6:4] $auto$wreduce.cc:513:run$18147 [2:0] }
      New ports: A=30'000100000000000000000000000010, B={ $auto$wreduce.cc:513:run$18145 [78:76] $auto$wreduce.cc:513:run$18145 [68] $auto$wreduce.cc:513:run$18145 [63:52] $auto$wreduce.cc:513:run$18145 [37] $auto$wreduce.cc:513:run$18145 [24:20] $auto$wreduce.cc:513:run$18145 [16] $auto$wreduce.cc:513:run$18145 [14:12] $auto$wreduce.cc:513:run$18145 [6:4] $auto$wreduce.cc:513:run$18145 [2] }, Y={ $auto$wreduce.cc:513:run$18147 [78:76] $auto$wreduce.cc:513:run$18147 [68] $auto$wreduce.cc:513:run$18147 [63:52] $auto$wreduce.cc:513:run$18147 [37] $auto$wreduce.cc:513:run$18147 [24:20] $auto$wreduce.cc:513:run$18147 [16] $auto$wreduce.cc:513:run$18147 [14:12] $auto$wreduce.cc:513:run$18147 [6:4] $auto$wreduce.cc:513:run$18147 [2] }
      New connections: $auto$wreduce.cc:513:run$18147 [1:0] = 2'11
    Consolidated identical input bits for $mux cell $procmux$6930:
      Old ports: A={ $auto$wreduce.cc:513:run$18147 [126:32] $auto$wreduce.cc:513:run$18147 [30:0] }, B={ $auto$wreduce.cc:513:run$18152 [42] $auto$wreduce.cc:513:run$18152 [42] $auto$wreduce.cc:513:run$18152 [42] $auto$wreduce.cc:513:run$18152 [42] 1'0 $auto$wreduce.cc:513:run$18152 [42] $auto$wreduce.cc:513:run$18152 [42] 2'00 $auto$wreduce.cc:513:run$18152 [42] 7'0000000 $auto$wreduce.cc:513:run$18152 [42] 2'00 $auto$wreduce.cc:513:run$18152 [42] 3'000 $auto$wreduce.cc:513:run$18152 [42] $auto$wreduce.cc:513:run$18152 [42] 5'10011 $auto$wreduce.cc:513:run$18152 [95:84] 1'0 $auto$wreduce.cc:513:run$18152 [42] 5'00000 $auto$wreduce.cc:513:run$18152 [42] 5'00000 $auto$wreduce.cc:513:run$18152 [42] $auto$wreduce.cc:513:run$18152 [42] 7'1001100 $auto$wreduce.cc:513:run$18152 [42] $auto$wreduce.cc:513:run$18152 [42] $auto$wreduce.cc:513:run$18152 [42] 8'00000000 $auto$wreduce.cc:513:run$18152 [42] 1'0 $auto$wreduce.cc:513:run$18152 [42] 1'0 $auto$wreduce.cc:513:run$18152 [46:44] 1'0 $auto$wreduce.cc:513:run$18152 [42] 5'00000 $auto$wreduce.cc:513:run$18152 [36] 4'0011 $auto$wreduce.cc:513:run$18152 [5] $auto$wreduce.cc:513:run$18152 [18] $auto$wreduce.cc:513:run$18152 [18] $auto$wreduce.cc:513:run$18152 [18] 1'0 $auto$wreduce.cc:513:run$18152 [5] $auto$wreduce.cc:513:run$18152 [5] 2'00 $auto$wreduce.cc:513:run$18152 [5] 2'00 $auto$wreduce.cc:513:run$18152 [18] 1'0 $auto$wreduce.cc:513:run$18152 [16] 1'0 $auto$wreduce.cc:513:run$18152 [14:7] $auto$wreduce.cc:513:run$18152 [5] $auto$wreduce.cc:513:run$18152 [5:4] 1'0 $auto$wreduce.cc:513:run$18152 [2:0] }, Y={ $procmux$6930_Y [126:32] $procmux$6930_Y [30:0] }
      New ports: A={ 2'00 $auto$wreduce.cc:513:run$18147 [37] $auto$wreduce.cc:513:run$18147 [37] $auto$wreduce.cc:513:run$18147 [37] 3'000 $auto$wreduce.cc:513:run$18147 [37] 3'000 $auto$wreduce.cc:513:run$18147 [78:76] $auto$wreduce.cc:513:run$18147 [68] $auto$wreduce.cc:513:run$18147 [63:52] 2'00 $auto$wreduce.cc:513:run$18147 [37] 1'0 $auto$wreduce.cc:513:run$18147 [37] $auto$wreduce.cc:513:run$18147 [37] 1'1 $auto$wreduce.cc:513:run$18147 [24:20] $auto$wreduce.cc:513:run$18147 [5] $auto$wreduce.cc:513:run$18147 [16] $auto$wreduce.cc:513:run$18147 [14:12] 5'00000 $auto$wreduce.cc:513:run$18147 [6:4] $auto$wreduce.cc:513:run$18147 [2:0] }, B={ $auto$wreduce.cc:513:run$18152 [95:84] 2'00 $auto$wreduce.cc:513:run$18152 [42] 3'100 $auto$wreduce.cc:513:run$18152 [42] $auto$wreduce.cc:513:run$18152 [42] $auto$wreduce.cc:513:run$18152 [42] 7'0000000 $auto$wreduce.cc:513:run$18152 [42] $auto$wreduce.cc:513:run$18152 [46:44] $auto$wreduce.cc:513:run$18152 [42] 1'0 $auto$wreduce.cc:513:run$18152 [36] $auto$wreduce.cc:513:run$18152 [5] 2'00 $auto$wreduce.cc:513:run$18152 [5] 1'0 $auto$wreduce.cc:513:run$18152 [18] $auto$wreduce.cc:513:run$18152 [16] $auto$wreduce.cc:513:run$18152 [14:7] $auto$wreduce.cc:513:run$18152 [5] $auto$wreduce.cc:513:run$18152 [5:4] $auto$wreduce.cc:513:run$18152 [2] 2'11 }, Y={ $procmux$6930_Y [95:84] $procmux$6930_Y [78:76] $procmux$6930_Y [68] $procmux$6930_Y [63:52] $procmux$6930_Y [48] $procmux$6930_Y [46:44] $procmux$6930_Y [42] $procmux$6930_Y [37:36] $procmux$6930_Y [24:20] $procmux$6930_Y [18] $procmux$6930_Y [16] $procmux$6930_Y [14:4] $procmux$6930_Y [2:0] }
      New connections: { $procmux$6930_Y [126:96] $procmux$6930_Y [83:79] $procmux$6930_Y [75:69] $procmux$6930_Y [67:64] $procmux$6930_Y [51:49] $procmux$6930_Y [47] $procmux$6930_Y [43] $procmux$6930_Y [41:38] $procmux$6930_Y [35:32] $procmux$6930_Y [30:25] $procmux$6930_Y [19] $procmux$6930_Y [17] $procmux$6930_Y [15] $procmux$6930_Y [3] } = { $procmux$6930_Y [42] $procmux$6930_Y [42] $procmux$6930_Y [42] $procmux$6930_Y [42] 1'0 $procmux$6930_Y [42] $procmux$6930_Y [42] 2'00 $procmux$6930_Y [42] 7'0000000 $procmux$6930_Y [42] 2'00 $procmux$6930_Y [42] 3'000 $procmux$6930_Y [42] $procmux$6930_Y [42] 6'100110 $procmux$6930_Y [42] 1'0 $procmux$6930_Y [37] 6'000000 $procmux$6930_Y [48] $procmux$6930_Y [42] 5'00110 $procmux$6930_Y [48] 6'000000 $procmux$6930_Y [37] 4'0011 $procmux$6930_Y [6] $procmux$6930_Y [18] $procmux$6930_Y [18] $procmux$6930_Y [18] 1'0 $procmux$6930_Y [6] 4'0000 }
    Consolidated identical input bits for $mux cell $procmux$7038:
      Old ports: A=127'0000000000000000000000000010011000000000000000000000000000100110000000000000000000000000001001100000000000000000000000000010011, B=$procmux$6930_Y [126:0], Y=\u_control_shell.u_dm.i_dm_mem.abstract_cmd [254:128]
      New ports: A=126'000000000000000000000000001001100000000000000000000000000010011000000000000000000000000000100110000000000000000000000000010011, B={ $procmux$6930_Y [126:32] $procmux$6930_Y [30:0] }, Y={ \u_control_shell.u_dm.i_dm_mem.abstract_cmd [254:160] \u_control_shell.u_dm.i_dm_mem.abstract_cmd [158:128] }
      New connections: \u_control_shell.u_dm.i_dm_mem.abstract_cmd [159] = 1'0
  Optimizing cells in module \agriasic_digital_rv32i_top.
    Consolidated identical input bits for $pmux cell $procmux$2036:
      Old ports: A=$procmux$2661_Y [1:0], B={ $procmux$1280_Y $procmux$1488_Y $procmux$1544_Y $procmux$1721_Y }, Y=$procmux$2036_Y
      New ports: A=$procmux$2661_Y [0], B={ $procmux$1280_Y [0] $procmux$1488_Y [0] $procmux$1544_Y [0] $procmux$1721_Y [0] }, Y=$procmux$2036_Y [0]
      New connections: $procmux$2036_Y [1] = $procmux$2036_Y [0]
    Consolidated identical input bits for $mux cell $procmux$5517:
      Old ports: A=$6965y, B=64'0000000000000000000000000000000000000000000000000000000000000000, Y=\u_control_shell.u_dm.i_dm_mem.rom_rdata
      New ports: A={ $6965y [63:62] $6965y [60:59] $6965y [57:53] $6965y [50] $6965y [48] $6965y [46:42] $6965y [40] $6965y [38:36] $6965y [34] $6965y [31:20] $6965y [18] $6965y [16:2] $6965y [0] }, B=50'00000000000000000000000000000000000000000000000000, Y={ \u_control_shell.u_dm.i_dm_mem.rom_rdata [63:62] \u_control_shell.u_dm.i_dm_mem.rom_rdata [60:59] \u_control_shell.u_dm.i_dm_mem.rom_rdata [57:53] \u_control_shell.u_dm.i_dm_mem.rom_rdata [50] \u_control_shell.u_dm.i_dm_mem.rom_rdata [48] \u_control_shell.u_dm.i_dm_mem.rom_rdata [46:42] \u_control_shell.u_dm.i_dm_mem.rom_rdata [40] \u_control_shell.u_dm.i_dm_mem.rom_rdata [38:36] \u_control_shell.u_dm.i_dm_mem.rom_rdata [34] \u_control_shell.u_dm.i_dm_mem.rom_rdata [31:20] \u_control_shell.u_dm.i_dm_mem.rom_rdata [18] \u_control_shell.u_dm.i_dm_mem.rom_rdata [16:2] \u_control_shell.u_dm.i_dm_mem.rom_rdata [0] }
      New connections: { \u_control_shell.u_dm.i_dm_mem.rom_rdata [61] \u_control_shell.u_dm.i_dm_mem.rom_rdata [58] \u_control_shell.u_dm.i_dm_mem.rom_rdata [52:51] \u_control_shell.u_dm.i_dm_mem.rom_rdata [49] \u_control_shell.u_dm.i_dm_mem.rom_rdata [47] \u_control_shell.u_dm.i_dm_mem.rom_rdata [41] \u_control_shell.u_dm.i_dm_mem.rom_rdata [39] \u_control_shell.u_dm.i_dm_mem.rom_rdata [35] \u_control_shell.u_dm.i_dm_mem.rom_rdata [33:32] \u_control_shell.u_dm.i_dm_mem.rom_rdata [19] \u_control_shell.u_dm.i_dm_mem.rom_rdata [17] \u_control_shell.u_dm.i_dm_mem.rom_rdata [1] } = { \u_control_shell.u_dm.i_dm_mem.rom_rdata [56] \u_control_shell.u_dm.i_dm_mem.rom_rdata [7] \u_control_shell.u_dm.i_dm_mem.rom_rdata [11] \u_control_shell.u_dm.i_dm_mem.rom_rdata [7] \u_control_shell.u_dm.i_dm_mem.rom_rdata [7] \u_control_shell.u_dm.i_dm_mem.rom_rdata [7] \u_control_shell.u_dm.i_dm_mem.rom_rdata [9] \u_control_shell.u_dm.i_dm_mem.rom_rdata [9] \u_control_shell.u_dm.i_dm_mem.rom_rdata [7] \u_control_shell.u_dm.i_dm_mem.rom_rdata [0] \u_control_shell.u_dm.i_dm_mem.rom_rdata [0] \u_control_shell.u_dm.i_dm_mem.rom_rdata [15] \u_control_shell.u_dm.i_dm_mem.rom_rdata [15] \u_control_shell.u_dm.i_dm_mem.rom_rdata [0] }
    Consolidated identical input bits for $mux cell $procmux$6930:
      Old ports: A={ 2'00 $auto$wreduce.cc:513:run$18147 [37] $auto$wreduce.cc:513:run$18147 [37] $auto$wreduce.cc:513:run$18147 [37] 3'000 $auto$wreduce.cc:513:run$18147 [37] 3'000 $auto$wreduce.cc:513:run$18147 [78:76] $auto$wreduce.cc:513:run$18147 [68] $auto$wreduce.cc:513:run$18147 [63:52] 2'00 $auto$wreduce.cc:513:run$18147 [37] 1'0 $auto$wreduce.cc:513:run$18147 [37] $auto$wreduce.cc:513:run$18147 [37] 1'1 $auto$wreduce.cc:513:run$18147 [24:20] $auto$wreduce.cc:513:run$18147 [5] $auto$wreduce.cc:513:run$18147 [16] $auto$wreduce.cc:513:run$18147 [14:12] 5'00000 $auto$wreduce.cc:513:run$18147 [6:4] $auto$wreduce.cc:513:run$18147 [2:0] }, B={ $auto$wreduce.cc:513:run$18152 [95:84] 2'00 $auto$wreduce.cc:513:run$18152 [42] 3'100 $auto$wreduce.cc:513:run$18152 [42] $auto$wreduce.cc:513:run$18152 [42] $auto$wreduce.cc:513:run$18152 [42] 7'0000000 $auto$wreduce.cc:513:run$18152 [42] $auto$wreduce.cc:513:run$18152 [46:44] $auto$wreduce.cc:513:run$18152 [42] 1'0 $auto$wreduce.cc:513:run$18152 [36] $auto$wreduce.cc:513:run$18152 [5] 2'00 $auto$wreduce.cc:513:run$18152 [5] 1'0 $auto$wreduce.cc:513:run$18152 [18] $auto$wreduce.cc:513:run$18152 [16] $auto$wreduce.cc:513:run$18152 [14:7] $auto$wreduce.cc:513:run$18152 [5] $auto$wreduce.cc:513:run$18152 [5:4] $auto$wreduce.cc:513:run$18152 [2] 2'11 }, Y={ $procmux$6930_Y [95:84] $procmux$6930_Y [78:76] $procmux$6930_Y [68] $procmux$6930_Y [63:52] $procmux$6930_Y [48] $procmux$6930_Y [46:44] $procmux$6930_Y [42] $procmux$6930_Y [37:36] $procmux$6930_Y [24:20] $procmux$6930_Y [18] $procmux$6930_Y [16] $procmux$6930_Y [14:4] $procmux$6930_Y [2:0] }
      New ports: A={ 2'00 $auto$wreduce.cc:513:run$18147 [37] $auto$wreduce.cc:513:run$18147 [37] $auto$wreduce.cc:513:run$18147 [37] 3'000 $auto$wreduce.cc:513:run$18147 [37] 3'000 $auto$wreduce.cc:513:run$18147 [78:76] $auto$wreduce.cc:513:run$18147 [68] $auto$wreduce.cc:513:run$18147 [63:52] 2'00 $auto$wreduce.cc:513:run$18147 [37] 1'0 $auto$wreduce.cc:513:run$18147 [37] $auto$wreduce.cc:513:run$18147 [37] 1'1 $auto$wreduce.cc:513:run$18147 [24:20] $auto$wreduce.cc:513:run$18147 [5] $auto$wreduce.cc:513:run$18147 [16] $auto$wreduce.cc:513:run$18147 [14:12] 5'00000 $auto$wreduce.cc:513:run$18147 [6:4] $auto$wreduce.cc:513:run$18147 [2] }, B={ $auto$wreduce.cc:513:run$18152 [95:84] 2'00 $auto$wreduce.cc:513:run$18152 [42] 3'100 $auto$wreduce.cc:513:run$18152 [42] $auto$wreduce.cc:513:run$18152 [42] $auto$wreduce.cc:513:run$18152 [42] 7'0000000 $auto$wreduce.cc:513:run$18152 [42] $auto$wreduce.cc:513:run$18152 [46:44] $auto$wreduce.cc:513:run$18152 [42] 1'0 $auto$wreduce.cc:513:run$18152 [36] $auto$wreduce.cc:513:run$18152 [5] 2'00 $auto$wreduce.cc:513:run$18152 [5] 1'0 $auto$wreduce.cc:513:run$18152 [18] $auto$wreduce.cc:513:run$18152 [16] $auto$wreduce.cc:513:run$18152 [14:7] $auto$wreduce.cc:513:run$18152 [5] $auto$wreduce.cc:513:run$18152 [5:4] $auto$wreduce.cc:513:run$18152 [2] }, Y={ $procmux$6930_Y [95:84] $procmux$6930_Y [78:76] $procmux$6930_Y [68] $procmux$6930_Y [63:52] $procmux$6930_Y [48] $procmux$6930_Y [46:44] $procmux$6930_Y [42] $procmux$6930_Y [37:36] $procmux$6930_Y [24:20] $procmux$6930_Y [18] $procmux$6930_Y [16] $procmux$6930_Y [14:4] $procmux$6930_Y [2] }
      New connections: $procmux$6930_Y [1:0] = 2'11
    Consolidated identical input bits for $mux cell $procmux$7038:
      Old ports: A=126'000000000000000000000000001001100000000000000000000000000010011000000000000000000000000000100110000000000000000000000000010011, B={ $procmux$6930_Y [126:32] $procmux$6930_Y [30:0] }, Y={ \u_control_shell.u_dm.i_dm_mem.abstract_cmd [254:160] \u_control_shell.u_dm.i_dm_mem.abstract_cmd [158:128] }
      New ports: A=56'00000000000000010000000000000000001000000000000000001011, B={ $procmux$6930_Y [95:84] $procmux$6930_Y [78:76] $procmux$6930_Y [68] $procmux$6930_Y [63:52] $procmux$6930_Y [48] $procmux$6930_Y [46:44] $procmux$6930_Y [42] $procmux$6930_Y [37:36] $procmux$6930_Y [24:20] $procmux$6930_Y [18] $procmux$6930_Y [16] $procmux$6930_Y [14:4] $procmux$6930_Y [2:0] }, Y={ \u_control_shell.u_dm.i_dm_mem.abstract_cmd [223:212] \u_control_shell.u_dm.i_dm_mem.abstract_cmd [206:204] \u_control_shell.u_dm.i_dm_mem.abstract_cmd [196] \u_control_shell.u_dm.i_dm_mem.abstract_cmd [191:180] \u_control_shell.u_dm.i_dm_mem.abstract_cmd [176] \u_control_shell.u_dm.i_dm_mem.abstract_cmd [174:172] \u_control_shell.u_dm.i_dm_mem.abstract_cmd [170] \u_control_shell.u_dm.i_dm_mem.abstract_cmd [165:164] \u_control_shell.u_dm.i_dm_mem.abstract_cmd [152:148] \u_control_shell.u_dm.i_dm_mem.abstract_cmd [146] \u_control_shell.u_dm.i_dm_mem.abstract_cmd [144] \u_control_shell.u_dm.i_dm_mem.abstract_cmd [142:132] \u_control_shell.u_dm.i_dm_mem.abstract_cmd [130:128] }
      New connections: { \u_control_shell.u_dm.i_dm_mem.abstract_cmd [254:224] \u_control_shell.u_dm.i_dm_mem.abstract_cmd [211:207] \u_control_shell.u_dm.i_dm_mem.abstract_cmd [203:197] \u_control_shell.u_dm.i_dm_mem.abstract_cmd [195:192] \u_control_shell.u_dm.i_dm_mem.abstract_cmd [179:177] \u_control_shell.u_dm.i_dm_mem.abstract_cmd [175] \u_control_shell.u_dm.i_dm_mem.abstract_cmd [171] \u_control_shell.u_dm.i_dm_mem.abstract_cmd [169:166] \u_control_shell.u_dm.i_dm_mem.abstract_cmd [163:160] \u_control_shell.u_dm.i_dm_mem.abstract_cmd [158:153] \u_control_shell.u_dm.i_dm_mem.abstract_cmd [147] \u_control_shell.u_dm.i_dm_mem.abstract_cmd [145] \u_control_shell.u_dm.i_dm_mem.abstract_cmd [143] \u_control_shell.u_dm.i_dm_mem.abstract_cmd [131] } = { \u_control_shell.u_dm.i_dm_mem.abstract_cmd [170] \u_control_shell.u_dm.i_dm_mem.abstract_cmd [170] \u_control_shell.u_dm.i_dm_mem.abstract_cmd [170] \u_control_shell.u_dm.i_dm_mem.abstract_cmd [170] 1'0 \u_control_shell.u_dm.i_dm_mem.abstract_cmd [170] \u_control_shell.u_dm.i_dm_mem.abstract_cmd [170] 2'00 \u_control_shell.u_dm.i_dm_mem.abstract_cmd [170] 7'0000000 \u_control_shell.u_dm.i_dm_mem.abstract_cmd [170] 2'00 \u_control_shell.u_dm.i_dm_mem.abstract_cmd [170] 3'000 \u_control_shell.u_dm.i_dm_mem.abstract_cmd [170] \u_control_shell.u_dm.i_dm_mem.abstract_cmd [170] 6'100110 \u_control_shell.u_dm.i_dm_mem.abstract_cmd [170] 1'0 \u_control_shell.u_dm.i_dm_mem.abstract_cmd [165] 6'000000 \u_control_shell.u_dm.i_dm_mem.abstract_cmd [176] \u_control_shell.u_dm.i_dm_mem.abstract_cmd [170] 5'00110 \u_control_shell.u_dm.i_dm_mem.abstract_cmd [176] 6'000000 \u_control_shell.u_dm.i_dm_mem.abstract_cmd [165] 4'0011 \u_control_shell.u_dm.i_dm_mem.abstract_cmd [134] \u_control_shell.u_dm.i_dm_mem.abstract_cmd [146] \u_control_shell.u_dm.i_dm_mem.abstract_cmd [146] \u_control_shell.u_dm.i_dm_mem.abstract_cmd [146] 1'0 \u_control_shell.u_dm.i_dm_mem.abstract_cmd [134] 4'0000 }
  Optimizing cells in module \agriasic_digital_rv32i_top.
    Consolidated identical input bits for $bmux cell $6874:
      Old ports: A={ 203'00000000000000000000000000000000000000000000000000000000000000000000000000000000000000000000000000000000000000000000000000000000000000000000000000000000000000000000000000000000000000000000000000000000000 \u_control_shell.u_dm.i_dm_mem.abstract_cmd [308:288] 32'01111011001100000010010101110011 \u_control_shell.u_dm.i_dm_mem.abstract_cmd [255:128] 96'000000001100010100010101000100110000000011000101010101010001001100000000000000000000010100010111 \u_control_shell.u_dm.i_dm_mem.abstract_cmd [31:0] }, Y=$6874y
      New ports: A={ 161'00000000000000000000000000000000000000000000000000000000000000000000000000000000000000000000000000000000000000000000000000000000000000000000000000000000000000000 \u_control_shell.u_dm.i_dm_mem.abstract_cmd [293] 6'000000 \u_control_shell.u_dm.i_dm_mem.abstract_cmd [293] 32'10101111011001100010010101110110 \u_control_shell.u_dm.i_dm_mem.abstract_cmd [170] \u_control_shell.u_dm.i_dm_mem.abstract_cmd [170] \u_control_shell.u_dm.i_dm_mem.abstract_cmd [170] \u_control_shell.u_dm.i_dm_mem.abstract_cmd [170] 1'0 \u_control_shell.u_dm.i_dm_mem.abstract_cmd [170] \u_control_shell.u_dm.i_dm_mem.abstract_cmd [170] 2'00 \u_control_shell.u_dm.i_dm_mem.abstract_cmd [170] 3'000 \u_control_shell.u_dm.i_dm_mem.abstract_cmd [170] 1'0 \u_control_shell.u_dm.i_dm_mem.abstract_cmd [170] 1'0 \u_control_shell.u_dm.i_dm_mem.abstract_cmd [170] 3'101 \u_control_shell.u_dm.i_dm_mem.abstract_cmd [223:212] \u_control_shell.u_dm.i_dm_mem.abstract_cmd [170] \u_control_shell.u_dm.i_dm_mem.abstract_cmd [165] \u_control_shell.u_dm.i_dm_mem.abstract_cmd [206:204] 5'00000 \u_control_shell.u_dm.i_dm_mem.abstract_cmd [176] \u_control_shell.u_dm.i_dm_mem.abstract_cmd [170] \u_control_shell.u_dm.i_dm_mem.abstract_cmd [196] 3'011 \u_control_shell.u_dm.i_dm_mem.abstract_cmd [191:180] \u_control_shell.u_dm.i_dm_mem.abstract_cmd [176] \u_control_shell.u_dm.i_dm_mem.abstract_cmd [174:172] \u_control_shell.u_dm.i_dm_mem.abstract_cmd [170] 1'0 \u_control_shell.u_dm.i_dm_mem.abstract_cmd [165:164] 3'010 \u_control_shell.u_dm.i_dm_mem.abstract_cmd [134] \u_control_shell.u_dm.i_dm_mem.abstract_cmd [146] \u_control_shell.u_dm.i_dm_mem.abstract_cmd [146] \u_control_shell.u_dm.i_dm_mem.abstract_cmd [146] 1'0 \u_control_shell.u_dm.i_dm_mem.abstract_cmd [134] \u_control_shell.u_dm.i_dm_mem.abstract_cmd [152:148] \u_control_shell.u_dm.i_dm_mem.abstract_cmd [146] \u_control_shell.u_dm.i_dm_mem.abstract_cmd [144] \u_control_shell.u_dm.i_dm_mem.abstract_cmd [142:132] \u_control_shell.u_dm.i_dm_mem.abstract_cmd [130:128] 73'0000000011001001110101000000001100111010101000101100000000000000001101110 \u_control_shell.u_dm.i_dm_mem.abstract_cmd [12] \u_control_shell.u_dm.i_dm_mem.abstract_cmd [12] \u_control_shell.u_dm.i_dm_mem.abstract_cmd [12] \u_control_shell.u_dm.i_dm_mem.abstract_cmd [12] 1'0 \u_control_shell.u_dm.i_dm_mem.abstract_cmd [12] \u_control_shell.u_dm.i_dm_mem.abstract_cmd [12] 2'00 \u_control_shell.u_dm.i_dm_mem.abstract_cmd [12] \u_control_shell.u_dm.i_dm_mem.abstract_cmd [0] \u_control_shell.u_dm.i_dm_mem.abstract_cmd [12] \u_control_shell.u_dm.i_dm_mem.abstract_cmd [12] 2'00 \u_control_shell.u_dm.i_dm_mem.abstract_cmd [12] 5'00000 \u_control_shell.u_dm.i_dm_mem.abstract_cmd [0] \u_control_shell.u_dm.i_dm_mem.abstract_cmd [0] \u_control_shell.u_dm.i_dm_mem.abstract_cmd [0] 1'0 \u_control_shell.u_dm.i_dm_mem.abstract_cmd [0] \u_control_shell.u_dm.i_dm_mem.abstract_cmd [0] }, Y={ $6874y [63:52] $6874y [48] $6874y [46:44] $6874y [42] $6874y [40] $6874y [37:36] $6874y [34] $6874y [32:20] $6874y [18] $6874y [16] $6874y [14:4] $6874y [2:0] }
      New connections: { $6874y [51:49] $6874y [47] $6874y [43] $6874y [41] $6874y [39:38] $6874y [35] $6874y [33] $6874y [19] $6874y [17] $6874y [15] $6874y [3] } = { 1'0 $6874y [48] 5'00000 $6874y [37] 1'0 $6874y [32] 4'0000 }
    Consolidated identical input bits for $mux cell $procmux$2236:
      Old ports: A=$procmux$2661_Y [1:0], B=$procmux$2036_Y, Y=\u_control_shell.u_dm.i_dm_csrs.i_fifo.data_i [1:0]
      New ports: A=$procmux$2661_Y [0], B=$procmux$2036_Y [0], Y=\u_control_shell.u_dm.i_dm_csrs.i_fifo.data_i [0]
      New connections: \u_control_shell.u_dm.i_dm_csrs.i_fifo.data_i [1] = \u_control_shell.u_dm.i_dm_csrs.i_fifo.data_i [0]
    Consolidated identical input bits for $mux cell $procmux$7038:
      Old ports: A=56'00000000000000010000000000000000001000000000000000001011, B={ $procmux$6930_Y [95:84] $procmux$6930_Y [78:76] $procmux$6930_Y [68] $procmux$6930_Y [63:52] $procmux$6930_Y [48] $procmux$6930_Y [46:44] $procmux$6930_Y [42] $procmux$6930_Y [37:36] $procmux$6930_Y [24:20] $procmux$6930_Y [18] $procmux$6930_Y [16] $procmux$6930_Y [14:4] $procmux$6930_Y [2:0] }, Y={ \u_control_shell.u_dm.i_dm_mem.abstract_cmd [223:212] \u_control_shell.u_dm.i_dm_mem.abstract_cmd [206:204] \u_control_shell.u_dm.i_dm_mem.abstract_cmd [196] \u_control_shell.u_dm.i_dm_mem.abstract_cmd [191:180] \u_control_shell.u_dm.i_dm_mem.abstract_cmd [176] \u_control_shell.u_dm.i_dm_mem.abstract_cmd [174:172] \u_control_shell.u_dm.i_dm_mem.abstract_cmd [170] \u_control_shell.u_dm.i_dm_mem.abstract_cmd [165:164] \u_control_shell.u_dm.i_dm_mem.abstract_cmd [152:148] \u_control_shell.u_dm.i_dm_mem.abstract_cmd [146] \u_control_shell.u_dm.i_dm_mem.abstract_cmd [144] \u_control_shell.u_dm.i_dm_mem.abstract_cmd [142:132] \u_control_shell.u_dm.i_dm_mem.abstract_cmd [130:128] }
      New ports: A=54'000000000000000100000000000000000010000000000000000010, B={ $procmux$6930_Y [95:84] $procmux$6930_Y [78:76] $procmux$6930_Y [68] $procmux$6930_Y [63:52] $procmux$6930_Y [48] $procmux$6930_Y [46:44] $procmux$6930_Y [42] $procmux$6930_Y [37:36] $procmux$6930_Y [24:20] $procmux$6930_Y [18] $procmux$6930_Y [16] $procmux$6930_Y [14:4] $procmux$6930_Y [2] }, Y={ \u_control_shell.u_dm.i_dm_mem.abstract_cmd [223:212] \u_control_shell.u_dm.i_dm_mem.abstract_cmd [206:204] \u_control_shell.u_dm.i_dm_mem.abstract_cmd [196] \u_control_shell.u_dm.i_dm_mem.abstract_cmd [191:180] \u_control_shell.u_dm.i_dm_mem.abstract_cmd [176] \u_control_shell.u_dm.i_dm_mem.abstract_cmd [174:172] \u_control_shell.u_dm.i_dm_mem.abstract_cmd [170] \u_control_shell.u_dm.i_dm_mem.abstract_cmd [165:164] \u_control_shell.u_dm.i_dm_mem.abstract_cmd [152:148] \u_control_shell.u_dm.i_dm_mem.abstract_cmd [146] \u_control_shell.u_dm.i_dm_mem.abstract_cmd [144] \u_control_shell.u_dm.i_dm_mem.abstract_cmd [142:132] \u_control_shell.u_dm.i_dm_mem.abstract_cmd [130] }
      New connections: \u_control_shell.u_dm.i_dm_mem.abstract_cmd [129:128] = 2'11
  Optimizing cells in module \agriasic_digital_rv32i_top.
    Consolidated identical input bits for $bmux cell $6874:
      Old ports: A={ 161'00000000000000000000000000000000000000000000000000000000000000000000000000000000000000000000000000000000000000000000000000000000000000000000000000000000000000000 \u_control_shell.u_dm.i_dm_mem.abstract_cmd [293] 6'000000 \u_control_shell.u_dm.i_dm_mem.abstract_cmd [293] 32'10101111011001100010010101110110 \u_control_shell.u_dm.i_dm_mem.abstract_cmd [170] \u_control_shell.u_dm.i_dm_mem.abstract_cmd [170] \u_control_shell.u_dm.i_dm_mem.abstract_cmd [170] \u_control_shell.u_dm.i_dm_mem.abstract_cmd [170] 1'0 \u_control_shell.u_dm.i_dm_mem.abstract_cmd [170] \u_control_shell.u_dm.i_dm_mem.abstract_cmd [170] 2'00 \u_control_shell.u_dm.i_dm_mem.abstract_cmd [170] 3'000 \u_control_shell.u_dm.i_dm_mem.abstract_cmd [170] 1'0 \u_control_shell.u_dm.i_dm_mem.abstract_cmd [170] 1'0 \u_control_shell.u_dm.i_dm_mem.abstract_cmd [170] 3'101 \u_control_shell.u_dm.i_dm_mem.abstract_cmd [223:212] \u_control_shell.u_dm.i_dm_mem.abstract_cmd [170] \u_control_shell.u_dm.i_dm_mem.abstract_cmd [165] \u_control_shell.u_dm.i_dm_mem.abstract_cmd [206:204] 5'00000 \u_control_shell.u_dm.i_dm_mem.abstract_cmd [176] \u_control_shell.u_dm.i_dm_mem.abstract_cmd [170] \u_control_shell.u_dm.i_dm_mem.abstract_cmd [196] 3'011 \u_control_shell.u_dm.i_dm_mem.abstract_cmd [191:180] \u_control_shell.u_dm.i_dm_mem.abstract_cmd [176] \u_control_shell.u_dm.i_dm_mem.abstract_cmd [174:172] \u_control_shell.u_dm.i_dm_mem.abstract_cmd [170] 1'0 \u_control_shell.u_dm.i_dm_mem.abstract_cmd [165:164] 3'010 \u_control_shell.u_dm.i_dm_mem.abstract_cmd [134] \u_control_shell.u_dm.i_dm_mem.abstract_cmd [146] \u_control_shell.u_dm.i_dm_mem.abstract_cmd [146] \u_control_shell.u_dm.i_dm_mem.abstract_cmd [146] 1'0 \u_control_shell.u_dm.i_dm_mem.abstract_cmd [134] \u_control_shell.u_dm.i_dm_mem.abstract_cmd [152:148] \u_control_shell.u_dm.i_dm_mem.abstract_cmd [146] \u_control_shell.u_dm.i_dm_mem.abstract_cmd [144] \u_control_shell.u_dm.i_dm_mem.abstract_cmd [142:132] \u_control_shell.u_dm.i_dm_mem.abstract_cmd [130:128] 73'0000000011001001110101000000001100111010101000101100000000000000001101110 \u_control_shell.u_dm.i_dm_mem.abstract_cmd [12] \u_control_shell.u_dm.i_dm_mem.abstract_cmd [12] \u_control_shell.u_dm.i_dm_mem.abstract_cmd [12] \u_control_shell.u_dm.i_dm_mem.abstract_cmd [12] 1'0 \u_control_shell.u_dm.i_dm_mem.abstract_cmd [12] \u_control_shell.u_dm.i_dm_mem.abstract_cmd [12] 2'00 \u_control_shell.u_dm.i_dm_mem.abstract_cmd [12] \u_control_shell.u_dm.i_dm_mem.abstract_cmd [0] \u_control_shell.u_dm.i_dm_mem.abstract_cmd [12] \u_control_shell.u_dm.i_dm_mem.abstract_cmd [12] 2'00 \u_control_shell.u_dm.i_dm_mem.abstract_cmd [12] 5'00000 \u_control_shell.u_dm.i_dm_mem.abstract_cmd [0] \u_control_shell.u_dm.i_dm_mem.abstract_cmd [0] \u_control_shell.u_dm.i_dm_mem.abstract_cmd [0] 1'0 \u_control_shell.u_dm.i_dm_mem.abstract_cmd [0] \u_control_shell.u_dm.i_dm_mem.abstract_cmd [0] }, Y={ $6874y [63:52] $6874y [48] $6874y [46:44] $6874y [42] $6874y [40] $6874y [37:36] $6874y [34] $6874y [32:20] $6874y [18] $6874y [16] $6874y [14:4] $6874y [2:0] }
      New ports: A={ 158'00000000000000000000000000000000000000000000000000000000000000000000000000000000000000000000000000000000000000000000000000000000000000000000000000000000000000 \u_control_shell.u_dm.i_dm_mem.abstract_cmd [293] 6'000000 \u_control_shell.u_dm.i_dm_mem.abstract_cmd [293] 31'1010111101100110001001010111010 \u_control_shell.u_dm.i_dm_mem.abstract_cmd [170] \u_control_shell.u_dm.i_dm_mem.abstract_cmd [170] \u_control_shell.u_dm.i_dm_mem.abstract_cmd [170] \u_control_shell.u_dm.i_dm_mem.abstract_cmd [170] 1'0 \u_control_shell.u_dm.i_dm_mem.abstract_cmd [170] \u_control_shell.u_dm.i_dm_mem.abstract_cmd [170] 2'00 \u_control_shell.u_dm.i_dm_mem.abstract_cmd [170] 3'000 \u_control_shell.u_dm.i_dm_mem.abstract_cmd [170] 1'0 \u_control_shell.u_dm.i_dm_mem.abstract_cmd [170] 1'0 \u_control_shell.u_dm.i_dm_mem.abstract_cmd [170] 3'101 \u_control_shell.u_dm.i_dm_mem.abstract_cmd [223:212] \u_control_shell.u_dm.i_dm_mem.abstract_cmd [170] \u_control_shell.u_dm.i_dm_mem.abstract_cmd [165] \u_control_shell.u_dm.i_dm_mem.abstract_cmd [206:204] 5'00000 \u_control_shell.u_dm.i_dm_mem.abstract_cmd [176] \u_control_shell.u_dm.i_dm_mem.abstract_cmd [170] \u_control_shell.u_dm.i_dm_mem.abstract_cmd [196] 2'01 \u_control_shell.u_dm.i_dm_mem.abstract_cmd [191:180] \u_control_shell.u_dm.i_dm_mem.abstract_cmd [176] \u_control_shell.u_dm.i_dm_mem.abstract_cmd [174:172] \u_control_shell.u_dm.i_dm_mem.abstract_cmd [170] 1'0 \u_control_shell.u_dm.i_dm_mem.abstract_cmd [165:164] 3'010 \u_control_shell.u_dm.i_dm_mem.abstract_cmd [134] \u_control_shell.u_dm.i_dm_mem.abstract_cmd [146] \u_control_shell.u_dm.i_dm_mem.abstract_cmd [146] \u_control_shell.u_dm.i_dm_mem.abstract_cmd [146] 1'0 \u_control_shell.u_dm.i_dm_mem.abstract_cmd [134] \u_control_shell.u_dm.i_dm_mem.abstract_cmd [152:148] \u_control_shell.u_dm.i_dm_mem.abstract_cmd [146] \u_control_shell.u_dm.i_dm_mem.abstract_cmd [144] \u_control_shell.u_dm.i_dm_mem.abstract_cmd [142:132] \u_control_shell.u_dm.i_dm_mem.abstract_cmd [130] 73'1000000001100100111010100000000110011101010100010100000000000000001101110 \u_control_shell.u_dm.i_dm_mem.abstract_cmd [12] \u_control_shell.u_dm.i_dm_mem.abstract_cmd [12] \u_control_shell.u_dm.i_dm_mem.abstract_cmd [12] \u_control_shell.u_dm.i_dm_mem.abstract_cmd [12] 1'0 \u_control_shell.u_dm.i_dm_mem.abstract_cmd [12] \u_control_shell.u_dm.i_dm_mem.abstract_cmd [12] 2'00 \u_control_shell.u_dm.i_dm_mem.abstract_cmd [12] \u_control_shell.u_dm.i_dm_mem.abstract_cmd [0] \u_control_shell.u_dm.i_dm_mem.abstract_cmd [12] \u_control_shell.u_dm.i_dm_mem.abstract_cmd [12] 2'00 \u_control_shell.u_dm.i_dm_mem.abstract_cmd [12] 5'00000 \u_control_shell.u_dm.i_dm_mem.abstract_cmd [0] \u_control_shell.u_dm.i_dm_mem.abstract_cmd [0] \u_control_shell.u_dm.i_dm_mem.abstract_cmd [0] 1'0 \u_control_shell.u_dm.i_dm_mem.abstract_cmd [0] }, Y={ $6874y [63:52] $6874y [48] $6874y [46:44] $6874y [42] $6874y [40] $6874y [37:36] $6874y [34] $6874y [32:20] $6874y [18] $6874y [16] $6874y [14:4] $6874y [2] $6874y [0] }
      New connections: $6874y [1] = $6874y [0]
  Optimizing cells in module \agriasic_digital_rv32i_top.
Performed a total of 260 changes.

6.18.5. Executing OPT_MERGE pass (detect identical cells).
Finding identical cells in module `\agriasic_digital_rv32i_top'.
Computing hashes of 3444 cells of `\agriasic_digital_rv32i_top'.
Finding duplicate cells in `\agriasic_digital_rv32i_top'.
Computing hashes of 3410 cells of `\agriasic_digital_rv32i_top'.
Finding duplicate cells in `\agriasic_digital_rv32i_top'.
Computing hashes of 3407 cells of `\agriasic_digital_rv32i_top'.
Finding duplicate cells in `\agriasic_digital_rv32i_top'.
<suppressed ~111 debug messages>
Removed a total of 37 cells.

6.18.6. Executing OPT_SHARE pass.
    Found cells that share an operand and can be merged by moving the $mux $143 in front of them:
        $142
        $140

    Found cells that share an operand and can be merged by moving the $mux $procmux$1063 in front of them:
        $auto$alumacc.cc:548:replace_alu$18916
        $auto$alumacc.cc:548:replace_alu$18910

    Found cells that share an operand and can be merged by moving the $pmux $procmux$2630 in front of them:
        $procmux$2427
        $procmux$2552

    Found cells that share an operand and can be merged by moving the $pmux $procmux$8359 in front of them:
        $procmux$7350
        $procmux$7477

6.18.7. Executing OPT_DFF pass (perform DFF optimizations).
Adding SRST signal on $auto$ff.cc:337:slice$17142 ($dffe) from module agriasic_digital_rv32i_top (D = \u_control_shell.u_core.u_ibex_core.if_stage_i.fetch_addr_n [1], Q = \u_control_shell.u_core.u_ibex_core.if_stage_i.gen_prefetch_buffer.prefetch_buffer_i.fetch_addr_q [1], rval = 1'0).
Setting constant 0-bit at position 0 on $auto$ff.cc:337:slice$20347 ($dffe) from module agriasic_digital_rv32i_top.
Setting constant 0-bit at position 0 on $auto$ff.cc:337:slice$17546 ($adffe) from module agriasic_digital_rv32i_top.
Setting constant 0-bit at position 0 on $driver$u_control_shell.u_dm.i_dm_csrs.abstractauto_q.zero0 ($adff) from module agriasic_digital_rv32i_top.
Setting constant 0-bit at position 1 on $driver$u_control_shell.u_dm.i_dm_csrs.abstractauto_q.zero0 ($adff) from module agriasic_digital_rv32i_top.
Setting constant 0-bit at position 2 on $driver$u_control_shell.u_dm.i_dm_csrs.abstractauto_q.zero0 ($adff) from module agriasic_digital_rv32i_top.
Setting constant 0-bit at position 3 on $driver$u_control_shell.u_dm.i_dm_csrs.abstractauto_q.zero0 ($adff) from module agriasic_digital_rv32i_top.
Setting constant 0-bit at position 0 on $driver$u_control_shell.u_dm.i_dm_csrs.dmcontrol_q.ackhavereset ($adff) from module agriasic_digital_rv32i_top.
Setting constant 0-bit at position 0 on $driver$u_control_shell.u_dm.i_dm_csrs.dmcontrol_q.hartselhi ($adff) from module agriasic_digital_rv32i_top.
Setting constant 0-bit at position 1 on $driver$u_control_shell.u_dm.i_dm_csrs.dmcontrol_q.hartselhi ($adff) from module agriasic_digital_rv32i_top.
Setting constant 0-bit at position 2 on $driver$u_control_shell.u_dm.i_dm_csrs.dmcontrol_q.hartselhi ($adff) from module agriasic_digital_rv32i_top.
Setting constant 0-bit at position 3 on $driver$u_control_shell.u_dm.i_dm_csrs.dmcontrol_q.hartselhi ($adff) from module agriasic_digital_rv32i_top.
Setting constant 0-bit at position 4 on $driver$u_control_shell.u_dm.i_dm_csrs.dmcontrol_q.hartselhi ($adff) from module agriasic_digital_rv32i_top.
Setting constant 0-bit at position 5 on $driver$u_control_shell.u_dm.i_dm_csrs.dmcontrol_q.hartselhi ($adff) from module agriasic_digital_rv32i_top.
Setting constant 0-bit at position 6 on $driver$u_control_shell.u_dm.i_dm_csrs.dmcontrol_q.hartselhi ($adff) from module agriasic_digital_rv32i_top.
Setting constant 0-bit at position 7 on $driver$u_control_shell.u_dm.i_dm_csrs.dmcontrol_q.hartselhi ($adff) from module agriasic_digital_rv32i_top.
Setting constant 0-bit at position 8 on $driver$u_control_shell.u_dm.i_dm_csrs.dmcontrol_q.hartselhi ($adff) from module agriasic_digital_rv32i_top.
Setting constant 0-bit at position 9 on $driver$u_control_shell.u_dm.i_dm_csrs.dmcontrol_q.hartselhi ($adff) from module agriasic_digital_rv32i_top.
Setting constant 0-bit at position 0 on $driver$u_control_shell.u_dm.i_dm_csrs.dmcontrol_q.zero0 ($adff) from module agriasic_digital_rv32i_top.
Setting constant 0-bit at position 1 on $driver$u_control_shell.u_dm.i_dm_csrs.dmcontrol_q.zero0 ($adff) from module agriasic_digital_rv32i_top.
Setting constant 0-bit at position 0 on $driver$u_control_shell.u_dm.i_dm_csrs.sbcs_q.sbasize ($adff) from module agriasic_digital_rv32i_top.
Setting constant 0-bit at position 1 on $driver$u_control_shell.u_dm.i_dm_csrs.sbcs_q.sbasize ($adff) from module agriasic_digital_rv32i_top.
Setting constant 0-bit at position 2 on $driver$u_control_shell.u_dm.i_dm_csrs.sbcs_q.sbasize ($adff) from module agriasic_digital_rv32i_top.
Setting constant 0-bit at position 3 on $driver$u_control_shell.u_dm.i_dm_csrs.sbcs_q.sbasize ($adff) from module agriasic_digital_rv32i_top.
Setting constant 0-bit at position 4 on $driver$u_control_shell.u_dm.i_dm_csrs.sbcs_q.sbasize ($adff) from module agriasic_digital_rv32i_top.
Setting constant 0-bit at position 6 on $driver$u_control_shell.u_dm.i_dm_csrs.sbcs_q.sbasize ($adff) from module agriasic_digital_rv32i_top.

6.18.8. Executing OPT_CLEAN pass (remove unused cells and wires).
Finding unused cells or wires in module \agriasic_digital_rv32i_top..
Removed 3 unused cells and 157 unused wires.
<suppressed ~4 debug messages>

6.18.9. Executing OPT_EXPR pass (perform const folding).
Optimizing module agriasic_digital_rv32i_top.
<suppressed ~222 debug messages>

6.18.10. Rerunning OPT passes. (Maybe there is more to do..)

6.18.11. Executing OPT_MUXTREE pass (detect dead branches in mux trees).
Running muxtree optimizer on module \agriasic_digital_rv32i_top..
  Creating internal representation of mux trees.
  Evaluating internal representation of mux trees.
  Analyzing evaluation results.
Removed 0 multiplexer ports.
<suppressed ~1307 debug messages>

6.18.12. Executing OPT_REDUCE pass (consolidate $*mux and $reduce_* inputs).
  Optimizing cells in module \agriasic_digital_rv32i_top.
    Consolidated identical input bits for $mux cell $299:
      Old ports: A={ \u_control_shell.u_core.u_ibex_core.if_stage_i.gen_prefetch_buffer.prefetch_buffer_i.fetch_addr_q [31:1] 1'0 }, B={ \u_control_shell.u_core.u_ibex_core.if_stage_i.fetch_addr_n [31:1] 1'0 }, Y=$299y
      New ports: A=\u_control_shell.u_core.u_ibex_core.if_stage_i.gen_prefetch_buffer.prefetch_buffer_i.fetch_addr_q [31:1], B=\u_control_shell.u_core.u_ibex_core.if_stage_i.fetch_addr_n [31:1], Y=$299y [31:1]
      New connections: $299y [0] = 1'0
    Consolidated identical input bits for $mux cell $memory$auto$memory_bmux2rom.cc:63:execute$18996$rdmux[0][0][0]$20219:
      Old ports: A={ $memory$auto$memory_bmux2rom.cc:63:execute$18996$rdmux[0][0][0]$a$20220 [7] $memory$auto$memory_bmux2rom.cc:63:execute$18996$rdmux[0][0][0]$a$20220 [62] $memory$auto$memory_bmux2rom.cc:63:execute$18996$rdmux[0][0][0]$a$20220 [60] $memory$auto$memory_bmux2rom.cc:63:execute$18996$rdmux[0][0][0]$a$20220 [56] $memory$auto$memory_bmux2rom.cc:63:execute$18996$rdmux[0][0][0]$a$20220 [57:53] $memory$auto$memory_bmux2rom.cc:63:execute$18996$rdmux[0][0][0]$a$20220 [50] $memory$auto$memory_bmux2rom.cc:63:execute$18996$rdmux[0][0][0]$a$20220 [48] $memory$auto$memory_bmux2rom.cc:63:execute$18996$rdmux[0][0][0]$a$20220 [46:42] $memory$auto$memory_bmux2rom.cc:63:execute$18996$rdmux[0][0][0]$a$20220 [40] $memory$auto$memory_bmux2rom.cc:63:execute$18996$rdmux[0][0][0]$a$20220 [38:36] $memory$auto$memory_bmux2rom.cc:63:execute$18996$rdmux[0][0][0]$a$20220 [34] $memory$auto$memory_bmux2rom.cc:63:execute$18996$rdmux[0][0][0]$a$20220 [31:30] $memory$auto$memory_bmux2rom.cc:63:execute$18996$rdmux[0][0][0]$a$20220 [28] $memory$auto$memory_bmux2rom.cc:63:execute$18996$rdmux[0][0][0]$a$20220 [28:20] $memory$auto$memory_bmux2rom.cc:63:execute$18996$rdmux[0][0][0]$a$20220 [18] $memory$auto$memory_bmux2rom.cc:63:execute$18996$rdmux[0][0][0]$a$20220 [16] 1'0 $memory$auto$memory_bmux2rom.cc:63:execute$18996$rdmux[0][0][0]$a$20220 [14:12] $memory$auto$memory_bmux2rom.cc:63:execute$18996$rdmux[0][0][0]$a$20220 [7] $memory$auto$memory_bmux2rom.cc:63:execute$18996$rdmux[0][0][0]$a$20220 [10] 1'0 $memory$auto$memory_bmux2rom.cc:63:execute$18996$rdmux[0][0][0]$a$20220 [8:2] 1'1 }, B={ $memory$auto$memory_bmux2rom.cc:63:execute$18996$rdmux[0][0][0]$b$20221 [2] $memory$auto$memory_bmux2rom.cc:63:execute$18996$rdmux[0][0][0]$b$20221 [0] $memory$auto$memory_bmux2rom.cc:63:execute$18996$rdmux[0][0][0]$b$20221 [0] $memory$auto$memory_bmux2rom.cc:63:execute$18996$rdmux[0][0][0]$b$20221 [28] $memory$auto$memory_bmux2rom.cc:63:execute$18996$rdmux[0][0][0]$b$20221 [28] $memory$auto$memory_bmux2rom.cc:63:execute$18996$rdmux[0][0][0]$b$20221 [0] $memory$auto$memory_bmux2rom.cc:63:execute$18996$rdmux[0][0][0]$b$20221 [7] $memory$auto$memory_bmux2rom.cc:63:execute$18996$rdmux[0][0][0]$b$20221 [2] $memory$auto$memory_bmux2rom.cc:63:execute$18996$rdmux[0][0][0]$b$20221 [28] $memory$auto$memory_bmux2rom.cc:63:execute$18996$rdmux[0][0][0]$b$20221 [7] $memory$auto$memory_bmux2rom.cc:63:execute$18996$rdmux[0][0][0]$b$20221 [7] $memory$auto$memory_bmux2rom.cc:63:execute$18996$rdmux[0][0][0]$b$20221 [7] $memory$auto$memory_bmux2rom.cc:63:execute$18996$rdmux[0][0][0]$b$20221 [42] $memory$auto$memory_bmux2rom.cc:63:execute$18996$rdmux[0][0][0]$b$20221 [7] $memory$auto$memory_bmux2rom.cc:63:execute$18996$rdmux[0][0][0]$b$20221 [7] $memory$auto$memory_bmux2rom.cc:63:execute$18996$rdmux[0][0][0]$b$20221 [42] $memory$auto$memory_bmux2rom.cc:63:execute$18996$rdmux[0][0][0]$b$20221 [11] $memory$auto$memory_bmux2rom.cc:63:execute$18996$rdmux[0][0][0]$b$20221 [0] $memory$auto$memory_bmux2rom.cc:63:execute$18996$rdmux[0][0][0]$b$20221 [0] $memory$auto$memory_bmux2rom.cc:63:execute$18996$rdmux[0][0][0]$b$20221 [0] $memory$auto$memory_bmux2rom.cc:63:execute$18996$rdmux[0][0][0]$b$20221 [7] $memory$auto$memory_bmux2rom.cc:63:execute$18996$rdmux[0][0][0]$b$20221 [2] $memory$auto$memory_bmux2rom.cc:63:execute$18996$rdmux[0][0][0]$b$20221 [4] $memory$auto$memory_bmux2rom.cc:63:execute$18996$rdmux[0][0][0]$b$20221 [6] $memory$auto$memory_bmux2rom.cc:63:execute$18996$rdmux[0][0][0]$b$20221 [28] $memory$auto$memory_bmux2rom.cc:63:execute$18996$rdmux[0][0][0]$b$20221 [4] $memory$auto$memory_bmux2rom.cc:63:execute$18996$rdmux[0][0][0]$b$20221 [2] $memory$auto$memory_bmux2rom.cc:63:execute$18996$rdmux[0][0][0]$b$20221 [6] $memory$auto$memory_bmux2rom.cc:63:execute$18996$rdmux[0][0][0]$b$20221 [6] $memory$auto$memory_bmux2rom.cc:63:execute$18996$rdmux[0][0][0]$b$20221 [16] $memory$auto$memory_bmux2rom.cc:63:execute$18996$rdmux[0][0][0]$b$20221 [7] $memory$auto$memory_bmux2rom.cc:63:execute$18996$rdmux[0][0][0]$b$20221 [4] $memory$auto$memory_bmux2rom.cc:63:execute$18996$rdmux[0][0][0]$b$20221 [20] $memory$auto$memory_bmux2rom.cc:63:execute$18996$rdmux[0][0][0]$b$20221 [16] $memory$auto$memory_bmux2rom.cc:63:execute$18996$rdmux[0][0][0]$b$20221 [16] $memory$auto$memory_bmux2rom.cc:63:execute$18996$rdmux[0][0][0]$b$20221 [2] $memory$auto$memory_bmux2rom.cc:63:execute$18996$rdmux[0][0][0]$b$20221 [2] $memory$auto$memory_bmux2rom.cc:63:execute$18996$rdmux[0][0][0]$b$20221 [0] $memory$auto$memory_bmux2rom.cc:63:execute$18996$rdmux[0][0][0]$b$20221 [2] $memory$auto$memory_bmux2rom.cc:63:execute$18996$rdmux[0][0][0]$b$20221 [11] $memory$auto$memory_bmux2rom.cc:63:execute$18996$rdmux[0][0][0]$b$20221 [4] $memory$auto$memory_bmux2rom.cc:63:execute$18996$rdmux[0][0][0]$b$20221 [7] $memory$auto$memory_bmux2rom.cc:63:execute$18996$rdmux[0][0][0]$b$20221 [8:6] $memory$auto$memory_bmux2rom.cc:63:execute$18996$rdmux[0][0][0]$b$20221 [0] $memory$auto$memory_bmux2rom.cc:63:execute$18996$rdmux[0][0][0]$b$20221 [4] $memory$auto$memory_bmux2rom.cc:63:execute$18996$rdmux[0][0][0]$b$20221 [2] $memory$auto$memory_bmux2rom.cc:63:execute$18996$rdmux[0][0][0]$b$20221 [2] $memory$auto$memory_bmux2rom.cc:63:execute$18996$rdmux[0][0][0]$b$20221 [0] }, Y={ $6965y [63:62] $6965y [60:59] $6965y [57:53] $6965y [50] $6965y [48] $6965y [46:42] $6965y [40] $6965y [38:36] $6965y [34] $6965y [31:20] $6965y [18] $6965y [16:2] $6965y [0] }
      New ports: A={ $memory$auto$memory_bmux2rom.cc:63:execute$18996$rdmux[0][0][0]$a$20220 [7] $memory$auto$memory_bmux2rom.cc:63:execute$18996$rdmux[0][0][0]$a$20220 [62] $memory$auto$memory_bmux2rom.cc:63:execute$18996$rdmux[0][0][0]$a$20220 [60] $memory$auto$memory_bmux2rom.cc:63:execute$18996$rdmux[0][0][0]$a$20220 [56] $memory$auto$memory_bmux2rom.cc:63:execute$18996$rdmux[0][0][0]$a$20220 [57:53] $memory$auto$memory_bmux2rom.cc:63:execute$18996$rdmux[0][0][0]$a$20220 [50] $memory$auto$memory_bmux2rom.cc:63:execute$18996$rdmux[0][0][0]$a$20220 [48] $memory$auto$memory_bmux2rom.cc:63:execute$18996$rdmux[0][0][0]$a$20220 [46:42] $memory$auto$memory_bmux2rom.cc:63:execute$18996$rdmux[0][0][0]$a$20220 [40] $memory$auto$memory_bmux2rom.cc:63:execute$18996$rdmux[0][0][0]$a$20220 [38:36] $memory$auto$memory_bmux2rom.cc:63:execute$18996$rdmux[0][0][0]$a$20220 [34] $memory$auto$memory_bmux2rom.cc:63:execute$18996$rdmux[0][0][0]$a$20220 [31:30] $memory$auto$memory_bmux2rom.cc:63:execute$18996$rdmux[0][0][0]$a$20220 [28] $memory$auto$memory_bmux2rom.cc:63:execute$18996$rdmux[0][0][0]$a$20220 [28:20] $memory$auto$memory_bmux2rom.cc:63:execute$18996$rdmux[0][0][0]$a$20220 [18] $memory$auto$memory_bmux2rom.cc:63:execute$18996$rdmux[0][0][0]$a$20220 [16] 1'0 $memory$auto$memory_bmux2rom.cc:63:execute$18996$rdmux[0][0][0]$a$20220 [14:12] $memory$auto$memory_bmux2rom.cc:63:execute$18996$rdmux[0][0][0]$a$20220 [7] $memory$auto$memory_bmux2rom.cc:63:execute$18996$rdmux[0][0][0]$a$20220 [10] $memory$auto$memory_bmux2rom.cc:63:execute$18996$rdmux[0][0][0]$a$20220 [8:2] }, B={ $memory$auto$memory_bmux2rom.cc:63:execute$18996$rdmux[0][2][2]$a$20235 [2] 2'11 $memory$auto$memory_bmux2rom.cc:63:execute$18996$rdmux[0][2][2]$a$20235 [28] $memory$auto$memory_bmux2rom.cc:63:execute$18996$rdmux[0][2][2]$a$20235 [28] 2'10 $memory$auto$memory_bmux2rom.cc:63:execute$18996$rdmux[0][2][2]$a$20235 [2] $memory$auto$memory_bmux2rom.cc:63:execute$18996$rdmux[0][2][2]$a$20235 [28] 3'000 $memory$auto$memory_bmux2rom.cc:63:execute$18996$rdmux[0][2][2]$a$20235 [42] 2'00 $memory$auto$memory_bmux2rom.cc:63:execute$18996$rdmux[0][2][2]$a$20235 [42] $memory$auto$memory_bmux2rom.cc:63:execute$18996$rdmux[0][2][2]$a$20235 [11] 4'1110 $memory$auto$memory_bmux2rom.cc:63:execute$18996$rdmux[0][2][2]$a$20235 [2] $memory$auto$memory_bmux2rom.cc:63:execute$18996$rdmux[0][2][2]$a$20235 [4] $memory$auto$memory_bmux2rom.cc:63:execute$18996$rdmux[0][2][2]$a$20235 [6] $memory$auto$memory_bmux2rom.cc:63:execute$18996$rdmux[0][2][2]$a$20235 [28] $memory$auto$memory_bmux2rom.cc:63:execute$18996$rdmux[0][2][2]$a$20235 [4] $memory$auto$memory_bmux2rom.cc:63:execute$18996$rdmux[0][2][2]$a$20235 [2] $memory$auto$memory_bmux2rom.cc:63:execute$18996$rdmux[0][2][2]$a$20235 [6] $memory$auto$memory_bmux2rom.cc:63:execute$18996$rdmux[0][2][2]$a$20235 [6] $memory$auto$memory_bmux2rom.cc:63:execute$18996$rdmux[0][2][2]$a$20235 [16] 1'0 $memory$auto$memory_bmux2rom.cc:63:execute$18996$rdmux[0][2][2]$a$20235 [4] $memory$auto$memory_bmux2rom.cc:63:execute$18996$rdmux[0][2][2]$a$20235 [20] $memory$auto$memory_bmux2rom.cc:63:execute$18996$rdmux[0][2][2]$a$20235 [16] $memory$auto$memory_bmux2rom.cc:63:execute$18996$rdmux[0][2][2]$a$20235 [16] $memory$auto$memory_bmux2rom.cc:63:execute$18996$rdmux[0][2][2]$a$20235 [2] $memory$auto$memory_bmux2rom.cc:63:execute$18996$rdmux[0][2][2]$a$20235 [2] 1'1 $memory$auto$memory_bmux2rom.cc:63:execute$18996$rdmux[0][2][2]$a$20235 [2] $memory$auto$memory_bmux2rom.cc:63:execute$18996$rdmux[0][2][2]$a$20235 [11] $memory$auto$memory_bmux2rom.cc:63:execute$18996$rdmux[0][2][2]$a$20235 [4] $memory$auto$memory_bmux2rom.cc:63:execute$18996$rdmux[0][2][2]$a$20235 [8] 1'0 $memory$auto$memory_bmux2rom.cc:63:execute$18996$rdmux[0][2][2]$a$20235 [6] 1'1 $memory$auto$memory_bmux2rom.cc:63:execute$18996$rdmux[0][2][2]$a$20235 [4] $memory$auto$memory_bmux2rom.cc:63:execute$18996$rdmux[0][2][2]$a$20235 [2] $memory$auto$memory_bmux2rom.cc:63:execute$18996$rdmux[0][2][2]$a$20235 [2] }, Y={ $6965y [63:62] $6965y [60:59] $6965y [57:53] $6965y [50] $6965y [48] $6965y [46:42] $6965y [40] $6965y [38:36] $6965y [34] $6965y [31:20] $6965y [18] $6965y [16:10] $6965y [8:2] }
      New connections: { $6965y [9] $6965y [0] } = 2'01
    Consolidated identical input bits for $mux cell $procmux$15444:
      Old ports: A=16'0000000000000000, B={ $6887y [57:56] $6887y [49:48] $6887y [41:40] $6887y [33:32] $6887y [25:24] $6887y [17:16] $6887y [9:8] $6887y [1:0] }, Y={ $procmux$15444_Y [57:56] $procmux$15444_Y [49:48] $procmux$15444_Y [41:40] $procmux$15444_Y [33:32] $procmux$15444_Y [25:24] $procmux$15444_Y [17:16] $procmux$15444_Y [9:8] $procmux$15444_Y [1:0] }
      New ports: A=4'0000, B={ $auto$opt_expr.cc:206:group_cell_inputs$20355 [1] $auto$opt_expr.cc:206:group_cell_inputs$20355 [3] $auto$opt_expr.cc:206:group_cell_inputs$20355 [0] $auto$opt_expr.cc:206:group_cell_inputs$20355 [2] }, Y={ $procmux$15444_Y [33:32] $procmux$15444_Y [1:0] }
      New connections: { $procmux$15444_Y [57:56] $procmux$15444_Y [49:48] $procmux$15444_Y [41:40] $procmux$15444_Y [25:24] $procmux$15444_Y [17:16] $procmux$15444_Y [9:8] } = 12'000000000000
    New ctrl vector for $pmux cell $procmux$2292: { $6247y $6192y $6259y $6260y $6262y $6263y $6268y $auto$opt_reduce.cc:137:opt_pmux$20516 $6283y $6284y $6285y $6286y $6292y }
    Consolidated identical input bits for $mux cell $auto$opt_share.cc:244:merge_operators$20336:
      Old ports: A=2'11, B=2'01, Y=$auto$rtlil.cc:3386:Mux$20337
      New ports: A=1'1, B=1'0, Y=$auto$rtlil.cc:3386:Mux$20337 [1]
      New connections: $auto$rtlil.cc:3386:Mux$20337 [0] = 1'1
    New ctrl vector for $pmux cell $procmux$2630: $auto$opt_reduce.cc:137:opt_pmux$20518
    Consolidated identical input bits for $mux cell $memory$auto$memory_bmux2rom.cc:63:execute$18996$rdmux[0][3][3]$20249:
      Old ports: A={ 1'1 $memory$auto$memory_bmux2rom.cc:63:execute$18996$rdmux[0][3][0]$b$20242 [20] $memory$auto$memory_bmux2rom.cc:63:execute$18996$rdmux[0][3][0]$b$20242 [5] 1'0 $memory$auto$memory_bmux2rom.cc:63:execute$18996$rdmux[0][3][0]$b$20242 [20] 2'10 $memory$auto$memory_bmux2rom.cc:63:execute$18996$rdmux[0][3][0]$b$20242 [5] }, B={ $memory$auto$memory_bmux2rom.cc:63:execute$18996$rdmux[0][3][0]$b$20242 [20] 1'1 $memory$auto$memory_bmux2rom.cc:63:execute$18996$rdmux[0][3][0]$b$20242 [5] $memory$auto$memory_bmux2rom.cc:63:execute$18996$rdmux[0][3][0]$b$20242 [5] 1'0 $memory$auto$memory_bmux2rom.cc:63:execute$18996$rdmux[0][3][0]$b$20242 [5] 2'10 }, Y={ $memory$auto$memory_bmux2rom.cc:63:execute$18996$rdmux[0][2][1]$b$20233 [48] $memory$auto$memory_bmux2rom.cc:63:execute$18996$rdmux[0][2][1]$b$20233 [37:36] $memory$auto$memory_bmux2rom.cc:63:execute$18996$rdmux[0][2][1]$b$20233 [13:12] $memory$auto$memory_bmux2rom.cc:63:execute$18996$rdmux[0][2][1]$b$20233 [8] $memory$auto$memory_bmux2rom.cc:63:execute$18996$rdmux[0][2][1]$b$20233 [5] $memory$auto$memory_bmux2rom.cc:63:execute$18996$rdmux[0][2][1]$b$20233 [2] }
      New ports: A={ 1'1 $memory$auto$memory_bmux2rom.cc:63:execute$18996$rdmux[0][3][0]$b$20242 [20] 1'0 $memory$auto$memory_bmux2rom.cc:63:execute$18996$rdmux[0][3][0]$b$20242 [20] 2'10 $memory$auto$memory_bmux2rom.cc:63:execute$18996$rdmux[0][3][0]$b$20242 [5] }, B={ $memory$auto$memory_bmux2rom.cc:63:execute$18996$rdmux[0][3][0]$b$20242 [20] 1'1 $memory$auto$memory_bmux2rom.cc:63:execute$18996$rdmux[0][3][0]$b$20242 [5] 1'0 $memory$auto$memory_bmux2rom.cc:63:execute$18996$rdmux[0][3][0]$b$20242 [5] 2'10 }, Y={ $memory$auto$memory_bmux2rom.cc:63:execute$18996$rdmux[0][2][1]$b$20233 [48] $memory$auto$memory_bmux2rom.cc:63:execute$18996$rdmux[0][2][1]$b$20233 [37] $memory$auto$memory_bmux2rom.cc:63:execute$18996$rdmux[0][2][1]$b$20233 [13:12] $memory$auto$memory_bmux2rom.cc:63:execute$18996$rdmux[0][2][1]$b$20233 [8] $memory$auto$memory_bmux2rom.cc:63:execute$18996$rdmux[0][2][1]$b$20233 [5] $memory$auto$memory_bmux2rom.cc:63:execute$18996$rdmux[0][2][1]$b$20233 [2] }
      New connections: $memory$auto$memory_bmux2rom.cc:63:execute$18996$rdmux[0][2][1]$b$20233 [36] = $memory$auto$memory_bmux2rom.cc:63:execute$18996$rdmux[0][3][0]$b$20242 [5]
    Consolidated identical input bits for $mux cell $memory$auto$memory_bmux2rom.cc:63:execute$18996$rdmux[0][3][2]$20246:
      Old ports: A={ 2'01 $memory$auto$memory_bmux2rom.cc:63:execute$18996$rdmux[0][3][0]$a$20241 [22] $memory$auto$memory_bmux2rom.cc:63:execute$18996$rdmux[0][3][0]$a$20241 [22] $memory$auto$memory_bmux2rom.cc:63:execute$18996$rdmux[0][3][0]$a$20241 [22] $memory$auto$memory_bmux2rom.cc:63:execute$18996$rdmux[0][3][0]$a$20241 [23] $memory$auto$memory_bmux2rom.cc:63:execute$18996$rdmux[0][3][0]$a$20241 [23] $memory$auto$memory_bmux2rom.cc:63:execute$18996$rdmux[0][3][0]$a$20241 [23] $memory$auto$memory_bmux2rom.cc:63:execute$18996$rdmux[0][3][0]$a$20241 [23] 2'10 $memory$auto$memory_bmux2rom.cc:63:execute$18996$rdmux[0][3][0]$a$20241 [22] 1'1 }, B={ 1'1 $memory$auto$memory_bmux2rom.cc:63:execute$18996$rdmux[0][3][0]$a$20241 [22] $memory$auto$memory_bmux2rom.cc:63:execute$18996$rdmux[0][3][0]$a$20241 [23] 4'1001 $memory$auto$memory_bmux2rom.cc:63:execute$18996$rdmux[0][3][0]$a$20241 [23:22] $memory$auto$memory_bmux2rom.cc:63:execute$18996$rdmux[0][3][0]$a$20241 [23:22] $memory$auto$memory_bmux2rom.cc:63:execute$18996$rdmux[0][3][0]$a$20241 [22] 1'0 }, Y={ $memory$auto$memory_bmux2rom.cc:63:execute$18996$rdmux[0][2][1]$a$20232 [45] $memory$auto$memory_bmux2rom.cc:63:execute$18996$rdmux[0][2][1]$a$20232 [37:36] $memory$auto$memory_bmux2rom.cc:63:execute$18996$rdmux[0][2][1]$a$20232 [30] $memory$auto$memory_bmux2rom.cc:63:execute$18996$rdmux[0][2][1]$a$20232 [22] $memory$auto$memory_bmux2rom.cc:63:execute$18996$rdmux[0][2][1]$a$20232 [20] $memory$auto$memory_bmux2rom.cc:63:execute$18996$rdmux[0][2][1]$a$20232 [18] $memory$auto$memory_bmux2rom.cc:63:execute$18996$rdmux[0][2][1]$a$20232 [14] $memory$auto$memory_bmux2rom.cc:63:execute$18996$rdmux[0][2][1]$a$20232 [12] $memory$auto$memory_bmux2rom.cc:63:execute$18996$rdmux[0][2][1]$a$20232 [10] $memory$auto$memory_bmux2rom.cc:63:execute$18996$rdmux[0][2][1]$a$20232 [7] $memory$auto$memory_bmux2rom.cc:63:execute$18996$rdmux[0][2][1]$a$20232 [5:4] }
      New ports: A={ 2'01 $memory$auto$memory_bmux2rom.cc:63:execute$18996$rdmux[0][3][0]$a$20241 [22] $memory$auto$memory_bmux2rom.cc:63:execute$18996$rdmux[0][3][0]$a$20241 [22] $memory$auto$memory_bmux2rom.cc:63:execute$18996$rdmux[0][3][0]$a$20241 [22] $memory$auto$memory_bmux2rom.cc:63:execute$18996$rdmux[0][3][0]$a$20241 [23] $memory$auto$memory_bmux2rom.cc:63:execute$18996$rdmux[0][3][0]$a$20241 [23] $memory$auto$memory_bmux2rom.cc:63:execute$18996$rdmux[0][3][0]$a$20241 [23] 3'101 }, B={ 1'1 $memory$auto$memory_bmux2rom.cc:63:execute$18996$rdmux[0][3][0]$a$20241 [22] $memory$auto$memory_bmux2rom.cc:63:execute$18996$rdmux[0][3][0]$a$20241 [23] 4'1001 $memory$auto$memory_bmux2rom.cc:63:execute$18996$rdmux[0][3][0]$a$20241 [22] $memory$auto$memory_bmux2rom.cc:63:execute$18996$rdmux[0][3][0]$a$20241 [23:22] 1'0 }, Y={ $memory$auto$memory_bmux2rom.cc:63:execute$18996$rdmux[0][2][1]$a$20232 [45] $memory$auto$memory_bmux2rom.cc:63:execute$18996$rdmux[0][2][1]$a$20232 [37:36] $memory$auto$memory_bmux2rom.cc:63:execute$18996$rdmux[0][2][1]$a$20232 [30] $memory$auto$memory_bmux2rom.cc:63:execute$18996$rdmux[0][2][1]$a$20232 [22] $memory$auto$memory_bmux2rom.cc:63:execute$18996$rdmux[0][2][1]$a$20232 [20] $memory$auto$memory_bmux2rom.cc:63:execute$18996$rdmux[0][2][1]$a$20232 [18] $memory$auto$memory_bmux2rom.cc:63:execute$18996$rdmux[0][2][1]$a$20232 [12] $memory$auto$memory_bmux2rom.cc:63:execute$18996$rdmux[0][2][1]$a$20232 [10] $memory$auto$memory_bmux2rom.cc:63:execute$18996$rdmux[0][2][1]$a$20232 [7] $memory$auto$memory_bmux2rom.cc:63:execute$18996$rdmux[0][2][1]$a$20232 [4] }
      New connections: { $memory$auto$memory_bmux2rom.cc:63:execute$18996$rdmux[0][2][1]$a$20232 [14] $memory$auto$memory_bmux2rom.cc:63:execute$18996$rdmux[0][2][1]$a$20232 [5] } = $memory$auto$memory_bmux2rom.cc:63:execute$18996$rdmux[0][3][0]$a$20241 [23:22]
    Consolidated identical input bits for $mux cell $memory$auto$memory_bmux2rom.cc:63:execute$18996$rdmux[0][3][1]$20243:
      Old ports: A={ 1'0 $memory$auto$memory_bmux2rom.cc:63:execute$18996$rdmux[0][3][0]$b$20242 [20] $memory$auto$memory_bmux2rom.cc:63:execute$18996$rdmux[0][3][0]$b$20242 [20] $memory$auto$memory_bmux2rom.cc:63:execute$18996$rdmux[0][3][0]$b$20242 [5] $memory$auto$memory_bmux2rom.cc:63:execute$18996$rdmux[0][3][0]$b$20242 [5] 3'101 $memory$auto$memory_bmux2rom.cc:63:execute$18996$rdmux[0][3][0]$b$20242 [20] $memory$auto$memory_bmux2rom.cc:63:execute$18996$rdmux[0][3][0]$b$20242 [20] $memory$auto$memory_bmux2rom.cc:63:execute$18996$rdmux[0][3][0]$b$20242 [5] $memory$auto$memory_bmux2rom.cc:63:execute$18996$rdmux[0][3][0]$b$20242 [5] }, B={ $memory$auto$memory_bmux2rom.cc:63:execute$18996$rdmux[0][3][0]$b$20242 [20] $memory$auto$memory_bmux2rom.cc:63:execute$18996$rdmux[0][3][0]$b$20242 [20] $memory$auto$memory_bmux2rom.cc:63:execute$18996$rdmux[0][3][0]$b$20242 [5] $memory$auto$memory_bmux2rom.cc:63:execute$18996$rdmux[0][3][0]$b$20242 [20] 1'0 $memory$auto$memory_bmux2rom.cc:63:execute$18996$rdmux[0][3][0]$b$20242 [20] $memory$auto$memory_bmux2rom.cc:63:execute$18996$rdmux[0][3][0]$b$20242 [5] 3'010 $memory$auto$memory_bmux2rom.cc:63:execute$18996$rdmux[0][3][0]$b$20242 [5] 1'1 }, Y={ $memory$auto$memory_bmux2rom.cc:63:execute$18996$rdmux[0][2][0]$b$20230 [46] $memory$auto$memory_bmux2rom.cc:63:execute$18996$rdmux[0][2][0]$b$20230 [23:20] $memory$auto$memory_bmux2rom.cc:63:execute$18996$rdmux[0][2][0]$b$20230 [18] $memory$auto$memory_bmux2rom.cc:63:execute$18996$rdmux[0][2][0]$b$20230 [13:12] $memory$auto$memory_bmux2rom.cc:63:execute$18996$rdmux[0][2][0]$b$20230 [10] $memory$auto$memory_bmux2rom.cc:63:execute$18996$rdmux[0][2][0]$b$20230 [8] $memory$auto$memory_bmux2rom.cc:63:execute$18996$rdmux[0][2][0]$b$20230 [6:5] }
      New ports: A={ 1'0 $memory$auto$memory_bmux2rom.cc:63:execute$18996$rdmux[0][3][0]$b$20242 [20] $memory$auto$memory_bmux2rom.cc:63:execute$18996$rdmux[0][3][0]$b$20242 [5] $memory$auto$memory_bmux2rom.cc:63:execute$18996$rdmux[0][3][0]$b$20242 [5] 3'101 $memory$auto$memory_bmux2rom.cc:63:execute$18996$rdmux[0][3][0]$b$20242 [20] $memory$auto$memory_bmux2rom.cc:63:execute$18996$rdmux[0][3][0]$b$20242 [20] $memory$auto$memory_bmux2rom.cc:63:execute$18996$rdmux[0][3][0]$b$20242 [5] }, B={ $memory$auto$memory_bmux2rom.cc:63:execute$18996$rdmux[0][3][0]$b$20242 [20] $memory$auto$memory_bmux2rom.cc:63:execute$18996$rdmux[0][3][0]$b$20242 [5] $memory$auto$memory_bmux2rom.cc:63:execute$18996$rdmux[0][3][0]$b$20242 [20] 1'0 $memory$auto$memory_bmux2rom.cc:63:execute$18996$rdmux[0][3][0]$b$20242 [20] $memory$auto$memory_bmux2rom.cc:63:execute$18996$rdmux[0][3][0]$b$20242 [5] 4'0101 }, Y={ $memory$auto$memory_bmux2rom.cc:63:execute$18996$rdmux[0][2][0]$b$20230 [46] $memory$auto$memory_bmux2rom.cc:63:execute$18996$rdmux[0][2][0]$b$20230 [22:20] $memory$auto$memory_bmux2rom.cc:63:execute$18996$rdmux[0][2][0]$b$20230 [18] $memory$auto$memory_bmux2rom.cc:63:execute$18996$rdmux[0][2][0]$b$20230 [13:12] $memory$auto$memory_bmux2rom.cc:63:execute$18996$rdmux[0][2][0]$b$20230 [10] $memory$auto$memory_bmux2rom.cc:63:execute$18996$rdmux[0][2][0]$b$20230 [8] $memory$auto$memory_bmux2rom.cc:63:execute$18996$rdmux[0][2][0]$b$20230 [5] }
      New connections: { $memory$auto$memory_bmux2rom.cc:63:execute$18996$rdmux[0][2][0]$b$20230 [23] $memory$auto$memory_bmux2rom.cc:63:execute$18996$rdmux[0][2][0]$b$20230 [6] } = { $memory$auto$memory_bmux2rom.cc:63:execute$18996$rdmux[0][3][0]$b$20242 [20] $memory$auto$memory_bmux2rom.cc:63:execute$18996$rdmux[0][3][0]$b$20242 [5] }
    New ctrl vector for $pmux cell $procmux$8323: $auto$opt_reduce.cc:137:opt_pmux$20520
    New ctrl vector for $pmux cell $procmux$8359: $auto$opt_reduce.cc:137:opt_pmux$20522
    Consolidated identical input bits for $mux cell $procmux$948:
      Old ports: A=11'00000000000, B={ \u_control_shell.u_dm.i_dm_csrs.abstractauto_d [23:16] \u_control_shell.u_dm.i_dm_csrs.abstractauto_d [2:0] }, Y={ $procmux$948_Y [23:16] $procmux$948_Y [2:0] }
      New ports: A=10'0000000000, B={ \u_control_shell.u_dtm.i_dmi_cdc.i_cdc_req.i_dst.data_dst_q [23:16] \u_control_shell.u_dtm.i_dmi_cdc.i_cdc_req.i_dst.data_dst_q [1:0] }, Y={ $procmux$948_Y [23:16] $procmux$948_Y [1:0] }
      New connections: $procmux$948_Y [2] = 1'0
  Optimizing cells in module \agriasic_digital_rv32i_top.
    Consolidated identical input bits for $mux cell $procmux$5517:
      Old ports: A={ $6965y [63:62] $6965y [60:59] $6965y [57:53] $6965y [50] $6965y [48] $6965y [46:42] $6965y [40] $6965y [38:36] $6965y [34] $6965y [31:20] $6965y [18] $6965y [16:2] $6965y [0] }, B=50'00000000000000000000000000000000000000000000000000, Y={ \u_control_shell.u_dm.i_dm_mem.rom_rdata [63:62] \u_control_shell.u_dm.i_dm_mem.rom_rdata [60:59] \u_control_shell.u_dm.i_dm_mem.rom_rdata [57:53] \u_control_shell.u_dm.i_dm_mem.rom_rdata [50] \u_control_shell.u_dm.i_dm_mem.rom_rdata [48] \u_control_shell.u_dm.i_dm_mem.rom_rdata [46:42] \u_control_shell.u_dm.i_dm_mem.rom_rdata [40] \u_control_shell.u_dm.i_dm_mem.rom_rdata [38:36] \u_control_shell.u_dm.i_dm_mem.rom_rdata [34] \u_control_shell.u_dm.i_dm_mem.rom_rdata [31:20] \u_control_shell.u_dm.i_dm_mem.rom_rdata [18] \u_control_shell.u_dm.i_dm_mem.rom_rdata [16:2] \u_control_shell.u_dm.i_dm_mem.rom_rdata [0] }
      New ports: A={ $6965y [63:62] $6965y [60:59] $6965y [57:53] $6965y [50] $6965y [48] $6965y [46:42] $6965y [40] $6965y [38:36] $6965y [34] $6965y [31:20] $6965y [18] $6965y [16:10] $6965y [8:2] 1'1 }, B=49'0000000000000000000000000000000000000000000000000, Y={ \u_control_shell.u_dm.i_dm_mem.rom_rdata [63:62] \u_control_shell.u_dm.i_dm_mem.rom_rdata [60:59] \u_control_shell.u_dm.i_dm_mem.rom_rdata [57:53] \u_control_shell.u_dm.i_dm_mem.rom_rdata [50] \u_control_shell.u_dm.i_dm_mem.rom_rdata [48] \u_control_shell.u_dm.i_dm_mem.rom_rdata [46:42] \u_control_shell.u_dm.i_dm_mem.rom_rdata [40] \u_control_shell.u_dm.i_dm_mem.rom_rdata [38:36] \u_control_shell.u_dm.i_dm_mem.rom_rdata [34] \u_control_shell.u_dm.i_dm_mem.rom_rdata [31:20] \u_control_shell.u_dm.i_dm_mem.rom_rdata [18] \u_control_shell.u_dm.i_dm_mem.rom_rdata [16:10] \u_control_shell.u_dm.i_dm_mem.rom_rdata [8:2] \u_control_shell.u_dm.i_dm_mem.rom_rdata [0] }
      New connections: \u_control_shell.u_dm.i_dm_mem.rom_rdata [9] = 1'0
  Optimizing cells in module \agriasic_digital_rv32i_top.
Performed a total of 13 changes.

6.18.13. Executing OPT_MERGE pass (detect identical cells).
Finding identical cells in module `\agriasic_digital_rv32i_top'.
Computing hashes of 3350 cells of `\agriasic_digital_rv32i_top'.
Finding duplicate cells in `\agriasic_digital_rv32i_top'.
Computing hashes of 3322 cells of `\agriasic_digital_rv32i_top'.
Finding duplicate cells in `\agriasic_digital_rv32i_top'.
Computing hashes of 3320 cells of `\agriasic_digital_rv32i_top'.
Finding duplicate cells in `\agriasic_digital_rv32i_top'.
<suppressed ~116 debug messages>
Removed a total of 30 cells.

6.18.14. Executing OPT_SHARE pass.
    Found cells that share an operand and can be merged by moving the $pmux $procmux$2036 in front of them:
        $procmux$1488
        $procmux$2130

    Found cells that share an operand and can be merged by moving the $mux $auto$opt_share.cc:246:merge_operators$20341 in front of them:
        $procmux$2389
        $procmux$2498

    Found cells that share an operand and can be merged by moving the $pmux $procmux$8379 in front of them:
        $procmux$7488
        $procmux$7358

6.18.15. Executing OPT_DFF pass (perform DFF optimizations).
Adding EN signal on $driver$u_control_shell.u_dm.i_dm_csrs.dmcontrol_q.dmactive ($adff) from module agriasic_digital_rv32i_top (D = \u_control_shell.u_dtm.i_dmi_cdc.i_cdc_req.i_dst.data_dst_q [0], Q = \u_control_shell.u_dm.i_dm_csrs.dmcontrol_q [0]).
Setting constant 0-bit at position 0 on $auto$ff.cc:337:slice$17136 ($dffe) from module agriasic_digital_rv32i_top.
Setting constant 0-bit at position 8 on $auto$ff.cc:337:slice$17502 ($adffe) from module agriasic_digital_rv32i_top.
Setting constant 0-bit at position 9 on $auto$ff.cc:337:slice$17502 ($adffe) from module agriasic_digital_rv32i_top.
Setting constant 0-bit at position 10 on $auto$ff.cc:337:slice$17502 ($adffe) from module agriasic_digital_rv32i_top.
Setting constant 0-bit at position 11 on $auto$ff.cc:337:slice$17502 ($adffe) from module agriasic_digital_rv32i_top.
Setting constant 0-bit at position 12 on $auto$ff.cc:337:slice$17502 ($adffe) from module agriasic_digital_rv32i_top.
Setting constant 0-bit at position 13 on $auto$ff.cc:337:slice$17502 ($adffe) from module agriasic_digital_rv32i_top.
Setting constant 0-bit at position 14 on $auto$ff.cc:337:slice$17502 ($adffe) from module agriasic_digital_rv32i_top.
Setting constant 0-bit at position 15 on $auto$ff.cc:337:slice$17502 ($adffe) from module agriasic_digital_rv32i_top.
Setting constant 0-bit at position 2 on $auto$ff.cc:337:slice$17511 ($adffe) from module agriasic_digital_rv32i_top.
Setting constant 0-bit at position 3 on $auto$ff.cc:337:slice$17511 ($adffe) from module agriasic_digital_rv32i_top.
Setting constant 0-bit at position 4 on $auto$ff.cc:337:slice$17511 ($adffe) from module agriasic_digital_rv32i_top.
Setting constant 0-bit at position 5 on $auto$ff.cc:337:slice$17511 ($adffe) from module agriasic_digital_rv32i_top.
Setting constant 0-bit at position 6 on $auto$ff.cc:337:slice$17511 ($adffe) from module agriasic_digital_rv32i_top.
Setting constant 0-bit at position 7 on $auto$ff.cc:337:slice$17511 ($adffe) from module agriasic_digital_rv32i_top.
Setting constant 0-bit at position 8 on $auto$ff.cc:337:slice$17511 ($adffe) from module agriasic_digital_rv32i_top.
Setting constant 0-bit at position 9 on $auto$ff.cc:337:slice$17511 ($adffe) from module agriasic_digital_rv32i_top.
Setting constant 0-bit at position 10 on $auto$ff.cc:337:slice$17511 ($adffe) from module agriasic_digital_rv32i_top.
Setting constant 0-bit at position 11 on $auto$ff.cc:337:slice$17511 ($adffe) from module agriasic_digital_rv32i_top.
Setting constant 0-bit at position 0 on $auto$ff.cc:337:slice$17778 ($adffe) from module agriasic_digital_rv32i_top.
Setting constant 0-bit at position 1 on $auto$ff.cc:337:slice$17783 ($adffe) from module agriasic_digital_rv32i_top.
Setting constant 0-bit at position 2 on $auto$ff.cc:337:slice$17783 ($adffe) from module agriasic_digital_rv32i_top.
Setting constant 0-bit at position 3 on $auto$ff.cc:337:slice$17783 ($adffe) from module agriasic_digital_rv32i_top.
Setting constant 0-bit at position 4 on $auto$ff.cc:337:slice$17783 ($adffe) from module agriasic_digital_rv32i_top.
Setting constant 0-bit at position 5 on $auto$ff.cc:337:slice$17783 ($adffe) from module agriasic_digital_rv32i_top.
Setting constant 0-bit at position 6 on $auto$ff.cc:337:slice$17783 ($adffe) from module agriasic_digital_rv32i_top.
Setting constant 0-bit at position 7 on $auto$ff.cc:337:slice$17783 ($adffe) from module agriasic_digital_rv32i_top.
Setting constant 0-bit at position 0 on $auto$ff.cc:337:slice$17799 ($adffe) from module agriasic_digital_rv32i_top.
Setting constant 0-bit at position 0 on $auto$ff.cc:337:slice$17856 ($adffe) from module agriasic_digital_rv32i_top.

6.18.16. Executing OPT_CLEAN pass (remove unused cells and wires).
Finding unused cells or wires in module \agriasic_digital_rv32i_top..
Removed 3 unused cells and 166 unused wires.
<suppressed ~4 debug messages>

6.18.17. Executing OPT_EXPR pass (perform const folding).
Optimizing module agriasic_digital_rv32i_top.
<suppressed ~11 debug messages>

6.18.18. Rerunning OPT passes. (Maybe there is more to do..)

6.18.19. Executing OPT_MUXTREE pass (detect dead branches in mux trees).
Running muxtree optimizer on module \agriasic_digital_rv32i_top..
  Creating internal representation of mux trees.
  Evaluating internal representation of mux trees.
      Replacing known input bits on port A of cell $procmux$2280: { 31'x00000000000000000000000000000x \u_control_shell.u_dm.i_dm_csrs.dmcontrol_q [0] } -> 32'x00000000000000000000000000000x1
      Replacing known input bits on port A of cell $procmux$2210: { 31'x00000000000000000000000000000x \u_control_shell.u_dm.i_dm_csrs.dmcontrol_q [0] } -> 32'x00000000000000000000000000000x1
  Analyzing evaluation results.
Removed 0 multiplexer ports.
<suppressed ~1263 debug messages>

6.18.20. Executing OPT_REDUCE pass (consolidate $*mux and $reduce_* inputs).
  Optimizing cells in module \agriasic_digital_rv32i_top.
    Consolidated identical input bits for $mux cell $300:
      Old ports: A={ $299y [31:1] 1'0 }, B={ \u_control_shell.u_core.u_ibex_core.if_stage_i.gen_prefetch_buffer.prefetch_buffer_i.stored_addr_q [31:1] 1'0 }, Y=\u_control_shell.u_core.u_ibex_core.if_stage_i.gen_prefetch_buffer.prefetch_buffer_i.stored_addr_d
      New ports: A=$299y [31:1], B=\u_control_shell.u_core.u_ibex_core.if_stage_i.gen_prefetch_buffer.prefetch_buffer_i.stored_addr_q [31:1], Y=\u_control_shell.u_core.u_ibex_core.if_stage_i.gen_prefetch_buffer.prefetch_buffer_i.stored_addr_d [31:1]
      New connections: \u_control_shell.u_core.u_ibex_core.if_stage_i.gen_prefetch_buffer.prefetch_buffer_i.stored_addr_d [0] = 1'0
    New ctrl vector for $pmux cell $procmux$2036: { $6264y $auto$opt_reduce.cc:137:opt_pmux$17007 $auto$opt_reduce.cc:137:opt_pmux$20543 }
    New ctrl vector for $pmux cell $procmux$8379: { $2852y $procmux$7502_CMP $auto$opt_reduce.cc:137:opt_pmux$20545 $procmux$7370_CMP }
    New input vector for $reduce_or cell $auto$opt_reduce.cc:131:opt_pmux$20542: { $6292y $6286y $6285y $6284y $6283y }
  Optimizing cells in module \agriasic_digital_rv32i_top.
Performed a total of 4 changes.

6.18.21. Executing OPT_MERGE pass (detect identical cells).
Finding identical cells in module `\agriasic_digital_rv32i_top'.
Computing hashes of 3315 cells of `\agriasic_digital_rv32i_top'.
Finding duplicate cells in `\agriasic_digital_rv32i_top'.
Computing hashes of 3314 cells of `\agriasic_digital_rv32i_top'.
Finding duplicate cells in `\agriasic_digital_rv32i_top'.
<suppressed ~3 debug messages>
Removed a total of 1 cells.

6.18.22. Executing OPT_SHARE pass.

6.18.23. Executing OPT_DFF pass (perform DFF optimizations).

6.18.24. Executing OPT_CLEAN pass (remove unused cells and wires).
Finding unused cells or wires in module \agriasic_digital_rv32i_top..
Removed 0 unused cells and 5 unused wires.
<suppressed ~1 debug messages>

6.18.25. Executing OPT_EXPR pass (perform const folding).
Optimizing module agriasic_digital_rv32i_top.

6.18.26. Rerunning OPT passes. (Maybe there is more to do..)

6.18.27. Executing OPT_MUXTREE pass (detect dead branches in mux trees).
Running muxtree optimizer on module \agriasic_digital_rv32i_top..
  Creating internal representation of mux trees.
  Evaluating internal representation of mux trees.
  Analyzing evaluation results.
Removed 0 multiplexer ports.
<suppressed ~1263 debug messages>

6.18.28. Executing OPT_REDUCE pass (consolidate $*mux and $reduce_* inputs).
  Optimizing cells in module \agriasic_digital_rv32i_top.
Performed a total of 0 changes.

6.18.29. Executing OPT_MERGE pass (detect identical cells).
Finding identical cells in module `\agriasic_digital_rv32i_top'.
Computing hashes of 3314 cells of `\agriasic_digital_rv32i_top'.
Finding duplicate cells in `\agriasic_digital_rv32i_top'.
Removed a total of 0 cells.

6.18.30. Executing OPT_SHARE pass.

6.18.31. Executing OPT_DFF pass (perform DFF optimizations).

6.18.32. Executing OPT_CLEAN pass (remove unused cells and wires).
Finding unused cells or wires in module \agriasic_digital_rv32i_top..

6.18.33. Executing OPT_EXPR pass (perform const folding).
Optimizing module agriasic_digital_rv32i_top.

6.18.34. Finished fast OPT passes. (There is nothing left to do.)

6.19. Executing TECHMAP pass (map to technology primitives).

6.19.1. Executing Verilog-2005 frontend: /share/techmap.v
Parsing Verilog input from `/share/techmap.v' to AST representation.
Generating RTLIL representation for module `\_90_simplemap_bool_ops'.
Generating RTLIL representation for module `\_90_simplemap_reduce_ops'.
Generating RTLIL representation for module `\_90_simplemap_logic_ops'.
Generating RTLIL representation for module `\_90_simplemap_compare_ops'.
Generating RTLIL representation for module `\_90_simplemap_various'.
Generating RTLIL representation for module `\_90_simplemap_registers'.
Generating RTLIL representation for module `\_90_shift_ops_shr_shl_sshl_sshr'.
Generating RTLIL representation for module `\_90_shift_shiftx'.
Generating RTLIL representation for module `\_90_fa'.
Generating RTLIL representation for module `\_90_lcu_brent_kung'.
Generating RTLIL representation for module `\_90_alu'.
Generating RTLIL representation for module `\_90_macc'.
Generating RTLIL representation for module `\_90_alumacc'.
Generating RTLIL representation for module `$__div_mod_u'.
Generating RTLIL representation for module `$__div_mod_trunc'.
Generating RTLIL representation for module `\_90_div'.
Generating RTLIL representation for module `\_90_mod'.
Generating RTLIL representation for module `$__div_mod_floor'.
Generating RTLIL representation for module `\_90_divfloor'.
Generating RTLIL representation for module `\_90_modfloor'.
Generating RTLIL representation for module `\_90_pow'.
Generating RTLIL representation for module `\_90_demux'.
Generating RTLIL representation for module `\_90_lut'.
Generating RTLIL representation for module `$connect'.
Generating RTLIL representation for module `$input_port'.
Successfully finished Verilog frontend.

6.19.2. Continuing TECHMAP pass.
Using extmapper simplemap for cells of type $reduce_or.
Using extmapper simplemap for cells of type $dffe.
Using extmapper simplemap for cells of type $adffe.
Using extmapper simplemap for cells of type $reduce_and.
Using extmapper simplemap for cells of type $mux.
Using extmapper simplemap for cells of type $and.
Using template $paramod$fc972a7a46956c1788f3cb5257b53c8f1df2d0cc\_90_alu for cells of type $alu.
Using template $paramod$dbcdc7e8aa1a4080cea2deda6fdc8772064f4d90\_90_alu for cells of type $alu.
Using template $paramod$b18e16801adf491a64caa0542270798e5d4ac6b6\_90_alu for cells of type $alu.
Using template $paramod$d2fa05d38998afabc6d4f34471305d0af4b8b2df\_90_alu for cells of type $alu.
Using extmapper simplemap for cells of type $not.
Using extmapper simplemap for cells of type $adff.
Using extmapper simplemap for cells of type $sdffce.
Using extmapper simplemap for cells of type $xor.
Using template $paramod$4ccbe221165818e15f326ddee3d1183c7924e12f\_90_alu for cells of type $alu.
Using template $paramod$6b0b8228a943213ff0003339a62223b95b168452\_90_alu for cells of type $alu.
Using template $paramod$c3cd1564c35d873179656addd6052d7ea8b6d991\_90_alu for cells of type $alu.
Using template $paramod$b8c0a997bce700f23568a5ada79cc6781d1f5ca0\_90_alu for cells of type $alu.
Using template $paramod$403a3c2fa431a154c52a6a5429d7a6260b5d144f\_90_alu for cells of type $alu.
Using template $paramod$713617589782cfade849bb573b5c36106c4b708f\_90_alu for cells of type $alu.
Using template $paramod$32a7b7b86c07519b7537abc18e96f0331f97914d\_90_alu for cells of type $alu.
Using template $paramod$1ed7ec530b1ba361931392f2f8504f82ccdfecaa\_90_alu for cells of type $alu.
Using template $paramod$78e969f2586efcf3a5b0b0440bcca0db83d5cca2\_90_alu for cells of type $alu.
Using extmapper simplemap for cells of type $or.
Using template $paramod$ba698a254f9a5947e85cbe7beae6b161eefc5386\_90_alu for cells of type $alu.
Using template $paramod$fbc7873bff55778c0b3173955b7e4bce1d9d6834\_90_alu for cells of type $alu.
Using template $paramod$84cd09b8c3d9bad611cf4f4250e04ba0b7d68307\_90_alu for cells of type $alu.
Using template $paramod$7e708ae28ab761f11d0fb59d3ffc72f6a4baf5d9\_90_alu for cells of type $alu.
Using template $paramod$861f5302217787cd55fd1a501bc728125f176580\_90_alu for cells of type $alu.
Using template $paramod$6a42b6fefed750f8a1c58eab59479d960557103c\_90_alu for cells of type $alu.
Using template $paramod$3cd8f56deda83c78ed1d5ca08d958fed1f1607a6\_90_alu for cells of type $alu.
Using template $paramod$672a140277c71df8314410f22acc08d55222c3c7\_90_alu for cells of type $alu.
Using template $paramod$ce0ec84be7047712840b0952f343ee9e63ef75d1\_90_alu for cells of type $alu.
Using template $paramod$8742280fdebca84e1c87f2a86ed84f62d558f4cc\_90_alu for cells of type $alu.
Using template $paramod$a1665ef28c749ebcdbe9aecd466e644647b56463\_90_alu for cells of type $alu.
Using template $paramod$cc80a4e89b0341cb117f5d28b0e7244620640141\_90_alu for cells of type $alu.
Using template $paramod$44a13d10af618e7fbe7b9aad2f6151ffcee1e2fa\_90_alu for cells of type $alu.
Using template $paramod$dc04b7d98e503a7bab16fce2df70e6e2c5ca34d6\_90_alu for cells of type $alu.
Using template $paramod$cc6a978c1b57cdb49efcec348c88d8e28bf1a01f\_90_alu for cells of type $alu.
Using template $paramod$d901baf1fb63991ac0a40d2e3f4807d372bb57a2\_90_alu for cells of type $alu.
Using template $paramod$788c3d57e5abb3a3f89aea6d4acd665be37f4e9b\_90_alu for cells of type $alu.
Using template $paramod$d8458b3c47920e79a4e96c2be935e3ae586a4c76\_90_alu for cells of type $alu.
Using template $paramod$29593e7328f7c38c4079f85d901cd37020a62246\_90_alu for cells of type $alu.
Using template $paramod$7af98a8d3d01ff58dee4212ab52569c379e064a1\_90_alu for cells of type $alu.
Using template $paramod$8566e740d04f74bcf985006e358778bd42fe2a0e\_90_alu for cells of type $alu.
Using template $paramod$e45fa2ba86c932589fb94309cda0d4e351774c6d\_90_alu for cells of type $alu.
Using template $paramod$2116a631f856d4d4902c2618dca73dafa3b8c9c0\_90_alu for cells of type $alu.
Using template $paramod$df9553132937e7736c5a38f2f1f29abeed1637af\_90_alu for cells of type $alu.
Using template $paramod$d597a1d02e4b78ac244cbe0a6bc64f098a6f19e7\_90_alu for cells of type $alu.
Using template $paramod$adbaf76fa5a3091a329503792521395f8ff4d1a4\_90_alu for cells of type $alu.
Using template $paramod$8b1a36ab2238111d2a0f4cb4ef2e14f2a55fc1f9\_90_alu for cells of type $alu.
Using template $paramod$5042debdcb1fbd120a67f55dfe5b3afe2a9f08e5\_90_alu for cells of type $alu.
Using template $paramod$22b95c1bfeece9a7c6bf4fcd9399e4ee87091e97\_90_alu for cells of type $alu.
Using template $paramod$f956edc9fe4df758d9fdb10bfc518a364c99e75e\_90_alu for cells of type $alu.
Using template $paramod$a1bc51c02ce12ac21eb18988e83292af48ed7d72\_90_alu for cells of type $alu.
Using extmapper maccmap for cells of type $macc_v2.
  add { \u_control_shell.u_core.u_ibex_core.ex_block_i.gen_multdiv_fast.multdiv_i.sign_a \u_control_shell.u_core.u_ibex_core.ex_block_i.gen_multdiv_fast.multdiv_i.gen_mult_fast.mult_op_a } * { \u_control_shell.u_core.u_ibex_core.ex_block_i.gen_multdiv_fast.multdiv_i.sign_b \u_control_shell.u_core.u_ibex_core.ex_block_i.gen_multdiv_fast.multdiv_i.gen_mult_fast.mult_op_b } (17x17 bits, signed)
  add \u_control_shell.u_core.u_ibex_core.ex_block_i.gen_multdiv_fast.multdiv_i.accum (34 bits, signed)
Using extmapper simplemap for cells of type $reduce_bool.
Using extmapper simplemap for cells of type $ne.
Using extmapper simplemap for cells of type $logic_and.
Using extmapper simplemap for cells of type $logic_not.
Using extmapper simplemap for cells of type $dlatch.
Using extmapper simplemap for cells of type $logic_or.
Using extmapper simplemap for cells of type $eq.
Using template $paramod$constmap:87f69c0bea22f84de4bcd0314b57cb19e61b5eb7$paramod$455891ae50d34e43581a517459d55825f76fa58e\_90_shift_ops_shr_shl_sshl_sshr for cells of type $sshr.
Using template $paramod$constmap:dbcddb7b4524c1c5fa25e15435f3b9049e3d7d7a$paramod$3bf4391c2edcd7fdc564361d03ba2cf3a33c67d4\_90_shift_ops_shr_shl_sshl_sshr for cells of type $shl.
Using extmapper simplemap for cells of type $bmux.
Using template $paramod$2407ada40cc3dda6c6015be2b49b748cddb5a800\_90_demux for cells of type $demux.
Using template $paramod$constmap:96f5c2bd90603788af8254023e8a531a2885f983$paramod$ed3d1924bd10ec1847e975af5577d0bff059cb66\_90_shift_shiftx for cells of type $shiftx.
Using template $paramod$constmap:0cf9d64d59266ad14cde6cc0cf6738e715ee9fd3$paramod$827e0a861f1e23fe475ea42339a7484355cba602\_90_shift_shiftx for cells of type $shift.
Using template $paramod$8fabc56b80a569262acfc42757a02ca0b8e91278\_90_demux for cells of type $demux.
Using extmapper simplemap for cells of type $bwmux.
Using template $paramod$824a2ca00d29d886599434cf8ea60471635f2955\_90_demux for cells of type $demux.
Using template $paramod$d629d85c8826a74239b9178d1930215a43b0ceb0\_90_demux for cells of type $demux.
Using template $paramod$c5c783b17ab1d780abfad8cfe6563a0a7b47a3b0\_90_demux for cells of type $demux.
Using template $paramod$constmap:22a267222aba12768903c8f0af98b08d86b8def1$paramod$3bef3dc740df5a8203cb72236c1539937cbd7c39\_90_shift_shiftx for cells of type $shiftx.
Using template $paramod$constmap:22a267222aba12768903c8f0af98b08d86b8def1$paramod$2b33462eb11777bf6a9f081769b541b7f6edb942\_90_shift_shiftx for cells of type $shift.
Using template $paramod$constmap:b4c410691dba3c93a0672c4cfbe0f5a99866701d$paramod$01f6ba4fd76872c2cb13c39a68b370db60296f63\_90_shift_ops_shr_shl_sshl_sshr for cells of type $shl.
Using template $paramod$constmap:14d3d7093c5578ce85694badba9bf5b18c4b0847$paramod$a76515e22df66fbf937fc79de039ef39eb2ac0ac\_90_shift_ops_shr_shl_sshl_sshr for cells of type $shl.
Using template $paramod$constmap:02ee4fad4c1ffc2bbdc3e6fbc37bedbf9185352a$paramod$335cfd09f1afa8139c4aafcbbe5f361887b79c5e\_90_shift_ops_shr_shl_sshl_sshr for cells of type $shl.
Using template $paramod$constmap:02ee4fad4c1ffc2bbdc3e6fbc37bedbf9185352a$paramod$feecc7a0dbd012970970f2858f15e786e251f677\_90_shift_ops_shr_shl_sshl_sshr for cells of type $shr.
Using template $paramod$constmap:1b6115d36d46c0296d0024e3e3623593810ba834$paramod$3b3a66a7766bf28794ddcd35314b025da1fe57c8\_90_shift_ops_shr_shl_sshl_sshr for cells of type $shl.
Using template $paramod$constmap:82d13b1faa4b21cb1487e5b4ddefba1164cb15a1$paramod$16e25394c2396952883b6dc4371e938f0298c925\_90_shift_ops_shr_shl_sshl_sshr for cells of type $shl.
Using extmapper simplemap for cells of type $pmux.
Using template $paramod\_90_fa\WIDTH=32'00000000000000000000000000100010 for cells of type $fa.
Using template $paramod$dbef6e48cd28208af1b77a9bd7dfc80580f16131\_90_alu for cells of type $alu.
Using extmapper simplemap for cells of type $pos.
Using template $paramod\_90_fa\WIDTH=32'00000000000000000000000000000101 for cells of type $fa.
Using template $paramod\_90_lcu_brent_kung\WIDTH=32'00000000000000000000000000000101 for cells of type $lcu.
Using template $paramod\_90_fa\WIDTH=32'00000000000000000000000000000001 for cells of type $fa.
Using template $paramod\_90_lcu_brent_kung\WIDTH=32'00000000000000000000000000000001 for cells of type $lcu.
Using template $paramod\_90_fa\WIDTH=32'00000000000000000000000000010000 for cells of type $fa.
Using template $paramod\_90_lcu_brent_kung\WIDTH=32'00000000000000000000000000010000 for cells of type $lcu.
Using template $paramod\_90_lcu_brent_kung\WIDTH=32'00000000000000000000000000100010 for cells of type $lcu.
Using template $paramod\_90_fa\WIDTH=32'00000000000000000000000000001001 for cells of type $fa.
Using template $paramod\_90_fa\WIDTH=32'00000000000000000000000000000100 for cells of type $fa.
Using template $paramod\_90_lcu_brent_kung\WIDTH=32'00000000000000000000000000000100 for cells of type $lcu.
Using template $paramod\_90_lcu_brent_kung\WIDTH=32'00000000000000000000000000001001 for cells of type $lcu.
Using template $paramod\_90_fa\WIDTH=32'00000000000000000000000000001000 for cells of type $fa.
Using template $paramod\_90_lcu_brent_kung\WIDTH=32'00000000000000000000000000001000 for cells of type $lcu.
Using template $paramod\_90_fa\WIDTH=32'00000000000000000000000000000111 for cells of type $fa.
Using template $paramod\_90_lcu_brent_kung\WIDTH=32'00000000000000000000000000000111 for cells of type $lcu.
Using template $paramod\_90_fa\WIDTH=32'00000000000000000000000000010100 for cells of type $fa.
Using template $paramod\_90_lcu_brent_kung\WIDTH=32'00000000000000000000000000010100 for cells of type $lcu.
Using template $paramod\_90_fa\WIDTH=32'00000000000000000000000000100000 for cells of type $fa.
Using template $paramod\_90_lcu_brent_kung\WIDTH=32'00000000000000000000000000100000 for cells of type $lcu.
Using template $paramod\_90_fa\WIDTH=32'00000000000000000000000000011110 for cells of type $fa.
Using template $paramod\_90_lcu_brent_kung\WIDTH=32'00000000000000000000000000011110 for cells of type $lcu.
Using template $paramod\_90_fa\WIDTH=32'00000000000000000000000000000010 for cells of type $fa.
Using template $paramod\_90_lcu_brent_kung\WIDTH=32'00000000000000000000000000000010 for cells of type $lcu.
Using template $paramod\_90_fa\WIDTH=32'00000000000000000000000000100001 for cells of type $fa.
Using template $paramod\_90_lcu_brent_kung\WIDTH=32'00000000000000000000000000100001 for cells of type $lcu.
Using template $paramod\_90_fa\WIDTH=32'00000000000000000000000000000011 for cells of type $fa.
Using template $paramod\_90_lcu_brent_kung\WIDTH=32'00000000000000000000000000000011 for cells of type $lcu.
Using template $paramod\_90_fa\WIDTH=32'00000000000000000000000000001110 for cells of type $fa.
Using template $paramod\_90_lcu_brent_kung\WIDTH=32'00000000000000000000000000001110 for cells of type $lcu.
Using template $paramod\_90_fa\WIDTH=32'00000000000000000000000001000000 for cells of type $fa.
Using template $paramod\_90_lcu_brent_kung\WIDTH=32'00000000000000000000000001000000 for cells of type $lcu.
Using template $paramod\_90_fa\WIDTH=32'00000000000000000000000000010101 for cells of type $fa.
Using template $paramod\_90_lcu_brent_kung\WIDTH=32'00000000000000000000000000010101 for cells of type $lcu.
Using template $paramod\_90_fa\WIDTH=32'00000000000000000000000000011010 for cells of type $fa.
Using template $paramod\_90_lcu_brent_kung\WIDTH=32'00000000000000000000000000011010 for cells of type $lcu.
Using template $paramod\_90_fa\WIDTH=32'00000000000000000000000000011111 for cells of type $fa.
Using template $paramod\_90_lcu_brent_kung\WIDTH=32'00000000000000000000000000011111 for cells of type $lcu.
No more expansions possible.
<suppressed ~17201 debug messages>

6.20. Executing OPT pass (performing simple optimizations).

6.20.1. Executing OPT_EXPR pass (perform const folding).
Optimizing module agriasic_digital_rv32i_top.
<suppressed ~32780 debug messages>

6.20.2. Executing OPT_MERGE pass (detect identical cells).
Finding identical cells in module `\agriasic_digital_rv32i_top'.
Computing hashes of 40757 cells of `\agriasic_digital_rv32i_top'.
Finding duplicate cells in `\agriasic_digital_rv32i_top'.
Computing hashes of 36581 cells of `\agriasic_digital_rv32i_top'.
Finding duplicate cells in `\agriasic_digital_rv32i_top'.
Computing hashes of 34680 cells of `\agriasic_digital_rv32i_top'.
Finding duplicate cells in `\agriasic_digital_rv32i_top'.
Computing hashes of 33732 cells of `\agriasic_digital_rv32i_top'.
Finding duplicate cells in `\agriasic_digital_rv32i_top'.
Computing hashes of 33472 cells of `\agriasic_digital_rv32i_top'.
Finding duplicate cells in `\agriasic_digital_rv32i_top'.
Computing hashes of 33280 cells of `\agriasic_digital_rv32i_top'.
Finding duplicate cells in `\agriasic_digital_rv32i_top'.
Computing hashes of 33132 cells of `\agriasic_digital_rv32i_top'.
Finding duplicate cells in `\agriasic_digital_rv32i_top'.
Computing hashes of 33117 cells of `\agriasic_digital_rv32i_top'.
Finding duplicate cells in `\agriasic_digital_rv32i_top'.
Computing hashes of 33112 cells of `\agriasic_digital_rv32i_top'.
Finding duplicate cells in `\agriasic_digital_rv32i_top'.
Computing hashes of 33107 cells of `\agriasic_digital_rv32i_top'.
Finding duplicate cells in `\agriasic_digital_rv32i_top'.
Computing hashes of 33105 cells of `\agriasic_digital_rv32i_top'.
Finding duplicate cells in `\agriasic_digital_rv32i_top'.
<suppressed ~22956 debug messages>
Removed a total of 7652 cells.

6.20.3. Executing OPT_DFF pass (perform DFF optimizations).
Adding EN signal on $auto$ff.cc:337:slice$22643 ($_DFFE_PN0P_) from module agriasic_digital_rv32i_top (D = $4922y [31], Q = \u_control_shell.u_boot.hdr_q [127]).
Adding EN signal on $auto$ff.cc:337:slice$22675 ($_DFFE_PN0P_) from module agriasic_digital_rv32i_top (D = $4922y [31], Q = \u_control_shell.u_boot.hdr_q [95]).
Adding EN signal on $auto$ff.cc:337:slice$22707 ($_DFFE_PN0P_) from module agriasic_digital_rv32i_top (D = $4922y [31], Q = \u_control_shell.u_boot.hdr_q [63]).
Adding EN signal on $auto$ff.cc:337:slice$22739 ($_DFFE_PN0P_) from module agriasic_digital_rv32i_top (D = $4922y [31], Q = \u_control_shell.u_boot.hdr_q [31]).
Adding EN signal on $auto$ff.cc:337:slice$22841 ($_DFFE_PN0P_) from module agriasic_digital_rv32i_top (D = $4992y [31], Q = \u_control_shell.u_boot.word_q [31]).
Adding EN signal on $auto$ff.cc:337:slice$24626 ($_DFFE_PN0P_) from module agriasic_digital_rv32i_top (D = $procmux$930_Y [63], Q = \u_control_shell.u_dm.i_dm_csrs.data_q [63]).
Adding EN signal on $auto$ff.cc:337:slice$24762 ($_DFFE_PN0P_) from module agriasic_digital_rv32i_top (D = $procmux$930_Y [31], Q = \u_control_shell.u_dm.i_dm_csrs.data_q [31]).
Adding EN signal on $auto$ff.cc:337:slice$24808 ($_DFFE_PN0P_) from module agriasic_digital_rv32i_top (D = $procmux$933_Y [255], Q = \u_control_shell.u_dm.i_dm_csrs.progbuf_q [255]).
Adding EN signal on $auto$ff.cc:337:slice$24840 ($_DFFE_PN0P_) from module agriasic_digital_rv32i_top (D = $procmux$933_Y [223], Q = \u_control_shell.u_dm.i_dm_csrs.progbuf_q [223]).
Adding EN signal on $auto$ff.cc:337:slice$24872 ($_DFFE_PN0P_) from module agriasic_digital_rv32i_top (D = $procmux$933_Y [191], Q = \u_control_shell.u_dm.i_dm_csrs.progbuf_q [191]).
Adding EN signal on $auto$ff.cc:337:slice$24904 ($_DFFE_PN0P_) from module agriasic_digital_rv32i_top (D = $procmux$933_Y [159], Q = \u_control_shell.u_dm.i_dm_csrs.progbuf_q [159]).
Adding EN signal on $auto$ff.cc:337:slice$24940 ($_DFFE_PN0P_) from module agriasic_digital_rv32i_top (D = $procmux$933_Y [127], Q = \u_control_shell.u_dm.i_dm_csrs.progbuf_q [127]).
Adding EN signal on $auto$ff.cc:337:slice$24972 ($_DFFE_PN0P_) from module agriasic_digital_rv32i_top (D = $procmux$933_Y [95], Q = \u_control_shell.u_dm.i_dm_csrs.progbuf_q [95]).
Adding EN signal on $auto$ff.cc:337:slice$25004 ($_DFFE_PN0P_) from module agriasic_digital_rv32i_top (D = $procmux$933_Y [63], Q = \u_control_shell.u_dm.i_dm_csrs.progbuf_q [63]).
Adding EN signal on $auto$ff.cc:337:slice$25036 ($_DFFE_PN0P_) from module agriasic_digital_rv32i_top (D = $procmux$933_Y [31], Q = \u_control_shell.u_dm.i_dm_csrs.progbuf_q [31]).
Adding EN signal on $auto$ff.cc:337:slice$25653 ($_DFFE_PN0P_) from module agriasic_digital_rv32i_top (D = \u_control_shell.u_dm.i_dm_csrs.i_fifo.data_i [33], Q = \u_control_shell.u_dm.i_dm_csrs.i_fifo.mem_q [67]).
Adding EN signal on $auto$ff.cc:337:slice$25687 ($_DFFE_PN0P_) from module agriasic_digital_rv32i_top (D = \u_control_shell.u_dm.i_dm_csrs.i_fifo.data_i [33], Q = \u_control_shell.u_dm.i_dm_csrs.i_fifo.mem_q [33]).
Adding SRST signal on $auto$ff.cc:337:slice$26495 ($_DFFE_PP_) from module agriasic_digital_rv32i_top (D = $auto$simplemap.cc:189:logic_reduce$74484, Q = \u_control_shell.u_core.u_ibex_core.if_stage_i.illegal_c_insn_id_o, rval = 1'0).
Adding EN signal on $auto$ff.cc:337:slice$22612 ($_DFFE_PN0P_) from module agriasic_digital_rv32i_top (D = $4922y [0], Q = \u_control_shell.u_boot.hdr_q [96]).
Adding EN signal on $auto$ff.cc:337:slice$22613 ($_DFFE_PN0P_) from module agriasic_digital_rv32i_top (D = $4922y [1], Q = \u_control_shell.u_boot.hdr_q [97]).
Adding EN signal on $auto$ff.cc:337:slice$22614 ($_DFFE_PN0P_) from module agriasic_digital_rv32i_top (D = $4922y [2], Q = \u_control_shell.u_boot.hdr_q [98]).
Adding EN signal on $auto$ff.cc:337:slice$22615 ($_DFFE_PN0P_) from module agriasic_digital_rv32i_top (D = $4922y [3], Q = \u_control_shell.u_boot.hdr_q [99]).
Adding EN signal on $auto$ff.cc:337:slice$22616 ($_DFFE_PN0P_) from module agriasic_digital_rv32i_top (D = $4922y [4], Q = \u_control_shell.u_boot.hdr_q [100]).
Adding EN signal on $auto$ff.cc:337:slice$22617 ($_DFFE_PN0P_) from module agriasic_digital_rv32i_top (D = $4922y [5], Q = \u_control_shell.u_boot.hdr_q [101]).
Adding EN signal on $auto$ff.cc:337:slice$22618 ($_DFFE_PN0P_) from module agriasic_digital_rv32i_top (D = $4922y [6], Q = \u_control_shell.u_boot.hdr_q [102]).
Adding EN signal on $auto$ff.cc:337:slice$22619 ($_DFFE_PN0P_) from module agriasic_digital_rv32i_top (D = $4922y [7], Q = \u_control_shell.u_boot.hdr_q [103]).
Adding EN signal on $auto$ff.cc:337:slice$22620 ($_DFFE_PN0P_) from module agriasic_digital_rv32i_top (D = $4922y [8], Q = \u_control_shell.u_boot.hdr_q [104]).
Adding EN signal on $auto$ff.cc:337:slice$22621 ($_DFFE_PN0P_) from module agriasic_digital_rv32i_top (D = $4922y [9], Q = \u_control_shell.u_boot.hdr_q [105]).
Adding EN signal on $auto$ff.cc:337:slice$22622 ($_DFFE_PN0P_) from module agriasic_digital_rv32i_top (D = $4922y [10], Q = \u_control_shell.u_boot.hdr_q [106]).
Adding EN signal on $auto$ff.cc:337:slice$22623 ($_DFFE_PN0P_) from module agriasic_digital_rv32i_top (D = $4922y [11], Q = \u_control_shell.u_boot.hdr_q [107]).
Adding EN signal on $auto$ff.cc:337:slice$22624 ($_DFFE_PN0P_) from module agriasic_digital_rv32i_top (D = $4922y [12], Q = \u_control_shell.u_boot.hdr_q [108]).
Adding EN signal on $auto$ff.cc:337:slice$22625 ($_DFFE_PN0P_) from module agriasic_digital_rv32i_top (D = $4922y [13], Q = \u_control_shell.u_boot.hdr_q [109]).
Adding EN signal on $auto$ff.cc:337:slice$22626 ($_DFFE_PN0P_) from module agriasic_digital_rv32i_top (D = $4922y [14], Q = \u_control_shell.u_boot.hdr_q [110]).
Adding EN signal on $auto$ff.cc:337:slice$22627 ($_DFFE_PN0P_) from module agriasic_digital_rv32i_top (D = $4922y [15], Q = \u_control_shell.u_boot.hdr_q [111]).
Adding EN signal on $auto$ff.cc:337:slice$22628 ($_DFFE_PN0P_) from module agriasic_digital_rv32i_top (D = $4922y [16], Q = \u_control_shell.u_boot.hdr_q [112]).
Adding EN signal on $auto$ff.cc:337:slice$22629 ($_DFFE_PN0P_) from module agriasic_digital_rv32i_top (D = $4922y [17], Q = \u_control_shell.u_boot.hdr_q [113]).
Adding EN signal on $auto$ff.cc:337:slice$22630 ($_DFFE_PN0P_) from module agriasic_digital_rv32i_top (D = $4922y [18], Q = \u_control_shell.u_boot.hdr_q [114]).
Adding EN signal on $auto$ff.cc:337:slice$22631 ($_DFFE_PN0P_) from module agriasic_digital_rv32i_top (D = $4922y [19], Q = \u_control_shell.u_boot.hdr_q [115]).
Adding EN signal on $auto$ff.cc:337:slice$22632 ($_DFFE_PN0P_) from module agriasic_digital_rv32i_top (D = $4922y [20], Q = \u_control_shell.u_boot.hdr_q [116]).
Adding EN signal on $auto$ff.cc:337:slice$22633 ($_DFFE_PN0P_) from module agriasic_digital_rv32i_top (D = $4922y [21], Q = \u_control_shell.u_boot.hdr_q [117]).
Adding EN signal on $auto$ff.cc:337:slice$22634 ($_DFFE_PN0P_) from module agriasic_digital_rv32i_top (D = $4922y [22], Q = \u_control_shell.u_boot.hdr_q [118]).
Adding EN signal on $auto$ff.cc:337:slice$22635 ($_DFFE_PN0P_) from module agriasic_digital_rv32i_top (D = $4922y [23], Q = \u_control_shell.u_boot.hdr_q [119]).
Adding EN signal on $auto$ff.cc:337:slice$22636 ($_DFFE_PN0P_) from module agriasic_digital_rv32i_top (D = $4922y [24], Q = \u_control_shell.u_boot.hdr_q [120]).
Adding EN signal on $auto$ff.cc:337:slice$22637 ($_DFFE_PN0P_) from module agriasic_digital_rv32i_top (D = $4922y [25], Q = \u_control_shell.u_boot.hdr_q [121]).
Adding EN signal on $auto$ff.cc:337:slice$22638 ($_DFFE_PN0P_) from module agriasic_digital_rv32i_top (D = $4922y [26], Q = \u_control_shell.u_boot.hdr_q [122]).
Adding EN signal on $auto$ff.cc:337:slice$22639 ($_DFFE_PN0P_) from module agriasic_digital_rv32i_top (D = $4922y [27], Q = \u_control_shell.u_boot.hdr_q [123]).
Adding EN signal on $auto$ff.cc:337:slice$22640 ($_DFFE_PN0P_) from module agriasic_digital_rv32i_top (D = $4922y [28], Q = \u_control_shell.u_boot.hdr_q [124]).
Adding EN signal on $auto$ff.cc:337:slice$22641 ($_DFFE_PN0P_) from module agriasic_digital_rv32i_top (D = $4922y [29], Q = \u_control_shell.u_boot.hdr_q [125]).
Adding EN signal on $auto$ff.cc:337:slice$22642 ($_DFFE_PN0P_) from module agriasic_digital_rv32i_top (D = $4922y [30], Q = \u_control_shell.u_boot.hdr_q [126]).
Adding EN signal on $auto$ff.cc:337:slice$22644 ($_DFFE_PN0P_) from module agriasic_digital_rv32i_top (D = $4922y [0], Q = \u_control_shell.u_boot.hdr_q [64]).
Adding EN signal on $auto$ff.cc:337:slice$22645 ($_DFFE_PN0P_) from module agriasic_digital_rv32i_top (D = $4922y [1], Q = \u_control_shell.u_boot.hdr_q [65]).
Adding EN signal on $auto$ff.cc:337:slice$22646 ($_DFFE_PN0P_) from module agriasic_digital_rv32i_top (D = $4922y [2], Q = \u_control_shell.u_boot.hdr_q [66]).
Adding EN signal on $auto$ff.cc:337:slice$22647 ($_DFFE_PN0P_) from module agriasic_digital_rv32i_top (D = $4922y [3], Q = \u_control_shell.u_boot.hdr_q [67]).
Adding EN signal on $auto$ff.cc:337:slice$22648 ($_DFFE_PN0P_) from module agriasic_digital_rv32i_top (D = $4922y [4], Q = \u_control_shell.u_boot.hdr_q [68]).
Adding EN signal on $auto$ff.cc:337:slice$22649 ($_DFFE_PN0P_) from module agriasic_digital_rv32i_top (D = $4922y [5], Q = \u_control_shell.u_boot.hdr_q [69]).
Adding EN signal on $auto$ff.cc:337:slice$22650 ($_DFFE_PN0P_) from module agriasic_digital_rv32i_top (D = $4922y [6], Q = \u_control_shell.u_boot.hdr_q [70]).
Adding EN signal on $auto$ff.cc:337:slice$22651 ($_DFFE_PN0P_) from module agriasic_digital_rv32i_top (D = $4922y [7], Q = \u_control_shell.u_boot.hdr_q [71]).
Adding EN signal on $auto$ff.cc:337:slice$22652 ($_DFFE_PN0P_) from module agriasic_digital_rv32i_top (D = $4922y [8], Q = \u_control_shell.u_boot.hdr_q [72]).
Adding EN signal on $auto$ff.cc:337:slice$22653 ($_DFFE_PN0P_) from module agriasic_digital_rv32i_top (D = $4922y [9], Q = \u_control_shell.u_boot.hdr_q [73]).
Adding EN signal on $auto$ff.cc:337:slice$22654 ($_DFFE_PN0P_) from module agriasic_digital_rv32i_top (D = $4922y [10], Q = \u_control_shell.u_boot.hdr_q [74]).
Adding EN signal on $auto$ff.cc:337:slice$22655 ($_DFFE_PN0P_) from module agriasic_digital_rv32i_top (D = $4922y [11], Q = \u_control_shell.u_boot.hdr_q [75]).
Adding EN signal on $auto$ff.cc:337:slice$22656 ($_DFFE_PN0P_) from module agriasic_digital_rv32i_top (D = $4922y [12], Q = \u_control_shell.u_boot.hdr_q [76]).
Adding EN signal on $auto$ff.cc:337:slice$22657 ($_DFFE_PN0P_) from module agriasic_digital_rv32i_top (D = $4922y [13], Q = \u_control_shell.u_boot.hdr_q [77]).
Adding EN signal on $auto$ff.cc:337:slice$22658 ($_DFFE_PN0P_) from module agriasic_digital_rv32i_top (D = $4922y [14], Q = \u_control_shell.u_boot.hdr_q [78]).
Adding EN signal on $auto$ff.cc:337:slice$22659 ($_DFFE_PN0P_) from module agriasic_digital_rv32i_top (D = $4922y [15], Q = \u_control_shell.u_boot.hdr_q [79]).
Adding EN signal on $auto$ff.cc:337:slice$22660 ($_DFFE_PN0P_) from module agriasic_digital_rv32i_top (D = $4922y [16], Q = \u_control_shell.u_boot.hdr_q [80]).
Adding EN signal on $auto$ff.cc:337:slice$22661 ($_DFFE_PN0P_) from module agriasic_digital_rv32i_top (D = $4922y [17], Q = \u_control_shell.u_boot.hdr_q [81]).
Adding EN signal on $auto$ff.cc:337:slice$22662 ($_DFFE_PN0P_) from module agriasic_digital_rv32i_top (D = $4922y [18], Q = \u_control_shell.u_boot.hdr_q [82]).
Adding EN signal on $auto$ff.cc:337:slice$22663 ($_DFFE_PN0P_) from module agriasic_digital_rv32i_top (D = $4922y [19], Q = \u_control_shell.u_boot.hdr_q [83]).
Adding EN signal on $auto$ff.cc:337:slice$22664 ($_DFFE_PN0P_) from module agriasic_digital_rv32i_top (D = $4922y [20], Q = \u_control_shell.u_boot.hdr_q [84]).
Adding EN signal on $auto$ff.cc:337:slice$22665 ($_DFFE_PN0P_) from module agriasic_digital_rv32i_top (D = $4922y [21], Q = \u_control_shell.u_boot.hdr_q [85]).
Adding EN signal on $auto$ff.cc:337:slice$22666 ($_DFFE_PN0P_) from module agriasic_digital_rv32i_top (D = $4922y [22], Q = \u_control_shell.u_boot.hdr_q [86]).
Adding EN signal on $auto$ff.cc:337:slice$22667 ($_DFFE_PN0P_) from module agriasic_digital_rv32i_top (D = $4922y [23], Q = \u_control_shell.u_boot.hdr_q [87]).
Adding EN signal on $auto$ff.cc:337:slice$22668 ($_DFFE_PN0P_) from module agriasic_digital_rv32i_top (D = $4922y [24], Q = \u_control_shell.u_boot.hdr_q [88]).
Adding EN signal on $auto$ff.cc:337:slice$22669 ($_DFFE_PN0P_) from module agriasic_digital_rv32i_top (D = $4922y [25], Q = \u_control_shell.u_boot.hdr_q [89]).
Adding EN signal on $auto$ff.cc:337:slice$22670 ($_DFFE_PN0P_) from module agriasic_digital_rv32i_top (D = $4922y [26], Q = \u_control_shell.u_boot.hdr_q [90]).
Adding EN signal on $auto$ff.cc:337:slice$22671 ($_DFFE_PN0P_) from module agriasic_digital_rv32i_top (D = $4922y [27], Q = \u_control_shell.u_boot.hdr_q [91]).
Adding EN signal on $auto$ff.cc:337:slice$22672 ($_DFFE_PN0P_) from module agriasic_digital_rv32i_top (D = $4922y [28], Q = \u_control_shell.u_boot.hdr_q [92]).
Adding EN signal on $auto$ff.cc:337:slice$22673 ($_DFFE_PN0P_) from module agriasic_digital_rv32i_top (D = $4922y [29], Q = \u_control_shell.u_boot.hdr_q [93]).
Adding EN signal on $auto$ff.cc:337:slice$22674 ($_DFFE_PN0P_) from module agriasic_digital_rv32i_top (D = $4922y [30], Q = \u_control_shell.u_boot.hdr_q [94]).
Adding EN signal on $auto$ff.cc:337:slice$22676 ($_DFFE_PN0P_) from module agriasic_digital_rv32i_top (D = $4922y [0], Q = \u_control_shell.u_boot.hdr_q [32]).
Adding EN signal on $auto$ff.cc:337:slice$22677 ($_DFFE_PN0P_) from module agriasic_digital_rv32i_top (D = $4922y [1], Q = \u_control_shell.u_boot.hdr_q [33]).
Adding EN signal on $auto$ff.cc:337:slice$22678 ($_DFFE_PN0P_) from module agriasic_digital_rv32i_top (D = $4922y [2], Q = \u_control_shell.u_boot.hdr_q [34]).
Adding EN signal on $auto$ff.cc:337:slice$22679 ($_DFFE_PN0P_) from module agriasic_digital_rv32i_top (D = $4922y [3], Q = \u_control_shell.u_boot.hdr_q [35]).
Adding EN signal on $auto$ff.cc:337:slice$22680 ($_DFFE_PN0P_) from module agriasic_digital_rv32i_top (D = $4922y [4], Q = \u_control_shell.u_boot.hdr_q [36]).
Adding EN signal on $auto$ff.cc:337:slice$22681 ($_DFFE_PN0P_) from module agriasic_digital_rv32i_top (D = $4922y [5], Q = \u_control_shell.u_boot.hdr_q [37]).
Adding EN signal on $auto$ff.cc:337:slice$22682 ($_DFFE_PN0P_) from module agriasic_digital_rv32i_top (D = $4922y [6], Q = \u_control_shell.u_boot.hdr_q [38]).
Adding EN signal on $auto$ff.cc:337:slice$22683 ($_DFFE_PN0P_) from module agriasic_digital_rv32i_top (D = $4922y [7], Q = \u_control_shell.u_boot.hdr_q [39]).
Adding EN signal on $auto$ff.cc:337:slice$22684 ($_DFFE_PN0P_) from module agriasic_digital_rv32i_top (D = $4922y [8], Q = \u_control_shell.u_boot.hdr_q [40]).
Adding EN signal on $auto$ff.cc:337:slice$22685 ($_DFFE_PN0P_) from module agriasic_digital_rv32i_top (D = $4922y [9], Q = \u_control_shell.u_boot.hdr_q [41]).
Adding EN signal on $auto$ff.cc:337:slice$22686 ($_DFFE_PN0P_) from module agriasic_digital_rv32i_top (D = $4922y [10], Q = \u_control_shell.u_boot.hdr_q [42]).
Adding EN signal on $auto$ff.cc:337:slice$22687 ($_DFFE_PN0P_) from module agriasic_digital_rv32i_top (D = $4922y [11], Q = \u_control_shell.u_boot.hdr_q [43]).
Adding EN signal on $auto$ff.cc:337:slice$22688 ($_DFFE_PN0P_) from module agriasic_digital_rv32i_top (D = $4922y [12], Q = \u_control_shell.u_boot.hdr_q [44]).
Adding EN signal on $auto$ff.cc:337:slice$22689 ($_DFFE_PN0P_) from module agriasic_digital_rv32i_top (D = $4922y [13], Q = \u_control_shell.u_boot.hdr_q [45]).
Adding EN signal on $auto$ff.cc:337:slice$22690 ($_DFFE_PN0P_) from module agriasic_digital_rv32i_top (D = $4922y [14], Q = \u_control_shell.u_boot.hdr_q [46]).
Adding EN signal on $auto$ff.cc:337:slice$22691 ($_DFFE_PN0P_) from module agriasic_digital_rv32i_top (D = $4922y [15], Q = \u_control_shell.u_boot.hdr_q [47]).
Adding EN signal on $auto$ff.cc:337:slice$22692 ($_DFFE_PN0P_) from module agriasic_digital_rv32i_top (D = $4922y [16], Q = \u_control_shell.u_boot.hdr_q [48]).
Adding EN signal on $auto$ff.cc:337:slice$22693 ($_DFFE_PN0P_) from module agriasic_digital_rv32i_top (D = $4922y [17], Q = \u_control_shell.u_boot.hdr_q [49]).
Adding EN signal on $auto$ff.cc:337:slice$22694 ($_DFFE_PN0P_) from module agriasic_digital_rv32i_top (D = $4922y [18], Q = \u_control_shell.u_boot.hdr_q [50]).
Adding EN signal on $auto$ff.cc:337:slice$22695 ($_DFFE_PN0P_) from module agriasic_digital_rv32i_top (D = $4922y [19], Q = \u_control_shell.u_boot.hdr_q [51]).
Adding EN signal on $auto$ff.cc:337:slice$22696 ($_DFFE_PN0P_) from module agriasic_digital_rv32i_top (D = $4922y [20], Q = \u_control_shell.u_boot.hdr_q [52]).
Adding EN signal on $auto$ff.cc:337:slice$22697 ($_DFFE_PN0P_) from module agriasic_digital_rv32i_top (D = $4922y [21], Q = \u_control_shell.u_boot.hdr_q [53]).
Adding EN signal on $auto$ff.cc:337:slice$22698 ($_DFFE_PN0P_) from module agriasic_digital_rv32i_top (D = $4922y [22], Q = \u_control_shell.u_boot.hdr_q [54]).
Adding EN signal on $auto$ff.cc:337:slice$22699 ($_DFFE_PN0P_) from module agriasic_digital_rv32i_top (D = $4922y [23], Q = \u_control_shell.u_boot.hdr_q [55]).
Adding EN signal on $auto$ff.cc:337:slice$22700 ($_DFFE_PN0P_) from module agriasic_digital_rv32i_top (D = $4922y [24], Q = \u_control_shell.u_boot.hdr_q [56]).
Adding EN signal on $auto$ff.cc:337:slice$22701 ($_DFFE_PN0P_) from module agriasic_digital_rv32i_top (D = $4922y [25], Q = \u_control_shell.u_boot.hdr_q [57]).
Adding EN signal on $auto$ff.cc:337:slice$22702 ($_DFFE_PN0P_) from module agriasic_digital_rv32i_top (D = $4922y [26], Q = \u_control_shell.u_boot.hdr_q [58]).
Adding EN signal on $auto$ff.cc:337:slice$22703 ($_DFFE_PN0P_) from module agriasic_digital_rv32i_top (D = $4922y [27], Q = \u_control_shell.u_boot.hdr_q [59]).
Adding EN signal on $auto$ff.cc:337:slice$22704 ($_DFFE_PN0P_) from module agriasic_digital_rv32i_top (D = $4922y [28], Q = \u_control_shell.u_boot.hdr_q [60]).
Adding EN signal on $auto$ff.cc:337:slice$22705 ($_DFFE_PN0P_) from module agriasic_digital_rv32i_top (D = $4922y [29], Q = \u_control_shell.u_boot.hdr_q [61]).
Adding EN signal on $auto$ff.cc:337:slice$22706 ($_DFFE_PN0P_) from module agriasic_digital_rv32i_top (D = $4922y [30], Q = \u_control_shell.u_boot.hdr_q [62]).
Adding EN signal on $auto$ff.cc:337:slice$22708 ($_DFFE_PN0P_) from module agriasic_digital_rv32i_top (D = $4922y [0], Q = \u_control_shell.u_boot.hdr_q [0]).
Adding EN signal on $auto$ff.cc:337:slice$22709 ($_DFFE_PN0P_) from module agriasic_digital_rv32i_top (D = $4922y [1], Q = \u_control_shell.u_boot.hdr_q [1]).
Adding EN signal on $auto$ff.cc:337:slice$22710 ($_DFFE_PN0P_) from module agriasic_digital_rv32i_top (D = $4922y [2], Q = \u_control_shell.u_boot.hdr_q [2]).
Adding EN signal on $auto$ff.cc:337:slice$22711 ($_DFFE_PN0P_) from module agriasic_digital_rv32i_top (D = $4922y [3], Q = \u_control_shell.u_boot.hdr_q [3]).
Adding EN signal on $auto$ff.cc:337:slice$22712 ($_DFFE_PN0P_) from module agriasic_digital_rv32i_top (D = $4922y [4], Q = \u_control_shell.u_boot.hdr_q [4]).
Adding EN signal on $auto$ff.cc:337:slice$22713 ($_DFFE_PN0P_) from module agriasic_digital_rv32i_top (D = $4922y [5], Q = \u_control_shell.u_boot.hdr_q [5]).
Adding EN signal on $auto$ff.cc:337:slice$22714 ($_DFFE_PN0P_) from module agriasic_digital_rv32i_top (D = $4922y [6], Q = \u_control_shell.u_boot.hdr_q [6]).
Adding EN signal on $auto$ff.cc:337:slice$22715 ($_DFFE_PN0P_) from module agriasic_digital_rv32i_top (D = $4922y [7], Q = \u_control_shell.u_boot.hdr_q [7]).
Adding EN signal on $auto$ff.cc:337:slice$22716 ($_DFFE_PN0P_) from module agriasic_digital_rv32i_top (D = $4922y [8], Q = \u_control_shell.u_boot.hdr_q [8]).
Adding EN signal on $auto$ff.cc:337:slice$22717 ($_DFFE_PN0P_) from module agriasic_digital_rv32i_top (D = $4922y [9], Q = \u_control_shell.u_boot.hdr_q [9]).
Adding EN signal on $auto$ff.cc:337:slice$22718 ($_DFFE_PN0P_) from module agriasic_digital_rv32i_top (D = $4922y [10], Q = \u_control_shell.u_boot.hdr_q [10]).
Adding EN signal on $auto$ff.cc:337:slice$22719 ($_DFFE_PN0P_) from module agriasic_digital_rv32i_top (D = $4922y [11], Q = \u_control_shell.u_boot.hdr_q [11]).
Adding EN signal on $auto$ff.cc:337:slice$22720 ($_DFFE_PN0P_) from module agriasic_digital_rv32i_top (D = $4922y [12], Q = \u_control_shell.u_boot.hdr_q [12]).
Adding EN signal on $auto$ff.cc:337:slice$22721 ($_DFFE_PN0P_) from module agriasic_digital_rv32i_top (D = $4922y [13], Q = \u_control_shell.u_boot.hdr_q [13]).
Adding EN signal on $auto$ff.cc:337:slice$22722 ($_DFFE_PN0P_) from module agriasic_digital_rv32i_top (D = $4922y [14], Q = \u_control_shell.u_boot.hdr_q [14]).
Adding EN signal on $auto$ff.cc:337:slice$22723 ($_DFFE_PN0P_) from module agriasic_digital_rv32i_top (D = $4922y [15], Q = \u_control_shell.u_boot.hdr_q [15]).
Adding EN signal on $auto$ff.cc:337:slice$22724 ($_DFFE_PN0P_) from module agriasic_digital_rv32i_top (D = $4922y [16], Q = \u_control_shell.u_boot.hdr_q [16]).
Adding EN signal on $auto$ff.cc:337:slice$22725 ($_DFFE_PN0P_) from module agriasic_digital_rv32i_top (D = $4922y [17], Q = \u_control_shell.u_boot.hdr_q [17]).
Adding EN signal on $auto$ff.cc:337:slice$22726 ($_DFFE_PN0P_) from module agriasic_digital_rv32i_top (D = $4922y [18], Q = \u_control_shell.u_boot.hdr_q [18]).
Adding EN signal on $auto$ff.cc:337:slice$22727 ($_DFFE_PN0P_) from module agriasic_digital_rv32i_top (D = $4922y [19], Q = \u_control_shell.u_boot.hdr_q [19]).
Adding EN signal on $auto$ff.cc:337:slice$22728 ($_DFFE_PN0P_) from module agriasic_digital_rv32i_top (D = $4922y [20], Q = \u_control_shell.u_boot.hdr_q [20]).
Adding EN signal on $auto$ff.cc:337:slice$22729 ($_DFFE_PN0P_) from module agriasic_digital_rv32i_top (D = $4922y [21], Q = \u_control_shell.u_boot.hdr_q [21]).
Adding EN signal on $auto$ff.cc:337:slice$22730 ($_DFFE_PN0P_) from module agriasic_digital_rv32i_top (D = $4922y [22], Q = \u_control_shell.u_boot.hdr_q [22]).
Adding EN signal on $auto$ff.cc:337:slice$22731 ($_DFFE_PN0P_) from module agriasic_digital_rv32i_top (D = $4922y [23], Q = \u_control_shell.u_boot.hdr_q [23]).
Adding EN signal on $auto$ff.cc:337:slice$22732 ($_DFFE_PN0P_) from module agriasic_digital_rv32i_top (D = $4922y [24], Q = \u_control_shell.u_boot.hdr_q [24]).
Adding EN signal on $auto$ff.cc:337:slice$22733 ($_DFFE_PN0P_) from module agriasic_digital_rv32i_top (D = $4922y [25], Q = \u_control_shell.u_boot.hdr_q [25]).
Adding EN signal on $auto$ff.cc:337:slice$22734 ($_DFFE_PN0P_) from module agriasic_digital_rv32i_top (D = $4922y [26], Q = \u_control_shell.u_boot.hdr_q [26]).
Adding EN signal on $auto$ff.cc:337:slice$22735 ($_DFFE_PN0P_) from module agriasic_digital_rv32i_top (D = $4922y [27], Q = \u_control_shell.u_boot.hdr_q [27]).
Adding EN signal on $auto$ff.cc:337:slice$22736 ($_DFFE_PN0P_) from module agriasic_digital_rv32i_top (D = $4922y [28], Q = \u_control_shell.u_boot.hdr_q [28]).
Adding EN signal on $auto$ff.cc:337:slice$22737 ($_DFFE_PN0P_) from module agriasic_digital_rv32i_top (D = $4922y [29], Q = \u_control_shell.u_boot.hdr_q [29]).
Adding EN signal on $auto$ff.cc:337:slice$22738 ($_DFFE_PN0P_) from module agriasic_digital_rv32i_top (D = $4922y [30], Q = \u_control_shell.u_boot.hdr_q [30]).
Adding EN signal on $auto$ff.cc:337:slice$22810 ($_DFFE_PN0P_) from module agriasic_digital_rv32i_top (D = $4992y [0], Q = \u_control_shell.u_boot.word_q [0]).
Adding EN signal on $auto$ff.cc:337:slice$22811 ($_DFFE_PN0P_) from module agriasic_digital_rv32i_top (D = $4992y [1], Q = \u_control_shell.u_boot.word_q [1]).
Adding EN signal on $auto$ff.cc:337:slice$22812 ($_DFFE_PN0P_) from module agriasic_digital_rv32i_top (D = $4992y [2], Q = \u_control_shell.u_boot.word_q [2]).
Adding EN signal on $auto$ff.cc:337:slice$22813 ($_DFFE_PN0P_) from module agriasic_digital_rv32i_top (D = $4992y [3], Q = \u_control_shell.u_boot.word_q [3]).
Adding EN signal on $auto$ff.cc:337:slice$22814 ($_DFFE_PN0P_) from module agriasic_digital_rv32i_top (D = $4992y [4], Q = \u_control_shell.u_boot.word_q [4]).
Adding EN signal on $auto$ff.cc:337:slice$22815 ($_DFFE_PN0P_) from module agriasic_digital_rv32i_top (D = $4992y [5], Q = \u_control_shell.u_boot.word_q [5]).
Adding EN signal on $auto$ff.cc:337:slice$22816 ($_DFFE_PN0P_) from module agriasic_digital_rv32i_top (D = $4992y [6], Q = \u_control_shell.u_boot.word_q [6]).
Adding EN signal on $auto$ff.cc:337:slice$22817 ($_DFFE_PN0P_) from module agriasic_digital_rv32i_top (D = $4992y [7], Q = \u_control_shell.u_boot.word_q [7]).
Adding EN signal on $auto$ff.cc:337:slice$22818 ($_DFFE_PN0P_) from module agriasic_digital_rv32i_top (D = $4992y [8], Q = \u_control_shell.u_boot.word_q [8]).
Adding EN signal on $auto$ff.cc:337:slice$22819 ($_DFFE_PN0P_) from module agriasic_digital_rv32i_top (D = $4992y [9], Q = \u_control_shell.u_boot.word_q [9]).
Adding EN signal on $auto$ff.cc:337:slice$22820 ($_DFFE_PN0P_) from module agriasic_digital_rv32i_top (D = $4992y [10], Q = \u_control_shell.u_boot.word_q [10]).
Adding EN signal on $auto$ff.cc:337:slice$22821 ($_DFFE_PN0P_) from module agriasic_digital_rv32i_top (D = $4992y [11], Q = \u_control_shell.u_boot.word_q [11]).
Adding EN signal on $auto$ff.cc:337:slice$22822 ($_DFFE_PN0P_) from module agriasic_digital_rv32i_top (D = $4992y [12], Q = \u_control_shell.u_boot.word_q [12]).
Adding EN signal on $auto$ff.cc:337:slice$22823 ($_DFFE_PN0P_) from module agriasic_digital_rv32i_top (D = $4992y [13], Q = \u_control_shell.u_boot.word_q [13]).
Adding EN signal on $auto$ff.cc:337:slice$22824 ($_DFFE_PN0P_) from module agriasic_digital_rv32i_top (D = $4992y [14], Q = \u_control_shell.u_boot.word_q [14]).
Adding EN signal on $auto$ff.cc:337:slice$22825 ($_DFFE_PN0P_) from module agriasic_digital_rv32i_top (D = $4992y [15], Q = \u_control_shell.u_boot.word_q [15]).
Adding EN signal on $auto$ff.cc:337:slice$22826 ($_DFFE_PN0P_) from module agriasic_digital_rv32i_top (D = $4992y [16], Q = \u_control_shell.u_boot.word_q [16]).
Adding EN signal on $auto$ff.cc:337:slice$22827 ($_DFFE_PN0P_) from module agriasic_digital_rv32i_top (D = $4992y [17], Q = \u_control_shell.u_boot.word_q [17]).
Adding EN signal on $auto$ff.cc:337:slice$22828 ($_DFFE_PN0P_) from module agriasic_digital_rv32i_top (D = $4992y [18], Q = \u_control_shell.u_boot.word_q [18]).
Adding EN signal on $auto$ff.cc:337:slice$22829 ($_DFFE_PN0P_) from module agriasic_digital_rv32i_top (D = $4992y [19], Q = \u_control_shell.u_boot.word_q [19]).
Adding EN signal on $auto$ff.cc:337:slice$22830 ($_DFFE_PN0P_) from module agriasic_digital_rv32i_top (D = $4992y [20], Q = \u_control_shell.u_boot.word_q [20]).
Adding EN signal on $auto$ff.cc:337:slice$22831 ($_DFFE_PN0P_) from module agriasic_digital_rv32i_top (D = $4992y [21], Q = \u_control_shell.u_boot.word_q [21]).
Adding EN signal on $auto$ff.cc:337:slice$22832 ($_DFFE_PN0P_) from module agriasic_digital_rv32i_top (D = $4992y [22], Q = \u_control_shell.u_boot.word_q [22]).
Adding EN signal on $auto$ff.cc:337:slice$22833 ($_DFFE_PN0P_) from module agriasic_digital_rv32i_top (D = $4992y [23], Q = \u_control_shell.u_boot.word_q [23]).
Adding EN signal on $auto$ff.cc:337:slice$22834 ($_DFFE_PN0P_) from module agriasic_digital_rv32i_top (D = $4992y [24], Q = \u_control_shell.u_boot.word_q [24]).
Adding EN signal on $auto$ff.cc:337:slice$22835 ($_DFFE_PN0P_) from module agriasic_digital_rv32i_top (D = $4992y [25], Q = \u_control_shell.u_boot.word_q [25]).
Adding EN signal on $auto$ff.cc:337:slice$22836 ($_DFFE_PN0P_) from module agriasic_digital_rv32i_top (D = $4992y [26], Q = \u_control_shell.u_boot.word_q [26]).
Adding EN signal on $auto$ff.cc:337:slice$22837 ($_DFFE_PN0P_) from module agriasic_digital_rv32i_top (D = $4992y [27], Q = \u_control_shell.u_boot.word_q [27]).
Adding EN signal on $auto$ff.cc:337:slice$22838 ($_DFFE_PN0P_) from module agriasic_digital_rv32i_top (D = $4992y [28], Q = \u_control_shell.u_boot.word_q [28]).
Adding EN signal on $auto$ff.cc:337:slice$22839 ($_DFFE_PN0P_) from module agriasic_digital_rv32i_top (D = $4992y [29], Q = \u_control_shell.u_boot.word_q [29]).
Adding EN signal on $auto$ff.cc:337:slice$22840 ($_DFFE_PN0P_) from module agriasic_digital_rv32i_top (D = $4992y [30], Q = \u_control_shell.u_boot.word_q [30]).
Adding EN signal on $auto$ff.cc:337:slice$24595 ($_DFFE_PN0P_) from module agriasic_digital_rv32i_top (D = $procmux$930_Y [32], Q = \u_control_shell.u_dm.i_dm_csrs.data_q [32]).
Adding EN signal on $auto$ff.cc:337:slice$24596 ($_DFFE_PN0P_) from module agriasic_digital_rv32i_top (D = $procmux$930_Y [33], Q = \u_control_shell.u_dm.i_dm_csrs.data_q [33]).
Adding EN signal on $auto$ff.cc:337:slice$24597 ($_DFFE_PN0P_) from module agriasic_digital_rv32i_top (D = $procmux$930_Y [34], Q = \u_control_shell.u_dm.i_dm_csrs.data_q [34]).
Adding EN signal on $auto$ff.cc:337:slice$24598 ($_DFFE_PN0P_) from module agriasic_digital_rv32i_top (D = $procmux$930_Y [35], Q = \u_control_shell.u_dm.i_dm_csrs.data_q [35]).
Adding EN signal on $auto$ff.cc:337:slice$24599 ($_DFFE_PN0P_) from module agriasic_digital_rv32i_top (D = $procmux$930_Y [36], Q = \u_control_shell.u_dm.i_dm_csrs.data_q [36]).
Adding EN signal on $auto$ff.cc:337:slice$24600 ($_DFFE_PN0P_) from module agriasic_digital_rv32i_top (D = $procmux$930_Y [37], Q = \u_control_shell.u_dm.i_dm_csrs.data_q [37]).
Adding EN signal on $auto$ff.cc:337:slice$24601 ($_DFFE_PN0P_) from module agriasic_digital_rv32i_top (D = $procmux$930_Y [38], Q = \u_control_shell.u_dm.i_dm_csrs.data_q [38]).
Adding EN signal on $auto$ff.cc:337:slice$24602 ($_DFFE_PN0P_) from module agriasic_digital_rv32i_top (D = $procmux$930_Y [39], Q = \u_control_shell.u_dm.i_dm_csrs.data_q [39]).
Adding EN signal on $auto$ff.cc:337:slice$24603 ($_DFFE_PN0P_) from module agriasic_digital_rv32i_top (D = $procmux$930_Y [40], Q = \u_control_shell.u_dm.i_dm_csrs.data_q [40]).
Adding EN signal on $auto$ff.cc:337:slice$24604 ($_DFFE_PN0P_) from module agriasic_digital_rv32i_top (D = $procmux$930_Y [41], Q = \u_control_shell.u_dm.i_dm_csrs.data_q [41]).
Adding EN signal on $auto$ff.cc:337:slice$24605 ($_DFFE_PN0P_) from module agriasic_digital_rv32i_top (D = $procmux$930_Y [42], Q = \u_control_shell.u_dm.i_dm_csrs.data_q [42]).
Adding EN signal on $auto$ff.cc:337:slice$24606 ($_DFFE_PN0P_) from module agriasic_digital_rv32i_top (D = $procmux$930_Y [43], Q = \u_control_shell.u_dm.i_dm_csrs.data_q [43]).
Adding EN signal on $auto$ff.cc:337:slice$24607 ($_DFFE_PN0P_) from module agriasic_digital_rv32i_top (D = $procmux$930_Y [44], Q = \u_control_shell.u_dm.i_dm_csrs.data_q [44]).
Adding EN signal on $auto$ff.cc:337:slice$24608 ($_DFFE_PN0P_) from module agriasic_digital_rv32i_top (D = $procmux$930_Y [45], Q = \u_control_shell.u_dm.i_dm_csrs.data_q [45]).
Adding EN signal on $auto$ff.cc:337:slice$24609 ($_DFFE_PN0P_) from module agriasic_digital_rv32i_top (D = $procmux$930_Y [46], Q = \u_control_shell.u_dm.i_dm_csrs.data_q [46]).
Adding EN signal on $auto$ff.cc:337:slice$24610 ($_DFFE_PN0P_) from module agriasic_digital_rv32i_top (D = $procmux$930_Y [47], Q = \u_control_shell.u_dm.i_dm_csrs.data_q [47]).
Adding EN signal on $auto$ff.cc:337:slice$24611 ($_DFFE_PN0P_) from module agriasic_digital_rv32i_top (D = $procmux$930_Y [48], Q = \u_control_shell.u_dm.i_dm_csrs.data_q [48]).
Adding EN signal on $auto$ff.cc:337:slice$24612 ($_DFFE_PN0P_) from module agriasic_digital_rv32i_top (D = $procmux$930_Y [49], Q = \u_control_shell.u_dm.i_dm_csrs.data_q [49]).
Adding EN signal on $auto$ff.cc:337:slice$24613 ($_DFFE_PN0P_) from module agriasic_digital_rv32i_top (D = $procmux$930_Y [50], Q = \u_control_shell.u_dm.i_dm_csrs.data_q [50]).
Adding EN signal on $auto$ff.cc:337:slice$24614 ($_DFFE_PN0P_) from module agriasic_digital_rv32i_top (D = $procmux$930_Y [51], Q = \u_control_shell.u_dm.i_dm_csrs.data_q [51]).
Adding EN signal on $auto$ff.cc:337:slice$24615 ($_DFFE_PN0P_) from module agriasic_digital_rv32i_top (D = $procmux$930_Y [52], Q = \u_control_shell.u_dm.i_dm_csrs.data_q [52]).
Adding EN signal on $auto$ff.cc:337:slice$24616 ($_DFFE_PN0P_) from module agriasic_digital_rv32i_top (D = $procmux$930_Y [53], Q = \u_control_shell.u_dm.i_dm_csrs.data_q [53]).
Adding EN signal on $auto$ff.cc:337:slice$24617 ($_DFFE_PN0P_) from module agriasic_digital_rv32i_top (D = $procmux$930_Y [54], Q = \u_control_shell.u_dm.i_dm_csrs.data_q [54]).
Adding EN signal on $auto$ff.cc:337:slice$24618 ($_DFFE_PN0P_) from module agriasic_digital_rv32i_top (D = $procmux$930_Y [55], Q = \u_control_shell.u_dm.i_dm_csrs.data_q [55]).
Adding EN signal on $auto$ff.cc:337:slice$24619 ($_DFFE_PN0P_) from module agriasic_digital_rv32i_top (D = $procmux$930_Y [56], Q = \u_control_shell.u_dm.i_dm_csrs.data_q [56]).
Adding EN signal on $auto$ff.cc:337:slice$24620 ($_DFFE_PN0P_) from module agriasic_digital_rv32i_top (D = $procmux$930_Y [57], Q = \u_control_shell.u_dm.i_dm_csrs.data_q [57]).
Adding EN signal on $auto$ff.cc:337:slice$24621 ($_DFFE_PN0P_) from module agriasic_digital_rv32i_top (D = $procmux$930_Y [58], Q = \u_control_shell.u_dm.i_dm_csrs.data_q [58]).
Adding EN signal on $auto$ff.cc:337:slice$24622 ($_DFFE_PN0P_) from module agriasic_digital_rv32i_top (D = $procmux$930_Y [59], Q = \u_control_shell.u_dm.i_dm_csrs.data_q [59]).
Adding EN signal on $auto$ff.cc:337:slice$24623 ($_DFFE_PN0P_) from module agriasic_digital_rv32i_top (D = $procmux$930_Y [60], Q = \u_control_shell.u_dm.i_dm_csrs.data_q [60]).
Adding EN signal on $auto$ff.cc:337:slice$24624 ($_DFFE_PN0P_) from module agriasic_digital_rv32i_top (D = $procmux$930_Y [61], Q = \u_control_shell.u_dm.i_dm_csrs.data_q [61]).
Adding EN signal on $auto$ff.cc:337:slice$24625 ($_DFFE_PN0P_) from module agriasic_digital_rv32i_top (D = $procmux$930_Y [62], Q = \u_control_shell.u_dm.i_dm_csrs.data_q [62]).
Adding EN signal on $auto$ff.cc:337:slice$24731 ($_DFFE_PN0P_) from module agriasic_digital_rv32i_top (D = $procmux$930_Y [0], Q = \u_control_shell.u_dm.i_dm_csrs.data_q [0]).
Adding EN signal on $auto$ff.cc:337:slice$24732 ($_DFFE_PN0P_) from module agriasic_digital_rv32i_top (D = $procmux$930_Y [1], Q = \u_control_shell.u_dm.i_dm_csrs.data_q [1]).
Adding EN signal on $auto$ff.cc:337:slice$24733 ($_DFFE_PN0P_) from module agriasic_digital_rv32i_top (D = $procmux$930_Y [2], Q = \u_control_shell.u_dm.i_dm_csrs.data_q [2]).
Adding EN signal on $auto$ff.cc:337:slice$24734 ($_DFFE_PN0P_) from module agriasic_digital_rv32i_top (D = $procmux$930_Y [3], Q = \u_control_shell.u_dm.i_dm_csrs.data_q [3]).
Adding EN signal on $auto$ff.cc:337:slice$24735 ($_DFFE_PN0P_) from module agriasic_digital_rv32i_top (D = $procmux$930_Y [4], Q = \u_control_shell.u_dm.i_dm_csrs.data_q [4]).
Adding EN signal on $auto$ff.cc:337:slice$24736 ($_DFFE_PN0P_) from module agriasic_digital_rv32i_top (D = $procmux$930_Y [5], Q = \u_control_shell.u_dm.i_dm_csrs.data_q [5]).
Adding EN signal on $auto$ff.cc:337:slice$24737 ($_DFFE_PN0P_) from module agriasic_digital_rv32i_top (D = $procmux$930_Y [6], Q = \u_control_shell.u_dm.i_dm_csrs.data_q [6]).
Adding EN signal on $auto$ff.cc:337:slice$24738 ($_DFFE_PN0P_) from module agriasic_digital_rv32i_top (D = $procmux$930_Y [7], Q = \u_control_shell.u_dm.i_dm_csrs.data_q [7]).
Adding EN signal on $auto$ff.cc:337:slice$24739 ($_DFFE_PN0P_) from module agriasic_digital_rv32i_top (D = $procmux$930_Y [8], Q = \u_control_shell.u_dm.i_dm_csrs.data_q [8]).
Adding EN signal on $auto$ff.cc:337:slice$24740 ($_DFFE_PN0P_) from module agriasic_digital_rv32i_top (D = $procmux$930_Y [9], Q = \u_control_shell.u_dm.i_dm_csrs.data_q [9]).
Adding EN signal on $auto$ff.cc:337:slice$24741 ($_DFFE_PN0P_) from module agriasic_digital_rv32i_top (D = $procmux$930_Y [10], Q = \u_control_shell.u_dm.i_dm_csrs.data_q [10]).
Adding EN signal on $auto$ff.cc:337:slice$24742 ($_DFFE_PN0P_) from module agriasic_digital_rv32i_top (D = $procmux$930_Y [11], Q = \u_control_shell.u_dm.i_dm_csrs.data_q [11]).
Adding EN signal on $auto$ff.cc:337:slice$24743 ($_DFFE_PN0P_) from module agriasic_digital_rv32i_top (D = $procmux$930_Y [12], Q = \u_control_shell.u_dm.i_dm_csrs.data_q [12]).
Adding EN signal on $auto$ff.cc:337:slice$24744 ($_DFFE_PN0P_) from module agriasic_digital_rv32i_top (D = $procmux$930_Y [13], Q = \u_control_shell.u_dm.i_dm_csrs.data_q [13]).
Adding EN signal on $auto$ff.cc:337:slice$24745 ($_DFFE_PN0P_) from module agriasic_digital_rv32i_top (D = $procmux$930_Y [14], Q = \u_control_shell.u_dm.i_dm_csrs.data_q [14]).
Adding EN signal on $auto$ff.cc:337:slice$24746 ($_DFFE_PN0P_) from module agriasic_digital_rv32i_top (D = $procmux$930_Y [15], Q = \u_control_shell.u_dm.i_dm_csrs.data_q [15]).
Adding EN signal on $auto$ff.cc:337:slice$24747 ($_DFFE_PN0P_) from module agriasic_digital_rv32i_top (D = $procmux$930_Y [16], Q = \u_control_shell.u_dm.i_dm_csrs.data_q [16]).
Adding EN signal on $auto$ff.cc:337:slice$24748 ($_DFFE_PN0P_) from module agriasic_digital_rv32i_top (D = $procmux$930_Y [17], Q = \u_control_shell.u_dm.i_dm_csrs.data_q [17]).
Adding EN signal on $auto$ff.cc:337:slice$24749 ($_DFFE_PN0P_) from module agriasic_digital_rv32i_top (D = $procmux$930_Y [18], Q = \u_control_shell.u_dm.i_dm_csrs.data_q [18]).
Adding EN signal on $auto$ff.cc:337:slice$24750 ($_DFFE_PN0P_) from module agriasic_digital_rv32i_top (D = $procmux$930_Y [19], Q = \u_control_shell.u_dm.i_dm_csrs.data_q [19]).
Adding EN signal on $auto$ff.cc:337:slice$24751 ($_DFFE_PN0P_) from module agriasic_digital_rv32i_top (D = $procmux$930_Y [20], Q = \u_control_shell.u_dm.i_dm_csrs.data_q [20]).
Adding EN signal on $auto$ff.cc:337:slice$24752 ($_DFFE_PN0P_) from module agriasic_digital_rv32i_top (D = $procmux$930_Y [21], Q = \u_control_shell.u_dm.i_dm_csrs.data_q [21]).
Adding EN signal on $auto$ff.cc:337:slice$24753 ($_DFFE_PN0P_) from module agriasic_digital_rv32i_top (D = $procmux$930_Y [22], Q = \u_control_shell.u_dm.i_dm_csrs.data_q [22]).
Adding EN signal on $auto$ff.cc:337:slice$24754 ($_DFFE_PN0P_) from module agriasic_digital_rv32i_top (D = $procmux$930_Y [23], Q = \u_control_shell.u_dm.i_dm_csrs.data_q [23]).
Adding EN signal on $auto$ff.cc:337:slice$24755 ($_DFFE_PN0P_) from module agriasic_digital_rv32i_top (D = $procmux$930_Y [24], Q = \u_control_shell.u_dm.i_dm_csrs.data_q [24]).
Adding EN signal on $auto$ff.cc:337:slice$24756 ($_DFFE_PN0P_) from module agriasic_digital_rv32i_top (D = $procmux$930_Y [25], Q = \u_control_shell.u_dm.i_dm_csrs.data_q [25]).
Adding EN signal on $auto$ff.cc:337:slice$24757 ($_DFFE_PN0P_) from module agriasic_digital_rv32i_top (D = $procmux$930_Y [26], Q = \u_control_shell.u_dm.i_dm_csrs.data_q [26]).
Adding EN signal on $auto$ff.cc:337:slice$24758 ($_DFFE_PN0P_) from module agriasic_digital_rv32i_top (D = $procmux$930_Y [27], Q = \u_control_shell.u_dm.i_dm_csrs.data_q [27]).
Adding EN signal on $auto$ff.cc:337:slice$24759 ($_DFFE_PN0P_) from module agriasic_digital_rv32i_top (D = $procmux$930_Y [28], Q = \u_control_shell.u_dm.i_dm_csrs.data_q [28]).
Adding EN signal on $auto$ff.cc:337:slice$24760 ($_DFFE_PN0P_) from module agriasic_digital_rv32i_top (D = $procmux$930_Y [29], Q = \u_control_shell.u_dm.i_dm_csrs.data_q [29]).
Adding EN signal on $auto$ff.cc:337:slice$24761 ($_DFFE_PN0P_) from module agriasic_digital_rv32i_top (D = $procmux$930_Y [30], Q = \u_control_shell.u_dm.i_dm_csrs.data_q [30]).
Adding EN signal on $auto$ff.cc:337:slice$24777 ($_DFFE_PN0P_) from module agriasic_digital_rv32i_top (D = $procmux$933_Y [224], Q = \u_control_shell.u_dm.i_dm_csrs.progbuf_q [224]).
Adding EN signal on $auto$ff.cc:337:slice$24778 ($_DFFE_PN0P_) from module agriasic_digital_rv32i_top (D = $procmux$933_Y [225], Q = \u_control_shell.u_dm.i_dm_csrs.progbuf_q [225]).
Adding EN signal on $auto$ff.cc:337:slice$24779 ($_DFFE_PN0P_) from module agriasic_digital_rv32i_top (D = $procmux$933_Y [226], Q = \u_control_shell.u_dm.i_dm_csrs.progbuf_q [226]).
Adding EN signal on $auto$ff.cc:337:slice$24780 ($_DFFE_PN0P_) from module agriasic_digital_rv32i_top (D = $procmux$933_Y [227], Q = \u_control_shell.u_dm.i_dm_csrs.progbuf_q [227]).
Adding EN signal on $auto$ff.cc:337:slice$24781 ($_DFFE_PN0P_) from module agriasic_digital_rv32i_top (D = $procmux$933_Y [228], Q = \u_control_shell.u_dm.i_dm_csrs.progbuf_q [228]).
Adding EN signal on $auto$ff.cc:337:slice$24782 ($_DFFE_PN0P_) from module agriasic_digital_rv32i_top (D = $procmux$933_Y [229], Q = \u_control_shell.u_dm.i_dm_csrs.progbuf_q [229]).
Adding EN signal on $auto$ff.cc:337:slice$24783 ($_DFFE_PN0P_) from module agriasic_digital_rv32i_top (D = $procmux$933_Y [230], Q = \u_control_shell.u_dm.i_dm_csrs.progbuf_q [230]).
Adding EN signal on $auto$ff.cc:337:slice$24784 ($_DFFE_PN0P_) from module agriasic_digital_rv32i_top (D = $procmux$933_Y [231], Q = \u_control_shell.u_dm.i_dm_csrs.progbuf_q [231]).
Adding EN signal on $auto$ff.cc:337:slice$24785 ($_DFFE_PN0P_) from module agriasic_digital_rv32i_top (D = $procmux$933_Y [232], Q = \u_control_shell.u_dm.i_dm_csrs.progbuf_q [232]).
Adding EN signal on $auto$ff.cc:337:slice$24786 ($_DFFE_PN0P_) from module agriasic_digital_rv32i_top (D = $procmux$933_Y [233], Q = \u_control_shell.u_dm.i_dm_csrs.progbuf_q [233]).
Adding EN signal on $auto$ff.cc:337:slice$24787 ($_DFFE_PN0P_) from module agriasic_digital_rv32i_top (D = $procmux$933_Y [234], Q = \u_control_shell.u_dm.i_dm_csrs.progbuf_q [234]).
Adding EN signal on $auto$ff.cc:337:slice$24788 ($_DFFE_PN0P_) from module agriasic_digital_rv32i_top (D = $procmux$933_Y [235], Q = \u_control_shell.u_dm.i_dm_csrs.progbuf_q [235]).
Adding EN signal on $auto$ff.cc:337:slice$24789 ($_DFFE_PN0P_) from module agriasic_digital_rv32i_top (D = $procmux$933_Y [236], Q = \u_control_shell.u_dm.i_dm_csrs.progbuf_q [236]).
Adding EN signal on $auto$ff.cc:337:slice$24790 ($_DFFE_PN0P_) from module agriasic_digital_rv32i_top (D = $procmux$933_Y [237], Q = \u_control_shell.u_dm.i_dm_csrs.progbuf_q [237]).
Adding EN signal on $auto$ff.cc:337:slice$24791 ($_DFFE_PN0P_) from module agriasic_digital_rv32i_top (D = $procmux$933_Y [238], Q = \u_control_shell.u_dm.i_dm_csrs.progbuf_q [238]).
Adding EN signal on $auto$ff.cc:337:slice$24792 ($_DFFE_PN0P_) from module agriasic_digital_rv32i_top (D = $procmux$933_Y [239], Q = \u_control_shell.u_dm.i_dm_csrs.progbuf_q [239]).
Adding EN signal on $auto$ff.cc:337:slice$24793 ($_DFFE_PN0P_) from module agriasic_digital_rv32i_top (D = $procmux$933_Y [240], Q = \u_control_shell.u_dm.i_dm_csrs.progbuf_q [240]).
Adding EN signal on $auto$ff.cc:337:slice$24794 ($_DFFE_PN0P_) from module agriasic_digital_rv32i_top (D = $procmux$933_Y [241], Q = \u_control_shell.u_dm.i_dm_csrs.progbuf_q [241]).
Adding EN signal on $auto$ff.cc:337:slice$24795 ($_DFFE_PN0P_) from module agriasic_digital_rv32i_top (D = $procmux$933_Y [242], Q = \u_control_shell.u_dm.i_dm_csrs.progbuf_q [242]).
Adding EN signal on $auto$ff.cc:337:slice$24796 ($_DFFE_PN0P_) from module agriasic_digital_rv32i_top (D = $procmux$933_Y [243], Q = \u_control_shell.u_dm.i_dm_csrs.progbuf_q [243]).
Adding EN signal on $auto$ff.cc:337:slice$24797 ($_DFFE_PN0P_) from module agriasic_digital_rv32i_top (D = $procmux$933_Y [244], Q = \u_control_shell.u_dm.i_dm_csrs.progbuf_q [244]).
Adding EN signal on $auto$ff.cc:337:slice$24798 ($_DFFE_PN0P_) from module agriasic_digital_rv32i_top (D = $procmux$933_Y [245], Q = \u_control_shell.u_dm.i_dm_csrs.progbuf_q [245]).
Adding EN signal on $auto$ff.cc:337:slice$24799 ($_DFFE_PN0P_) from module agriasic_digital_rv32i_top (D = $procmux$933_Y [246], Q = \u_control_shell.u_dm.i_dm_csrs.progbuf_q [246]).
Adding EN signal on $auto$ff.cc:337:slice$24800 ($_DFFE_PN0P_) from module agriasic_digital_rv32i_top (D = $procmux$933_Y [247], Q = \u_control_shell.u_dm.i_dm_csrs.progbuf_q [247]).
Adding EN signal on $auto$ff.cc:337:slice$24801 ($_DFFE_PN0P_) from module agriasic_digital_rv32i_top (D = $procmux$933_Y [248], Q = \u_control_shell.u_dm.i_dm_csrs.progbuf_q [248]).
Adding EN signal on $auto$ff.cc:337:slice$24802 ($_DFFE_PN0P_) from module agriasic_digital_rv32i_top (D = $procmux$933_Y [249], Q = \u_control_shell.u_dm.i_dm_csrs.progbuf_q [249]).
Adding EN signal on $auto$ff.cc:337:slice$24803 ($_DFFE_PN0P_) from module agriasic_digital_rv32i_top (D = $procmux$933_Y [250], Q = \u_control_shell.u_dm.i_dm_csrs.progbuf_q [250]).
Adding EN signal on $auto$ff.cc:337:slice$24804 ($_DFFE_PN0P_) from module agriasic_digital_rv32i_top (D = $procmux$933_Y [251], Q = \u_control_shell.u_dm.i_dm_csrs.progbuf_q [251]).
Adding EN signal on $auto$ff.cc:337:slice$24805 ($_DFFE_PN0P_) from module agriasic_digital_rv32i_top (D = $procmux$933_Y [252], Q = \u_control_shell.u_dm.i_dm_csrs.progbuf_q [252]).
Adding EN signal on $auto$ff.cc:337:slice$24806 ($_DFFE_PN0P_) from module agriasic_digital_rv32i_top (D = $procmux$933_Y [253], Q = \u_control_shell.u_dm.i_dm_csrs.progbuf_q [253]).
Adding EN signal on $auto$ff.cc:337:slice$24807 ($_DFFE_PN0P_) from module agriasic_digital_rv32i_top (D = $procmux$933_Y [254], Q = \u_control_shell.u_dm.i_dm_csrs.progbuf_q [254]).
Adding EN signal on $auto$ff.cc:337:slice$24809 ($_DFFE_PN0P_) from module agriasic_digital_rv32i_top (D = $procmux$933_Y [192], Q = \u_control_shell.u_dm.i_dm_csrs.progbuf_q [192]).
Adding EN signal on $auto$ff.cc:337:slice$24810 ($_DFFE_PN0P_) from module agriasic_digital_rv32i_top (D = $procmux$933_Y [193], Q = \u_control_shell.u_dm.i_dm_csrs.progbuf_q [193]).
Adding EN signal on $auto$ff.cc:337:slice$24811 ($_DFFE_PN0P_) from module agriasic_digital_rv32i_top (D = $procmux$933_Y [194], Q = \u_control_shell.u_dm.i_dm_csrs.progbuf_q [194]).
Adding EN signal on $auto$ff.cc:337:slice$24812 ($_DFFE_PN0P_) from module agriasic_digital_rv32i_top (D = $procmux$933_Y [195], Q = \u_control_shell.u_dm.i_dm_csrs.progbuf_q [195]).
Adding EN signal on $auto$ff.cc:337:slice$24813 ($_DFFE_PN0P_) from module agriasic_digital_rv32i_top (D = $procmux$933_Y [196], Q = \u_control_shell.u_dm.i_dm_csrs.progbuf_q [196]).
Adding EN signal on $auto$ff.cc:337:slice$24814 ($_DFFE_PN0P_) from module agriasic_digital_rv32i_top (D = $procmux$933_Y [197], Q = \u_control_shell.u_dm.i_dm_csrs.progbuf_q [197]).
Adding EN signal on $auto$ff.cc:337:slice$24815 ($_DFFE_PN0P_) from module agriasic_digital_rv32i_top (D = $procmux$933_Y [198], Q = \u_control_shell.u_dm.i_dm_csrs.progbuf_q [198]).
Adding EN signal on $auto$ff.cc:337:slice$24816 ($_DFFE_PN0P_) from module agriasic_digital_rv32i_top (D = $procmux$933_Y [199], Q = \u_control_shell.u_dm.i_dm_csrs.progbuf_q [199]).
Adding EN signal on $auto$ff.cc:337:slice$24817 ($_DFFE_PN0P_) from module agriasic_digital_rv32i_top (D = $procmux$933_Y [200], Q = \u_control_shell.u_dm.i_dm_csrs.progbuf_q [200]).
Adding EN signal on $auto$ff.cc:337:slice$24818 ($_DFFE_PN0P_) from module agriasic_digital_rv32i_top (D = $procmux$933_Y [201], Q = \u_control_shell.u_dm.i_dm_csrs.progbuf_q [201]).
Adding EN signal on $auto$ff.cc:337:slice$24819 ($_DFFE_PN0P_) from module agriasic_digital_rv32i_top (D = $procmux$933_Y [202], Q = \u_control_shell.u_dm.i_dm_csrs.progbuf_q [202]).
Adding EN signal on $auto$ff.cc:337:slice$24820 ($_DFFE_PN0P_) from module agriasic_digital_rv32i_top (D = $procmux$933_Y [203], Q = \u_control_shell.u_dm.i_dm_csrs.progbuf_q [203]).
Adding EN signal on $auto$ff.cc:337:slice$24821 ($_DFFE_PN0P_) from module agriasic_digital_rv32i_top (D = $procmux$933_Y [204], Q = \u_control_shell.u_dm.i_dm_csrs.progbuf_q [204]).
Adding EN signal on $auto$ff.cc:337:slice$24822 ($_DFFE_PN0P_) from module agriasic_digital_rv32i_top (D = $procmux$933_Y [205], Q = \u_control_shell.u_dm.i_dm_csrs.progbuf_q [205]).
Adding EN signal on $auto$ff.cc:337:slice$24823 ($_DFFE_PN0P_) from module agriasic_digital_rv32i_top (D = $procmux$933_Y [206], Q = \u_control_shell.u_dm.i_dm_csrs.progbuf_q [206]).
Adding EN signal on $auto$ff.cc:337:slice$24824 ($_DFFE_PN0P_) from module agriasic_digital_rv32i_top (D = $procmux$933_Y [207], Q = \u_control_shell.u_dm.i_dm_csrs.progbuf_q [207]).
Adding EN signal on $auto$ff.cc:337:slice$24825 ($_DFFE_PN0P_) from module agriasic_digital_rv32i_top (D = $procmux$933_Y [208], Q = \u_control_shell.u_dm.i_dm_csrs.progbuf_q [208]).
Adding EN signal on $auto$ff.cc:337:slice$24826 ($_DFFE_PN0P_) from module agriasic_digital_rv32i_top (D = $procmux$933_Y [209], Q = \u_control_shell.u_dm.i_dm_csrs.progbuf_q [209]).
Adding EN signal on $auto$ff.cc:337:slice$24827 ($_DFFE_PN0P_) from module agriasic_digital_rv32i_top (D = $procmux$933_Y [210], Q = \u_control_shell.u_dm.i_dm_csrs.progbuf_q [210]).
Adding EN signal on $auto$ff.cc:337:slice$24828 ($_DFFE_PN0P_) from module agriasic_digital_rv32i_top (D = $procmux$933_Y [211], Q = \u_control_shell.u_dm.i_dm_csrs.progbuf_q [211]).
Adding EN signal on $auto$ff.cc:337:slice$24829 ($_DFFE_PN0P_) from module agriasic_digital_rv32i_top (D = $procmux$933_Y [212], Q = \u_control_shell.u_dm.i_dm_csrs.progbuf_q [212]).
Adding EN signal on $auto$ff.cc:337:slice$24830 ($_DFFE_PN0P_) from module agriasic_digital_rv32i_top (D = $procmux$933_Y [213], Q = \u_control_shell.u_dm.i_dm_csrs.progbuf_q [213]).
Adding EN signal on $auto$ff.cc:337:slice$24831 ($_DFFE_PN0P_) from module agriasic_digital_rv32i_top (D = $procmux$933_Y [214], Q = \u_control_shell.u_dm.i_dm_csrs.progbuf_q [214]).
Adding EN signal on $auto$ff.cc:337:slice$24832 ($_DFFE_PN0P_) from module agriasic_digital_rv32i_top (D = $procmux$933_Y [215], Q = \u_control_shell.u_dm.i_dm_csrs.progbuf_q [215]).
Adding EN signal on $auto$ff.cc:337:slice$24833 ($_DFFE_PN0P_) from module agriasic_digital_rv32i_top (D = $procmux$933_Y [216], Q = \u_control_shell.u_dm.i_dm_csrs.progbuf_q [216]).
Adding EN signal on $auto$ff.cc:337:slice$24834 ($_DFFE_PN0P_) from module agriasic_digital_rv32i_top (D = $procmux$933_Y [217], Q = \u_control_shell.u_dm.i_dm_csrs.progbuf_q [217]).
Adding EN signal on $auto$ff.cc:337:slice$24835 ($_DFFE_PN0P_) from module agriasic_digital_rv32i_top (D = $procmux$933_Y [218], Q = \u_control_shell.u_dm.i_dm_csrs.progbuf_q [218]).
Adding EN signal on $auto$ff.cc:337:slice$24836 ($_DFFE_PN0P_) from module agriasic_digital_rv32i_top (D = $procmux$933_Y [219], Q = \u_control_shell.u_dm.i_dm_csrs.progbuf_q [219]).
Adding EN signal on $auto$ff.cc:337:slice$24837 ($_DFFE_PN0P_) from module agriasic_digital_rv32i_top (D = $procmux$933_Y [220], Q = \u_control_shell.u_dm.i_dm_csrs.progbuf_q [220]).
Adding EN signal on $auto$ff.cc:337:slice$24838 ($_DFFE_PN0P_) from module agriasic_digital_rv32i_top (D = $procmux$933_Y [221], Q = \u_control_shell.u_dm.i_dm_csrs.progbuf_q [221]).
Adding EN signal on $auto$ff.cc:337:slice$24839 ($_DFFE_PN0P_) from module agriasic_digital_rv32i_top (D = $procmux$933_Y [222], Q = \u_control_shell.u_dm.i_dm_csrs.progbuf_q [222]).
Adding EN signal on $auto$ff.cc:337:slice$24841 ($_DFFE_PN0P_) from module agriasic_digital_rv32i_top (D = $procmux$933_Y [160], Q = \u_control_shell.u_dm.i_dm_csrs.progbuf_q [160]).
Adding EN signal on $auto$ff.cc:337:slice$24842 ($_DFFE_PN0P_) from module agriasic_digital_rv32i_top (D = $procmux$933_Y [161], Q = \u_control_shell.u_dm.i_dm_csrs.progbuf_q [161]).
Adding EN signal on $auto$ff.cc:337:slice$24843 ($_DFFE_PN0P_) from module agriasic_digital_rv32i_top (D = $procmux$933_Y [162], Q = \u_control_shell.u_dm.i_dm_csrs.progbuf_q [162]).
Adding EN signal on $auto$ff.cc:337:slice$24844 ($_DFFE_PN0P_) from module agriasic_digital_rv32i_top (D = $procmux$933_Y [163], Q = \u_control_shell.u_dm.i_dm_csrs.progbuf_q [163]).
Adding EN signal on $auto$ff.cc:337:slice$24845 ($_DFFE_PN0P_) from module agriasic_digital_rv32i_top (D = $procmux$933_Y [164], Q = \u_control_shell.u_dm.i_dm_csrs.progbuf_q [164]).
Adding EN signal on $auto$ff.cc:337:slice$24846 ($_DFFE_PN0P_) from module agriasic_digital_rv32i_top (D = $procmux$933_Y [165], Q = \u_control_shell.u_dm.i_dm_csrs.progbuf_q [165]).
Adding EN signal on $auto$ff.cc:337:slice$24847 ($_DFFE_PN0P_) from module agriasic_digital_rv32i_top (D = $procmux$933_Y [166], Q = \u_control_shell.u_dm.i_dm_csrs.progbuf_q [166]).
Adding EN signal on $auto$ff.cc:337:slice$24848 ($_DFFE_PN0P_) from module agriasic_digital_rv32i_top (D = $procmux$933_Y [167], Q = \u_control_shell.u_dm.i_dm_csrs.progbuf_q [167]).
Adding EN signal on $auto$ff.cc:337:slice$24849 ($_DFFE_PN0P_) from module agriasic_digital_rv32i_top (D = $procmux$933_Y [168], Q = \u_control_shell.u_dm.i_dm_csrs.progbuf_q [168]).
Adding EN signal on $auto$ff.cc:337:slice$24850 ($_DFFE_PN0P_) from module agriasic_digital_rv32i_top (D = $procmux$933_Y [169], Q = \u_control_shell.u_dm.i_dm_csrs.progbuf_q [169]).
Adding EN signal on $auto$ff.cc:337:slice$24851 ($_DFFE_PN0P_) from module agriasic_digital_rv32i_top (D = $procmux$933_Y [170], Q = \u_control_shell.u_dm.i_dm_csrs.progbuf_q [170]).
Adding EN signal on $auto$ff.cc:337:slice$24852 ($_DFFE_PN0P_) from module agriasic_digital_rv32i_top (D = $procmux$933_Y [171], Q = \u_control_shell.u_dm.i_dm_csrs.progbuf_q [171]).
Adding EN signal on $auto$ff.cc:337:slice$24853 ($_DFFE_PN0P_) from module agriasic_digital_rv32i_top (D = $procmux$933_Y [172], Q = \u_control_shell.u_dm.i_dm_csrs.progbuf_q [172]).
Adding EN signal on $auto$ff.cc:337:slice$24854 ($_DFFE_PN0P_) from module agriasic_digital_rv32i_top (D = $procmux$933_Y [173], Q = \u_control_shell.u_dm.i_dm_csrs.progbuf_q [173]).
Adding EN signal on $auto$ff.cc:337:slice$24855 ($_DFFE_PN0P_) from module agriasic_digital_rv32i_top (D = $procmux$933_Y [174], Q = \u_control_shell.u_dm.i_dm_csrs.progbuf_q [174]).
Adding EN signal on $auto$ff.cc:337:slice$24856 ($_DFFE_PN0P_) from module agriasic_digital_rv32i_top (D = $procmux$933_Y [175], Q = \u_control_shell.u_dm.i_dm_csrs.progbuf_q [175]).
Adding EN signal on $auto$ff.cc:337:slice$24857 ($_DFFE_PN0P_) from module agriasic_digital_rv32i_top (D = $procmux$933_Y [176], Q = \u_control_shell.u_dm.i_dm_csrs.progbuf_q [176]).
Adding EN signal on $auto$ff.cc:337:slice$24858 ($_DFFE_PN0P_) from module agriasic_digital_rv32i_top (D = $procmux$933_Y [177], Q = \u_control_shell.u_dm.i_dm_csrs.progbuf_q [177]).
Adding EN signal on $auto$ff.cc:337:slice$24859 ($_DFFE_PN0P_) from module agriasic_digital_rv32i_top (D = $procmux$933_Y [178], Q = \u_control_shell.u_dm.i_dm_csrs.progbuf_q [178]).
Adding EN signal on $auto$ff.cc:337:slice$24860 ($_DFFE_PN0P_) from module agriasic_digital_rv32i_top (D = $procmux$933_Y [179], Q = \u_control_shell.u_dm.i_dm_csrs.progbuf_q [179]).
Adding EN signal on $auto$ff.cc:337:slice$24861 ($_DFFE_PN0P_) from module agriasic_digital_rv32i_top (D = $procmux$933_Y [180], Q = \u_control_shell.u_dm.i_dm_csrs.progbuf_q [180]).
Adding EN signal on $auto$ff.cc:337:slice$24862 ($_DFFE_PN0P_) from module agriasic_digital_rv32i_top (D = $procmux$933_Y [181], Q = \u_control_shell.u_dm.i_dm_csrs.progbuf_q [181]).
Adding EN signal on $auto$ff.cc:337:slice$24863 ($_DFFE_PN0P_) from module agriasic_digital_rv32i_top (D = $procmux$933_Y [182], Q = \u_control_shell.u_dm.i_dm_csrs.progbuf_q [182]).
Adding EN signal on $auto$ff.cc:337:slice$24864 ($_DFFE_PN0P_) from module agriasic_digital_rv32i_top (D = $procmux$933_Y [183], Q = \u_control_shell.u_dm.i_dm_csrs.progbuf_q [183]).
Adding EN signal on $auto$ff.cc:337:slice$24865 ($_DFFE_PN0P_) from module agriasic_digital_rv32i_top (D = $procmux$933_Y [184], Q = \u_control_shell.u_dm.i_dm_csrs.progbuf_q [184]).
Adding EN signal on $auto$ff.cc:337:slice$24866 ($_DFFE_PN0P_) from module agriasic_digital_rv32i_top (D = $procmux$933_Y [185], Q = \u_control_shell.u_dm.i_dm_csrs.progbuf_q [185]).
Adding EN signal on $auto$ff.cc:337:slice$24867 ($_DFFE_PN0P_) from module agriasic_digital_rv32i_top (D = $procmux$933_Y [186], Q = \u_control_shell.u_dm.i_dm_csrs.progbuf_q [186]).
Adding EN signal on $auto$ff.cc:337:slice$24868 ($_DFFE_PN0P_) from module agriasic_digital_rv32i_top (D = $procmux$933_Y [187], Q = \u_control_shell.u_dm.i_dm_csrs.progbuf_q [187]).
Adding EN signal on $auto$ff.cc:337:slice$24869 ($_DFFE_PN0P_) from module agriasic_digital_rv32i_top (D = $procmux$933_Y [188], Q = \u_control_shell.u_dm.i_dm_csrs.progbuf_q [188]).
Adding EN signal on $auto$ff.cc:337:slice$24870 ($_DFFE_PN0P_) from module agriasic_digital_rv32i_top (D = $procmux$933_Y [189], Q = \u_control_shell.u_dm.i_dm_csrs.progbuf_q [189]).
Adding EN signal on $auto$ff.cc:337:slice$24871 ($_DFFE_PN0P_) from module agriasic_digital_rv32i_top (D = $procmux$933_Y [190], Q = \u_control_shell.u_dm.i_dm_csrs.progbuf_q [190]).
Adding EN signal on $auto$ff.cc:337:slice$24873 ($_DFFE_PN0P_) from module agriasic_digital_rv32i_top (D = $procmux$933_Y [128], Q = \u_control_shell.u_dm.i_dm_csrs.progbuf_q [128]).
Adding EN signal on $auto$ff.cc:337:slice$24874 ($_DFFE_PN0P_) from module agriasic_digital_rv32i_top (D = $procmux$933_Y [129], Q = \u_control_shell.u_dm.i_dm_csrs.progbuf_q [129]).
Adding EN signal on $auto$ff.cc:337:slice$24875 ($_DFFE_PN0P_) from module agriasic_digital_rv32i_top (D = $procmux$933_Y [130], Q = \u_control_shell.u_dm.i_dm_csrs.progbuf_q [130]).
Adding EN signal on $auto$ff.cc:337:slice$24876 ($_DFFE_PN0P_) from module agriasic_digital_rv32i_top (D = $procmux$933_Y [131], Q = \u_control_shell.u_dm.i_dm_csrs.progbuf_q [131]).
Adding EN signal on $auto$ff.cc:337:slice$24877 ($_DFFE_PN0P_) from module agriasic_digital_rv32i_top (D = $procmux$933_Y [132], Q = \u_control_shell.u_dm.i_dm_csrs.progbuf_q [132]).
Adding EN signal on $auto$ff.cc:337:slice$24878 ($_DFFE_PN0P_) from module agriasic_digital_rv32i_top (D = $procmux$933_Y [133], Q = \u_control_shell.u_dm.i_dm_csrs.progbuf_q [133]).
Adding EN signal on $auto$ff.cc:337:slice$24879 ($_DFFE_PN0P_) from module agriasic_digital_rv32i_top (D = $procmux$933_Y [134], Q = \u_control_shell.u_dm.i_dm_csrs.progbuf_q [134]).
Adding EN signal on $auto$ff.cc:337:slice$24880 ($_DFFE_PN0P_) from module agriasic_digital_rv32i_top (D = $procmux$933_Y [135], Q = \u_control_shell.u_dm.i_dm_csrs.progbuf_q [135]).
Adding EN signal on $auto$ff.cc:337:slice$24881 ($_DFFE_PN0P_) from module agriasic_digital_rv32i_top (D = $procmux$933_Y [136], Q = \u_control_shell.u_dm.i_dm_csrs.progbuf_q [136]).
Adding EN signal on $auto$ff.cc:337:slice$24882 ($_DFFE_PN0P_) from module agriasic_digital_rv32i_top (D = $procmux$933_Y [137], Q = \u_control_shell.u_dm.i_dm_csrs.progbuf_q [137]).
Adding EN signal on $auto$ff.cc:337:slice$24883 ($_DFFE_PN0P_) from module agriasic_digital_rv32i_top (D = $procmux$933_Y [138], Q = \u_control_shell.u_dm.i_dm_csrs.progbuf_q [138]).
Adding EN signal on $auto$ff.cc:337:slice$24884 ($_DFFE_PN0P_) from module agriasic_digital_rv32i_top (D = $procmux$933_Y [139], Q = \u_control_shell.u_dm.i_dm_csrs.progbuf_q [139]).
Adding EN signal on $auto$ff.cc:337:slice$24885 ($_DFFE_PN0P_) from module agriasic_digital_rv32i_top (D = $procmux$933_Y [140], Q = \u_control_shell.u_dm.i_dm_csrs.progbuf_q [140]).
Adding EN signal on $auto$ff.cc:337:slice$24886 ($_DFFE_PN0P_) from module agriasic_digital_rv32i_top (D = $procmux$933_Y [141], Q = \u_control_shell.u_dm.i_dm_csrs.progbuf_q [141]).
Adding EN signal on $auto$ff.cc:337:slice$24887 ($_DFFE_PN0P_) from module agriasic_digital_rv32i_top (D = $procmux$933_Y [142], Q = \u_control_shell.u_dm.i_dm_csrs.progbuf_q [142]).
Adding EN signal on $auto$ff.cc:337:slice$24888 ($_DFFE_PN0P_) from module agriasic_digital_rv32i_top (D = $procmux$933_Y [143], Q = \u_control_shell.u_dm.i_dm_csrs.progbuf_q [143]).
Adding EN signal on $auto$ff.cc:337:slice$24889 ($_DFFE_PN0P_) from module agriasic_digital_rv32i_top (D = $procmux$933_Y [144], Q = \u_control_shell.u_dm.i_dm_csrs.progbuf_q [144]).
Adding EN signal on $auto$ff.cc:337:slice$24890 ($_DFFE_PN0P_) from module agriasic_digital_rv32i_top (D = $procmux$933_Y [145], Q = \u_control_shell.u_dm.i_dm_csrs.progbuf_q [145]).
Adding EN signal on $auto$ff.cc:337:slice$24891 ($_DFFE_PN0P_) from module agriasic_digital_rv32i_top (D = $procmux$933_Y [146], Q = \u_control_shell.u_dm.i_dm_csrs.progbuf_q [146]).
Adding EN signal on $auto$ff.cc:337:slice$24892 ($_DFFE_PN0P_) from module agriasic_digital_rv32i_top (D = $procmux$933_Y [147], Q = \u_control_shell.u_dm.i_dm_csrs.progbuf_q [147]).
Adding EN signal on $auto$ff.cc:337:slice$24893 ($_DFFE_PN0P_) from module agriasic_digital_rv32i_top (D = $procmux$933_Y [148], Q = \u_control_shell.u_dm.i_dm_csrs.progbuf_q [148]).
Adding EN signal on $auto$ff.cc:337:slice$24894 ($_DFFE_PN0P_) from module agriasic_digital_rv32i_top (D = $procmux$933_Y [149], Q = \u_control_shell.u_dm.i_dm_csrs.progbuf_q [149]).
Adding EN signal on $auto$ff.cc:337:slice$24895 ($_DFFE_PN0P_) from module agriasic_digital_rv32i_top (D = $procmux$933_Y [150], Q = \u_control_shell.u_dm.i_dm_csrs.progbuf_q [150]).
Adding EN signal on $auto$ff.cc:337:slice$24896 ($_DFFE_PN0P_) from module agriasic_digital_rv32i_top (D = $procmux$933_Y [151], Q = \u_control_shell.u_dm.i_dm_csrs.progbuf_q [151]).
Adding EN signal on $auto$ff.cc:337:slice$24897 ($_DFFE_PN0P_) from module agriasic_digital_rv32i_top (D = $procmux$933_Y [152], Q = \u_control_shell.u_dm.i_dm_csrs.progbuf_q [152]).
Adding EN signal on $auto$ff.cc:337:slice$24898 ($_DFFE_PN0P_) from module agriasic_digital_rv32i_top (D = $procmux$933_Y [153], Q = \u_control_shell.u_dm.i_dm_csrs.progbuf_q [153]).
Adding EN signal on $auto$ff.cc:337:slice$24899 ($_DFFE_PN0P_) from module agriasic_digital_rv32i_top (D = $procmux$933_Y [154], Q = \u_control_shell.u_dm.i_dm_csrs.progbuf_q [154]).
Adding EN signal on $auto$ff.cc:337:slice$24900 ($_DFFE_PN0P_) from module agriasic_digital_rv32i_top (D = $procmux$933_Y [155], Q = \u_control_shell.u_dm.i_dm_csrs.progbuf_q [155]).
Adding EN signal on $auto$ff.cc:337:slice$24901 ($_DFFE_PN0P_) from module agriasic_digital_rv32i_top (D = $procmux$933_Y [156], Q = \u_control_shell.u_dm.i_dm_csrs.progbuf_q [156]).
Adding EN signal on $auto$ff.cc:337:slice$24902 ($_DFFE_PN0P_) from module agriasic_digital_rv32i_top (D = $procmux$933_Y [157], Q = \u_control_shell.u_dm.i_dm_csrs.progbuf_q [157]).
Adding EN signal on $auto$ff.cc:337:slice$24903 ($_DFFE_PN0P_) from module agriasic_digital_rv32i_top (D = $procmux$933_Y [158], Q = \u_control_shell.u_dm.i_dm_csrs.progbuf_q [158]).
Adding EN signal on $auto$ff.cc:337:slice$24909 ($_DFFE_PN0P_) from module agriasic_digital_rv32i_top (D = $procmux$933_Y [96], Q = \u_control_shell.u_dm.i_dm_csrs.progbuf_q [96]).
Adding EN signal on $auto$ff.cc:337:slice$24910 ($_DFFE_PN0P_) from module agriasic_digital_rv32i_top (D = $procmux$933_Y [97], Q = \u_control_shell.u_dm.i_dm_csrs.progbuf_q [97]).
Adding EN signal on $auto$ff.cc:337:slice$24911 ($_DFFE_PN0P_) from module agriasic_digital_rv32i_top (D = $procmux$933_Y [98], Q = \u_control_shell.u_dm.i_dm_csrs.progbuf_q [98]).
Adding EN signal on $auto$ff.cc:337:slice$24912 ($_DFFE_PN0P_) from module agriasic_digital_rv32i_top (D = $procmux$933_Y [99], Q = \u_control_shell.u_dm.i_dm_csrs.progbuf_q [99]).
Adding EN signal on $auto$ff.cc:337:slice$24913 ($_DFFE_PN0P_) from module agriasic_digital_rv32i_top (D = $procmux$933_Y [100], Q = \u_control_shell.u_dm.i_dm_csrs.progbuf_q [100]).
Adding EN signal on $auto$ff.cc:337:slice$24914 ($_DFFE_PN0P_) from module agriasic_digital_rv32i_top (D = $procmux$933_Y [101], Q = \u_control_shell.u_dm.i_dm_csrs.progbuf_q [101]).
Adding EN signal on $auto$ff.cc:337:slice$24915 ($_DFFE_PN0P_) from module agriasic_digital_rv32i_top (D = $procmux$933_Y [102], Q = \u_control_shell.u_dm.i_dm_csrs.progbuf_q [102]).
Adding EN signal on $auto$ff.cc:337:slice$24916 ($_DFFE_PN0P_) from module agriasic_digital_rv32i_top (D = $procmux$933_Y [103], Q = \u_control_shell.u_dm.i_dm_csrs.progbuf_q [103]).
Adding EN signal on $auto$ff.cc:337:slice$24917 ($_DFFE_PN0P_) from module agriasic_digital_rv32i_top (D = $procmux$933_Y [104], Q = \u_control_shell.u_dm.i_dm_csrs.progbuf_q [104]).
Adding EN signal on $auto$ff.cc:337:slice$24918 ($_DFFE_PN0P_) from module agriasic_digital_rv32i_top (D = $procmux$933_Y [105], Q = \u_control_shell.u_dm.i_dm_csrs.progbuf_q [105]).
Adding EN signal on $auto$ff.cc:337:slice$24919 ($_DFFE_PN0P_) from module agriasic_digital_rv32i_top (D = $procmux$933_Y [106], Q = \u_control_shell.u_dm.i_dm_csrs.progbuf_q [106]).
Adding EN signal on $auto$ff.cc:337:slice$24920 ($_DFFE_PN0P_) from module agriasic_digital_rv32i_top (D = $procmux$933_Y [107], Q = \u_control_shell.u_dm.i_dm_csrs.progbuf_q [107]).
Adding EN signal on $auto$ff.cc:337:slice$24921 ($_DFFE_PN0P_) from module agriasic_digital_rv32i_top (D = $procmux$933_Y [108], Q = \u_control_shell.u_dm.i_dm_csrs.progbuf_q [108]).
Adding EN signal on $auto$ff.cc:337:slice$24922 ($_DFFE_PN0P_) from module agriasic_digital_rv32i_top (D = $procmux$933_Y [109], Q = \u_control_shell.u_dm.i_dm_csrs.progbuf_q [109]).
Adding EN signal on $auto$ff.cc:337:slice$24923 ($_DFFE_PN0P_) from module agriasic_digital_rv32i_top (D = $procmux$933_Y [110], Q = \u_control_shell.u_dm.i_dm_csrs.progbuf_q [110]).
Adding EN signal on $auto$ff.cc:337:slice$24924 ($_DFFE_PN0P_) from module agriasic_digital_rv32i_top (D = $procmux$933_Y [111], Q = \u_control_shell.u_dm.i_dm_csrs.progbuf_q [111]).
Adding EN signal on $auto$ff.cc:337:slice$24925 ($_DFFE_PN0P_) from module agriasic_digital_rv32i_top (D = $procmux$933_Y [112], Q = \u_control_shell.u_dm.i_dm_csrs.progbuf_q [112]).
Adding EN signal on $auto$ff.cc:337:slice$24926 ($_DFFE_PN0P_) from module agriasic_digital_rv32i_top (D = $procmux$933_Y [113], Q = \u_control_shell.u_dm.i_dm_csrs.progbuf_q [113]).
Adding EN signal on $auto$ff.cc:337:slice$24927 ($_DFFE_PN0P_) from module agriasic_digital_rv32i_top (D = $procmux$933_Y [114], Q = \u_control_shell.u_dm.i_dm_csrs.progbuf_q [114]).
Adding EN signal on $auto$ff.cc:337:slice$24928 ($_DFFE_PN0P_) from module agriasic_digital_rv32i_top (D = $procmux$933_Y [115], Q = \u_control_shell.u_dm.i_dm_csrs.progbuf_q [115]).
Adding EN signal on $auto$ff.cc:337:slice$24929 ($_DFFE_PN0P_) from module agriasic_digital_rv32i_top (D = $procmux$933_Y [116], Q = \u_control_shell.u_dm.i_dm_csrs.progbuf_q [116]).
Adding EN signal on $auto$ff.cc:337:slice$24930 ($_DFFE_PN0P_) from module agriasic_digital_rv32i_top (D = $procmux$933_Y [117], Q = \u_control_shell.u_dm.i_dm_csrs.progbuf_q [117]).
Adding EN signal on $auto$ff.cc:337:slice$24931 ($_DFFE_PN0P_) from module agriasic_digital_rv32i_top (D = $procmux$933_Y [118], Q = \u_control_shell.u_dm.i_dm_csrs.progbuf_q [118]).
Adding EN signal on $auto$ff.cc:337:slice$24932 ($_DFFE_PN0P_) from module agriasic_digital_rv32i_top (D = $procmux$933_Y [119], Q = \u_control_shell.u_dm.i_dm_csrs.progbuf_q [119]).
Adding EN signal on $auto$ff.cc:337:slice$24933 ($_DFFE_PN0P_) from module agriasic_digital_rv32i_top (D = $procmux$933_Y [120], Q = \u_control_shell.u_dm.i_dm_csrs.progbuf_q [120]).
Adding EN signal on $auto$ff.cc:337:slice$24934 ($_DFFE_PN0P_) from module agriasic_digital_rv32i_top (D = $procmux$933_Y [121], Q = \u_control_shell.u_dm.i_dm_csrs.progbuf_q [121]).
Adding EN signal on $auto$ff.cc:337:slice$24935 ($_DFFE_PN0P_) from module agriasic_digital_rv32i_top (D = $procmux$933_Y [122], Q = \u_control_shell.u_dm.i_dm_csrs.progbuf_q [122]).
Adding EN signal on $auto$ff.cc:337:slice$24936 ($_DFFE_PN0P_) from module agriasic_digital_rv32i_top (D = $procmux$933_Y [123], Q = \u_control_shell.u_dm.i_dm_csrs.progbuf_q [123]).
Adding EN signal on $auto$ff.cc:337:slice$24937 ($_DFFE_PN0P_) from module agriasic_digital_rv32i_top (D = $procmux$933_Y [124], Q = \u_control_shell.u_dm.i_dm_csrs.progbuf_q [124]).
Adding EN signal on $auto$ff.cc:337:slice$24938 ($_DFFE_PN0P_) from module agriasic_digital_rv32i_top (D = $procmux$933_Y [125], Q = \u_control_shell.u_dm.i_dm_csrs.progbuf_q [125]).
Adding EN signal on $auto$ff.cc:337:slice$24939 ($_DFFE_PN0P_) from module agriasic_digital_rv32i_top (D = $procmux$933_Y [126], Q = \u_control_shell.u_dm.i_dm_csrs.progbuf_q [126]).
Adding EN signal on $auto$ff.cc:337:slice$24941 ($_DFFE_PN0P_) from module agriasic_digital_rv32i_top (D = $procmux$933_Y [64], Q = \u_control_shell.u_dm.i_dm_csrs.progbuf_q [64]).
Adding EN signal on $auto$ff.cc:337:slice$24942 ($_DFFE_PN0P_) from module agriasic_digital_rv32i_top (D = $procmux$933_Y [65], Q = \u_control_shell.u_dm.i_dm_csrs.progbuf_q [65]).
Adding EN signal on $auto$ff.cc:337:slice$24943 ($_DFFE_PN0P_) from module agriasic_digital_rv32i_top (D = $procmux$933_Y [66], Q = \u_control_shell.u_dm.i_dm_csrs.progbuf_q [66]).
Adding EN signal on $auto$ff.cc:337:slice$24944 ($_DFFE_PN0P_) from module agriasic_digital_rv32i_top (D = $procmux$933_Y [67], Q = \u_control_shell.u_dm.i_dm_csrs.progbuf_q [67]).
Adding EN signal on $auto$ff.cc:337:slice$24945 ($_DFFE_PN0P_) from module agriasic_digital_rv32i_top (D = $procmux$933_Y [68], Q = \u_control_shell.u_dm.i_dm_csrs.progbuf_q [68]).
Adding EN signal on $auto$ff.cc:337:slice$24946 ($_DFFE_PN0P_) from module agriasic_digital_rv32i_top (D = $procmux$933_Y [69], Q = \u_control_shell.u_dm.i_dm_csrs.progbuf_q [69]).
Adding EN signal on $auto$ff.cc:337:slice$24947 ($_DFFE_PN0P_) from module agriasic_digital_rv32i_top (D = $procmux$933_Y [70], Q = \u_control_shell.u_dm.i_dm_csrs.progbuf_q [70]).
Adding EN signal on $auto$ff.cc:337:slice$24948 ($_DFFE_PN0P_) from module agriasic_digital_rv32i_top (D = $procmux$933_Y [71], Q = \u_control_shell.u_dm.i_dm_csrs.progbuf_q [71]).
Adding EN signal on $auto$ff.cc:337:slice$24949 ($_DFFE_PN0P_) from module agriasic_digital_rv32i_top (D = $procmux$933_Y [72], Q = \u_control_shell.u_dm.i_dm_csrs.progbuf_q [72]).
Adding EN signal on $auto$ff.cc:337:slice$24950 ($_DFFE_PN0P_) from module agriasic_digital_rv32i_top (D = $procmux$933_Y [73], Q = \u_control_shell.u_dm.i_dm_csrs.progbuf_q [73]).
Adding EN signal on $auto$ff.cc:337:slice$24951 ($_DFFE_PN0P_) from module agriasic_digital_rv32i_top (D = $procmux$933_Y [74], Q = \u_control_shell.u_dm.i_dm_csrs.progbuf_q [74]).
Adding EN signal on $auto$ff.cc:337:slice$24952 ($_DFFE_PN0P_) from module agriasic_digital_rv32i_top (D = $procmux$933_Y [75], Q = \u_control_shell.u_dm.i_dm_csrs.progbuf_q [75]).
Adding EN signal on $auto$ff.cc:337:slice$24953 ($_DFFE_PN0P_) from module agriasic_digital_rv32i_top (D = $procmux$933_Y [76], Q = \u_control_shell.u_dm.i_dm_csrs.progbuf_q [76]).
Adding EN signal on $auto$ff.cc:337:slice$24954 ($_DFFE_PN0P_) from module agriasic_digital_rv32i_top (D = $procmux$933_Y [77], Q = \u_control_shell.u_dm.i_dm_csrs.progbuf_q [77]).
Adding EN signal on $auto$ff.cc:337:slice$24955 ($_DFFE_PN0P_) from module agriasic_digital_rv32i_top (D = $procmux$933_Y [78], Q = \u_control_shell.u_dm.i_dm_csrs.progbuf_q [78]).
Adding EN signal on $auto$ff.cc:337:slice$24956 ($_DFFE_PN0P_) from module agriasic_digital_rv32i_top (D = $procmux$933_Y [79], Q = \u_control_shell.u_dm.i_dm_csrs.progbuf_q [79]).
Adding EN signal on $auto$ff.cc:337:slice$24957 ($_DFFE_PN0P_) from module agriasic_digital_rv32i_top (D = $procmux$933_Y [80], Q = \u_control_shell.u_dm.i_dm_csrs.progbuf_q [80]).
Adding EN signal on $auto$ff.cc:337:slice$24958 ($_DFFE_PN0P_) from module agriasic_digital_rv32i_top (D = $procmux$933_Y [81], Q = \u_control_shell.u_dm.i_dm_csrs.progbuf_q [81]).
Adding EN signal on $auto$ff.cc:337:slice$24959 ($_DFFE_PN0P_) from module agriasic_digital_rv32i_top (D = $procmux$933_Y [82], Q = \u_control_shell.u_dm.i_dm_csrs.progbuf_q [82]).
Adding EN signal on $auto$ff.cc:337:slice$24960 ($_DFFE_PN0P_) from module agriasic_digital_rv32i_top (D = $procmux$933_Y [83], Q = \u_control_shell.u_dm.i_dm_csrs.progbuf_q [83]).
Adding EN signal on $auto$ff.cc:337:slice$24961 ($_DFFE_PN0P_) from module agriasic_digital_rv32i_top (D = $procmux$933_Y [84], Q = \u_control_shell.u_dm.i_dm_csrs.progbuf_q [84]).
Adding EN signal on $auto$ff.cc:337:slice$24962 ($_DFFE_PN0P_) from module agriasic_digital_rv32i_top (D = $procmux$933_Y [85], Q = \u_control_shell.u_dm.i_dm_csrs.progbuf_q [85]).
Adding EN signal on $auto$ff.cc:337:slice$24963 ($_DFFE_PN0P_) from module agriasic_digital_rv32i_top (D = $procmux$933_Y [86], Q = \u_control_shell.u_dm.i_dm_csrs.progbuf_q [86]).
Adding EN signal on $auto$ff.cc:337:slice$24964 ($_DFFE_PN0P_) from module agriasic_digital_rv32i_top (D = $procmux$933_Y [87], Q = \u_control_shell.u_dm.i_dm_csrs.progbuf_q [87]).
Adding EN signal on $auto$ff.cc:337:slice$24965 ($_DFFE_PN0P_) from module agriasic_digital_rv32i_top (D = $procmux$933_Y [88], Q = \u_control_shell.u_dm.i_dm_csrs.progbuf_q [88]).
Adding EN signal on $auto$ff.cc:337:slice$24966 ($_DFFE_PN0P_) from module agriasic_digital_rv32i_top (D = $procmux$933_Y [89], Q = \u_control_shell.u_dm.i_dm_csrs.progbuf_q [89]).
Adding EN signal on $auto$ff.cc:337:slice$24967 ($_DFFE_PN0P_) from module agriasic_digital_rv32i_top (D = $procmux$933_Y [90], Q = \u_control_shell.u_dm.i_dm_csrs.progbuf_q [90]).
Adding EN signal on $auto$ff.cc:337:slice$24968 ($_DFFE_PN0P_) from module agriasic_digital_rv32i_top (D = $procmux$933_Y [91], Q = \u_control_shell.u_dm.i_dm_csrs.progbuf_q [91]).
Adding EN signal on $auto$ff.cc:337:slice$24969 ($_DFFE_PN0P_) from module agriasic_digital_rv32i_top (D = $procmux$933_Y [92], Q = \u_control_shell.u_dm.i_dm_csrs.progbuf_q [92]).
Adding EN signal on $auto$ff.cc:337:slice$24970 ($_DFFE_PN0P_) from module agriasic_digital_rv32i_top (D = $procmux$933_Y [93], Q = \u_control_shell.u_dm.i_dm_csrs.progbuf_q [93]).
Adding EN signal on $auto$ff.cc:337:slice$24971 ($_DFFE_PN0P_) from module agriasic_digital_rv32i_top (D = $procmux$933_Y [94], Q = \u_control_shell.u_dm.i_dm_csrs.progbuf_q [94]).
Adding EN signal on $auto$ff.cc:337:slice$24973 ($_DFFE_PN0P_) from module agriasic_digital_rv32i_top (D = $procmux$933_Y [32], Q = \u_control_shell.u_dm.i_dm_csrs.progbuf_q [32]).
Adding EN signal on $auto$ff.cc:337:slice$24974 ($_DFFE_PN0P_) from module agriasic_digital_rv32i_top (D = $procmux$933_Y [33], Q = \u_control_shell.u_dm.i_dm_csrs.progbuf_q [33]).
Adding EN signal on $auto$ff.cc:337:slice$24975 ($_DFFE_PN0P_) from module agriasic_digital_rv32i_top (D = $procmux$933_Y [34], Q = \u_control_shell.u_dm.i_dm_csrs.progbuf_q [34]).
Adding EN signal on $auto$ff.cc:337:slice$24976 ($_DFFE_PN0P_) from module agriasic_digital_rv32i_top (D = $procmux$933_Y [35], Q = \u_control_shell.u_dm.i_dm_csrs.progbuf_q [35]).
Adding EN signal on $auto$ff.cc:337:slice$24977 ($_DFFE_PN0P_) from module agriasic_digital_rv32i_top (D = $procmux$933_Y [36], Q = \u_control_shell.u_dm.i_dm_csrs.progbuf_q [36]).
Adding EN signal on $auto$ff.cc:337:slice$24978 ($_DFFE_PN0P_) from module agriasic_digital_rv32i_top (D = $procmux$933_Y [37], Q = \u_control_shell.u_dm.i_dm_csrs.progbuf_q [37]).
Adding EN signal on $auto$ff.cc:337:slice$24979 ($_DFFE_PN0P_) from module agriasic_digital_rv32i_top (D = $procmux$933_Y [38], Q = \u_control_shell.u_dm.i_dm_csrs.progbuf_q [38]).
Adding EN signal on $auto$ff.cc:337:slice$24980 ($_DFFE_PN0P_) from module agriasic_digital_rv32i_top (D = $procmux$933_Y [39], Q = \u_control_shell.u_dm.i_dm_csrs.progbuf_q [39]).
Adding EN signal on $auto$ff.cc:337:slice$24981 ($_DFFE_PN0P_) from module agriasic_digital_rv32i_top (D = $procmux$933_Y [40], Q = \u_control_shell.u_dm.i_dm_csrs.progbuf_q [40]).
Adding EN signal on $auto$ff.cc:337:slice$24982 ($_DFFE_PN0P_) from module agriasic_digital_rv32i_top (D = $procmux$933_Y [41], Q = \u_control_shell.u_dm.i_dm_csrs.progbuf_q [41]).
Adding EN signal on $auto$ff.cc:337:slice$24983 ($_DFFE_PN0P_) from module agriasic_digital_rv32i_top (D = $procmux$933_Y [42], Q = \u_control_shell.u_dm.i_dm_csrs.progbuf_q [42]).
Adding EN signal on $auto$ff.cc:337:slice$24984 ($_DFFE_PN0P_) from module agriasic_digital_rv32i_top (D = $procmux$933_Y [43], Q = \u_control_shell.u_dm.i_dm_csrs.progbuf_q [43]).
Adding EN signal on $auto$ff.cc:337:slice$24985 ($_DFFE_PN0P_) from module agriasic_digital_rv32i_top (D = $procmux$933_Y [44], Q = \u_control_shell.u_dm.i_dm_csrs.progbuf_q [44]).
Adding EN signal on $auto$ff.cc:337:slice$24986 ($_DFFE_PN0P_) from module agriasic_digital_rv32i_top (D = $procmux$933_Y [45], Q = \u_control_shell.u_dm.i_dm_csrs.progbuf_q [45]).
Adding EN signal on $auto$ff.cc:337:slice$24987 ($_DFFE_PN0P_) from module agriasic_digital_rv32i_top (D = $procmux$933_Y [46], Q = \u_control_shell.u_dm.i_dm_csrs.progbuf_q [46]).
Adding EN signal on $auto$ff.cc:337:slice$24988 ($_DFFE_PN0P_) from module agriasic_digital_rv32i_top (D = $procmux$933_Y [47], Q = \u_control_shell.u_dm.i_dm_csrs.progbuf_q [47]).
Adding EN signal on $auto$ff.cc:337:slice$24989 ($_DFFE_PN0P_) from module agriasic_digital_rv32i_top (D = $procmux$933_Y [48], Q = \u_control_shell.u_dm.i_dm_csrs.progbuf_q [48]).
Adding EN signal on $auto$ff.cc:337:slice$24990 ($_DFFE_PN0P_) from module agriasic_digital_rv32i_top (D = $procmux$933_Y [49], Q = \u_control_shell.u_dm.i_dm_csrs.progbuf_q [49]).
Adding EN signal on $auto$ff.cc:337:slice$24991 ($_DFFE_PN0P_) from module agriasic_digital_rv32i_top (D = $procmux$933_Y [50], Q = \u_control_shell.u_dm.i_dm_csrs.progbuf_q [50]).
Adding EN signal on $auto$ff.cc:337:slice$24992 ($_DFFE_PN0P_) from module agriasic_digital_rv32i_top (D = $procmux$933_Y [51], Q = \u_control_shell.u_dm.i_dm_csrs.progbuf_q [51]).
Adding EN signal on $auto$ff.cc:337:slice$24993 ($_DFFE_PN0P_) from module agriasic_digital_rv32i_top (D = $procmux$933_Y [52], Q = \u_control_shell.u_dm.i_dm_csrs.progbuf_q [52]).
Adding EN signal on $auto$ff.cc:337:slice$24994 ($_DFFE_PN0P_) from module agriasic_digital_rv32i_top (D = $procmux$933_Y [53], Q = \u_control_shell.u_dm.i_dm_csrs.progbuf_q [53]).
Adding EN signal on $auto$ff.cc:337:slice$24995 ($_DFFE_PN0P_) from module agriasic_digital_rv32i_top (D = $procmux$933_Y [54], Q = \u_control_shell.u_dm.i_dm_csrs.progbuf_q [54]).
Adding EN signal on $auto$ff.cc:337:slice$24996 ($_DFFE_PN0P_) from module agriasic_digital_rv32i_top (D = $procmux$933_Y [55], Q = \u_control_shell.u_dm.i_dm_csrs.progbuf_q [55]).
Adding EN signal on $auto$ff.cc:337:slice$24997 ($_DFFE_PN0P_) from module agriasic_digital_rv32i_top (D = $procmux$933_Y [56], Q = \u_control_shell.u_dm.i_dm_csrs.progbuf_q [56]).
Adding EN signal on $auto$ff.cc:337:slice$24998 ($_DFFE_PN0P_) from module agriasic_digital_rv32i_top (D = $procmux$933_Y [57], Q = \u_control_shell.u_dm.i_dm_csrs.progbuf_q [57]).
Adding EN signal on $auto$ff.cc:337:slice$24999 ($_DFFE_PN0P_) from module agriasic_digital_rv32i_top (D = $procmux$933_Y [58], Q = \u_control_shell.u_dm.i_dm_csrs.progbuf_q [58]).
Adding EN signal on $auto$ff.cc:337:slice$25000 ($_DFFE_PN0P_) from module agriasic_digital_rv32i_top (D = $procmux$933_Y [59], Q = \u_control_shell.u_dm.i_dm_csrs.progbuf_q [59]).
Adding EN signal on $auto$ff.cc:337:slice$25001 ($_DFFE_PN0P_) from module agriasic_digital_rv32i_top (D = $procmux$933_Y [60], Q = \u_control_shell.u_dm.i_dm_csrs.progbuf_q [60]).
Adding EN signal on $auto$ff.cc:337:slice$25002 ($_DFFE_PN0P_) from module agriasic_digital_rv32i_top (D = $procmux$933_Y [61], Q = \u_control_shell.u_dm.i_dm_csrs.progbuf_q [61]).
Adding EN signal on $auto$ff.cc:337:slice$25003 ($_DFFE_PN0P_) from module agriasic_digital_rv32i_top (D = $procmux$933_Y [62], Q = \u_control_shell.u_dm.i_dm_csrs.progbuf_q [62]).
Adding EN signal on $auto$ff.cc:337:slice$25005 ($_DFFE_PN0P_) from module agriasic_digital_rv32i_top (D = $procmux$933_Y [0], Q = \u_control_shell.u_dm.i_dm_csrs.progbuf_q [0]).
Adding EN signal on $auto$ff.cc:337:slice$25006 ($_DFFE_PN0P_) from module agriasic_digital_rv32i_top (D = $procmux$933_Y [1], Q = \u_control_shell.u_dm.i_dm_csrs.progbuf_q [1]).
Adding EN signal on $auto$ff.cc:337:slice$25007 ($_DFFE_PN0P_) from module agriasic_digital_rv32i_top (D = $procmux$933_Y [2], Q = \u_control_shell.u_dm.i_dm_csrs.progbuf_q [2]).
Adding EN signal on $auto$ff.cc:337:slice$25008 ($_DFFE_PN0P_) from module agriasic_digital_rv32i_top (D = $procmux$933_Y [3], Q = \u_control_shell.u_dm.i_dm_csrs.progbuf_q [3]).
Adding EN signal on $auto$ff.cc:337:slice$25009 ($_DFFE_PN0P_) from module agriasic_digital_rv32i_top (D = $procmux$933_Y [4], Q = \u_control_shell.u_dm.i_dm_csrs.progbuf_q [4]).
Adding EN signal on $auto$ff.cc:337:slice$25010 ($_DFFE_PN0P_) from module agriasic_digital_rv32i_top (D = $procmux$933_Y [5], Q = \u_control_shell.u_dm.i_dm_csrs.progbuf_q [5]).
Adding EN signal on $auto$ff.cc:337:slice$25011 ($_DFFE_PN0P_) from module agriasic_digital_rv32i_top (D = $procmux$933_Y [6], Q = \u_control_shell.u_dm.i_dm_csrs.progbuf_q [6]).
Adding EN signal on $auto$ff.cc:337:slice$25012 ($_DFFE_PN0P_) from module agriasic_digital_rv32i_top (D = $procmux$933_Y [7], Q = \u_control_shell.u_dm.i_dm_csrs.progbuf_q [7]).
Adding EN signal on $auto$ff.cc:337:slice$25013 ($_DFFE_PN0P_) from module agriasic_digital_rv32i_top (D = $procmux$933_Y [8], Q = \u_control_shell.u_dm.i_dm_csrs.progbuf_q [8]).
Adding EN signal on $auto$ff.cc:337:slice$25014 ($_DFFE_PN0P_) from module agriasic_digital_rv32i_top (D = $procmux$933_Y [9], Q = \u_control_shell.u_dm.i_dm_csrs.progbuf_q [9]).
Adding EN signal on $auto$ff.cc:337:slice$25015 ($_DFFE_PN0P_) from module agriasic_digital_rv32i_top (D = $procmux$933_Y [10], Q = \u_control_shell.u_dm.i_dm_csrs.progbuf_q [10]).
Adding EN signal on $auto$ff.cc:337:slice$25016 ($_DFFE_PN0P_) from module agriasic_digital_rv32i_top (D = $procmux$933_Y [11], Q = \u_control_shell.u_dm.i_dm_csrs.progbuf_q [11]).
Adding EN signal on $auto$ff.cc:337:slice$25017 ($_DFFE_PN0P_) from module agriasic_digital_rv32i_top (D = $procmux$933_Y [12], Q = \u_control_shell.u_dm.i_dm_csrs.progbuf_q [12]).
Adding EN signal on $auto$ff.cc:337:slice$25018 ($_DFFE_PN0P_) from module agriasic_digital_rv32i_top (D = $procmux$933_Y [13], Q = \u_control_shell.u_dm.i_dm_csrs.progbuf_q [13]).
Adding EN signal on $auto$ff.cc:337:slice$25019 ($_DFFE_PN0P_) from module agriasic_digital_rv32i_top (D = $procmux$933_Y [14], Q = \u_control_shell.u_dm.i_dm_csrs.progbuf_q [14]).
Adding EN signal on $auto$ff.cc:337:slice$25020 ($_DFFE_PN0P_) from module agriasic_digital_rv32i_top (D = $procmux$933_Y [15], Q = \u_control_shell.u_dm.i_dm_csrs.progbuf_q [15]).
Adding EN signal on $auto$ff.cc:337:slice$25021 ($_DFFE_PN0P_) from module agriasic_digital_rv32i_top (D = $procmux$933_Y [16], Q = \u_control_shell.u_dm.i_dm_csrs.progbuf_q [16]).
Adding EN signal on $auto$ff.cc:337:slice$25022 ($_DFFE_PN0P_) from module agriasic_digital_rv32i_top (D = $procmux$933_Y [17], Q = \u_control_shell.u_dm.i_dm_csrs.progbuf_q [17]).
Adding EN signal on $auto$ff.cc:337:slice$25023 ($_DFFE_PN0P_) from module agriasic_digital_rv32i_top (D = $procmux$933_Y [18], Q = \u_control_shell.u_dm.i_dm_csrs.progbuf_q [18]).
Adding EN signal on $auto$ff.cc:337:slice$25024 ($_DFFE_PN0P_) from module agriasic_digital_rv32i_top (D = $procmux$933_Y [19], Q = \u_control_shell.u_dm.i_dm_csrs.progbuf_q [19]).
Adding EN signal on $auto$ff.cc:337:slice$25025 ($_DFFE_PN0P_) from module agriasic_digital_rv32i_top (D = $procmux$933_Y [20], Q = \u_control_shell.u_dm.i_dm_csrs.progbuf_q [20]).
Adding EN signal on $auto$ff.cc:337:slice$25026 ($_DFFE_PN0P_) from module agriasic_digital_rv32i_top (D = $procmux$933_Y [21], Q = \u_control_shell.u_dm.i_dm_csrs.progbuf_q [21]).
Adding EN signal on $auto$ff.cc:337:slice$25027 ($_DFFE_PN0P_) from module agriasic_digital_rv32i_top (D = $procmux$933_Y [22], Q = \u_control_shell.u_dm.i_dm_csrs.progbuf_q [22]).
Adding EN signal on $auto$ff.cc:337:slice$25028 ($_DFFE_PN0P_) from module agriasic_digital_rv32i_top (D = $procmux$933_Y [23], Q = \u_control_shell.u_dm.i_dm_csrs.progbuf_q [23]).
Adding EN signal on $auto$ff.cc:337:slice$25029 ($_DFFE_PN0P_) from module agriasic_digital_rv32i_top (D = $procmux$933_Y [24], Q = \u_control_shell.u_dm.i_dm_csrs.progbuf_q [24]).
Adding EN signal on $auto$ff.cc:337:slice$25030 ($_DFFE_PN0P_) from module agriasic_digital_rv32i_top (D = $procmux$933_Y [25], Q = \u_control_shell.u_dm.i_dm_csrs.progbuf_q [25]).
Adding EN signal on $auto$ff.cc:337:slice$25031 ($_DFFE_PN0P_) from module agriasic_digital_rv32i_top (D = $procmux$933_Y [26], Q = \u_control_shell.u_dm.i_dm_csrs.progbuf_q [26]).
Adding EN signal on $auto$ff.cc:337:slice$25032 ($_DFFE_PN0P_) from module agriasic_digital_rv32i_top (D = $procmux$933_Y [27], Q = \u_control_shell.u_dm.i_dm_csrs.progbuf_q [27]).
Adding EN signal on $auto$ff.cc:337:slice$25033 ($_DFFE_PN0P_) from module agriasic_digital_rv32i_top (D = $procmux$933_Y [28], Q = \u_control_shell.u_dm.i_dm_csrs.progbuf_q [28]).
Adding EN signal on $auto$ff.cc:337:slice$25034 ($_DFFE_PN0P_) from module agriasic_digital_rv32i_top (D = $procmux$933_Y [29], Q = \u_control_shell.u_dm.i_dm_csrs.progbuf_q [29]).
Adding EN signal on $auto$ff.cc:337:slice$25035 ($_DFFE_PN0P_) from module agriasic_digital_rv32i_top (D = $procmux$933_Y [30], Q = \u_control_shell.u_dm.i_dm_csrs.progbuf_q [30]).
Adding EN signal on $auto$ff.cc:337:slice$25620 ($_DFFE_PN0P_) from module agriasic_digital_rv32i_top (D = \u_control_shell.u_dm.i_dm_csrs.i_fifo.data_i [0], Q = \u_control_shell.u_dm.i_dm_csrs.i_fifo.mem_q [34]).
Adding EN signal on $auto$ff.cc:337:slice$25621 ($_DFFE_PN0P_) from module agriasic_digital_rv32i_top (D = \u_control_shell.u_dm.i_dm_csrs.i_fifo.data_i [0], Q = \u_control_shell.u_dm.i_dm_csrs.i_fifo.mem_q [35]).
Adding EN signal on $auto$ff.cc:337:slice$25622 ($_DFFE_PN0P_) from module agriasic_digital_rv32i_top (D = \u_control_shell.u_dm.i_dm_csrs.i_fifo.data_i [2], Q = \u_control_shell.u_dm.i_dm_csrs.i_fifo.mem_q [36]).
Adding EN signal on $auto$ff.cc:337:slice$25623 ($_DFFE_PN0P_) from module agriasic_digital_rv32i_top (D = \u_control_shell.u_dm.i_dm_csrs.i_fifo.data_i [3], Q = \u_control_shell.u_dm.i_dm_csrs.i_fifo.mem_q [37]).
Adding EN signal on $auto$ff.cc:337:slice$25624 ($_DFFE_PN0P_) from module agriasic_digital_rv32i_top (D = \u_control_shell.u_dm.i_dm_csrs.i_fifo.data_i [4], Q = \u_control_shell.u_dm.i_dm_csrs.i_fifo.mem_q [38]).
Adding EN signal on $auto$ff.cc:337:slice$25625 ($_DFFE_PN0P_) from module agriasic_digital_rv32i_top (D = \u_control_shell.u_dm.i_dm_csrs.i_fifo.data_i [5], Q = \u_control_shell.u_dm.i_dm_csrs.i_fifo.mem_q [39]).
Adding EN signal on $auto$ff.cc:337:slice$25626 ($_DFFE_PN0P_) from module agriasic_digital_rv32i_top (D = \u_control_shell.u_dm.i_dm_csrs.i_fifo.data_i [6], Q = \u_control_shell.u_dm.i_dm_csrs.i_fifo.mem_q [40]).
Adding EN signal on $auto$ff.cc:337:slice$25627 ($_DFFE_PN0P_) from module agriasic_digital_rv32i_top (D = \u_control_shell.u_dm.i_dm_csrs.i_fifo.data_i [7], Q = \u_control_shell.u_dm.i_dm_csrs.i_fifo.mem_q [41]).
Adding EN signal on $auto$ff.cc:337:slice$25628 ($_DFFE_PN0P_) from module agriasic_digital_rv32i_top (D = \u_control_shell.u_dm.i_dm_csrs.i_fifo.data_i [8], Q = \u_control_shell.u_dm.i_dm_csrs.i_fifo.mem_q [42]).
Adding EN signal on $auto$ff.cc:337:slice$25629 ($_DFFE_PN0P_) from module agriasic_digital_rv32i_top (D = \u_control_shell.u_dm.i_dm_csrs.i_fifo.data_i [9], Q = \u_control_shell.u_dm.i_dm_csrs.i_fifo.mem_q [43]).
Adding EN signal on $auto$ff.cc:337:slice$25630 ($_DFFE_PN0P_) from module agriasic_digital_rv32i_top (D = \u_control_shell.u_dm.i_dm_csrs.i_fifo.data_i [10], Q = \u_control_shell.u_dm.i_dm_csrs.i_fifo.mem_q [44]).
Adding EN signal on $auto$ff.cc:337:slice$25631 ($_DFFE_PN0P_) from module agriasic_digital_rv32i_top (D = \u_control_shell.u_dm.i_dm_csrs.i_fifo.data_i [11], Q = \u_control_shell.u_dm.i_dm_csrs.i_fifo.mem_q [45]).
Adding EN signal on $auto$ff.cc:337:slice$25632 ($_DFFE_PN0P_) from module agriasic_digital_rv32i_top (D = \u_control_shell.u_dm.i_dm_csrs.i_fifo.data_i [12], Q = \u_control_shell.u_dm.i_dm_csrs.i_fifo.mem_q [46]).
Adding EN signal on $auto$ff.cc:337:slice$25633 ($_DFFE_PN0P_) from module agriasic_digital_rv32i_top (D = \u_control_shell.u_dm.i_dm_csrs.i_fifo.data_i [13], Q = \u_control_shell.u_dm.i_dm_csrs.i_fifo.mem_q [47]).
Adding EN signal on $auto$ff.cc:337:slice$25634 ($_DFFE_PN0P_) from module agriasic_digital_rv32i_top (D = \u_control_shell.u_dm.i_dm_csrs.i_fifo.data_i [14], Q = \u_control_shell.u_dm.i_dm_csrs.i_fifo.mem_q [48]).
Adding EN signal on $auto$ff.cc:337:slice$25635 ($_DFFE_PN0P_) from module agriasic_digital_rv32i_top (D = \u_control_shell.u_dm.i_dm_csrs.i_fifo.data_i [15], Q = \u_control_shell.u_dm.i_dm_csrs.i_fifo.mem_q [49]).
Adding EN signal on $auto$ff.cc:337:slice$25636 ($_DFFE_PN0P_) from module agriasic_digital_rv32i_top (D = \u_control_shell.u_dm.i_dm_csrs.i_fifo.data_i [16], Q = \u_control_shell.u_dm.i_dm_csrs.i_fifo.mem_q [50]).
Adding EN signal on $auto$ff.cc:337:slice$25637 ($_DFFE_PN0P_) from module agriasic_digital_rv32i_top (D = \u_control_shell.u_dm.i_dm_csrs.i_fifo.data_i [17], Q = \u_control_shell.u_dm.i_dm_csrs.i_fifo.mem_q [51]).
Adding EN signal on $auto$ff.cc:337:slice$25638 ($_DFFE_PN0P_) from module agriasic_digital_rv32i_top (D = \u_control_shell.u_dm.i_dm_csrs.i_fifo.data_i [18], Q = \u_control_shell.u_dm.i_dm_csrs.i_fifo.mem_q [52]).
Adding EN signal on $auto$ff.cc:337:slice$25639 ($_DFFE_PN0P_) from module agriasic_digital_rv32i_top (D = \u_control_shell.u_dm.i_dm_csrs.i_fifo.data_i [19], Q = \u_control_shell.u_dm.i_dm_csrs.i_fifo.mem_q [53]).
Adding EN signal on $auto$ff.cc:337:slice$25640 ($_DFFE_PN0P_) from module agriasic_digital_rv32i_top (D = \u_control_shell.u_dm.i_dm_csrs.i_fifo.data_i [20], Q = \u_control_shell.u_dm.i_dm_csrs.i_fifo.mem_q [54]).
Adding EN signal on $auto$ff.cc:337:slice$25641 ($_DFFE_PN0P_) from module agriasic_digital_rv32i_top (D = \u_control_shell.u_dm.i_dm_csrs.i_fifo.data_i [21], Q = \u_control_shell.u_dm.i_dm_csrs.i_fifo.mem_q [55]).
Adding EN signal on $auto$ff.cc:337:slice$25642 ($_DFFE_PN0P_) from module agriasic_digital_rv32i_top (D = \u_control_shell.u_dm.i_dm_csrs.i_fifo.data_i [22], Q = \u_control_shell.u_dm.i_dm_csrs.i_fifo.mem_q [56]).
Adding EN signal on $auto$ff.cc:337:slice$25643 ($_DFFE_PN0P_) from module agriasic_digital_rv32i_top (D = \u_control_shell.u_dm.i_dm_csrs.i_fifo.data_i [23], Q = \u_control_shell.u_dm.i_dm_csrs.i_fifo.mem_q [57]).
Adding EN signal on $auto$ff.cc:337:slice$25644 ($_DFFE_PN0P_) from module agriasic_digital_rv32i_top (D = \u_control_shell.u_dm.i_dm_csrs.i_fifo.data_i [24], Q = \u_control_shell.u_dm.i_dm_csrs.i_fifo.mem_q [58]).
Adding EN signal on $auto$ff.cc:337:slice$25645 ($_DFFE_PN0P_) from module agriasic_digital_rv32i_top (D = \u_control_shell.u_dm.i_dm_csrs.i_fifo.data_i [25], Q = \u_control_shell.u_dm.i_dm_csrs.i_fifo.mem_q [59]).
Adding EN signal on $auto$ff.cc:337:slice$25646 ($_DFFE_PN0P_) from module agriasic_digital_rv32i_top (D = \u_control_shell.u_dm.i_dm_csrs.i_fifo.data_i [26], Q = \u_control_shell.u_dm.i_dm_csrs.i_fifo.mem_q [60]).
Adding EN signal on $auto$ff.cc:337:slice$25647 ($_DFFE_PN0P_) from module agriasic_digital_rv32i_top (D = \u_control_shell.u_dm.i_dm_csrs.i_fifo.data_i [27], Q = \u_control_shell.u_dm.i_dm_csrs.i_fifo.mem_q [61]).
Adding EN signal on $auto$ff.cc:337:slice$25648 ($_DFFE_PN0P_) from module agriasic_digital_rv32i_top (D = \u_control_shell.u_dm.i_dm_csrs.i_fifo.data_i [28], Q = \u_control_shell.u_dm.i_dm_csrs.i_fifo.mem_q [62]).
Adding EN signal on $auto$ff.cc:337:slice$25649 ($_DFFE_PN0P_) from module agriasic_digital_rv32i_top (D = \u_control_shell.u_dm.i_dm_csrs.i_fifo.data_i [29], Q = \u_control_shell.u_dm.i_dm_csrs.i_fifo.mem_q [63]).
Adding EN signal on $auto$ff.cc:337:slice$25650 ($_DFFE_PN0P_) from module agriasic_digital_rv32i_top (D = \u_control_shell.u_dm.i_dm_csrs.i_fifo.data_i [30], Q = \u_control_shell.u_dm.i_dm_csrs.i_fifo.mem_q [64]).
Adding EN signal on $auto$ff.cc:337:slice$25651 ($_DFFE_PN0P_) from module agriasic_digital_rv32i_top (D = \u_control_shell.u_dm.i_dm_csrs.i_fifo.data_i [31], Q = \u_control_shell.u_dm.i_dm_csrs.i_fifo.mem_q [65]).
Adding EN signal on $auto$ff.cc:337:slice$25652 ($_DFFE_PN0P_) from module agriasic_digital_rv32i_top (D = \u_control_shell.u_dm.i_dm_csrs.i_fifo.data_i [32], Q = \u_control_shell.u_dm.i_dm_csrs.i_fifo.mem_q [66]).
Adding EN signal on $auto$ff.cc:337:slice$25654 ($_DFFE_PN0P_) from module agriasic_digital_rv32i_top (D = \u_control_shell.u_dm.i_dm_csrs.i_fifo.data_i [0], Q = \u_control_shell.u_dm.i_dm_csrs.i_fifo.mem_q [0]).
Adding EN signal on $auto$ff.cc:337:slice$25655 ($_DFFE_PN0P_) from module agriasic_digital_rv32i_top (D = \u_control_shell.u_dm.i_dm_csrs.i_fifo.data_i [0], Q = \u_control_shell.u_dm.i_dm_csrs.i_fifo.mem_q [1]).
Adding EN signal on $auto$ff.cc:337:slice$25656 ($_DFFE_PN0P_) from module agriasic_digital_rv32i_top (D = \u_control_shell.u_dm.i_dm_csrs.i_fifo.data_i [2], Q = \u_control_shell.u_dm.i_dm_csrs.i_fifo.mem_q [2]).
Adding EN signal on $auto$ff.cc:337:slice$25657 ($_DFFE_PN0P_) from module agriasic_digital_rv32i_top (D = \u_control_shell.u_dm.i_dm_csrs.i_fifo.data_i [3], Q = \u_control_shell.u_dm.i_dm_csrs.i_fifo.mem_q [3]).
Adding EN signal on $auto$ff.cc:337:slice$25658 ($_DFFE_PN0P_) from module agriasic_digital_rv32i_top (D = \u_control_shell.u_dm.i_dm_csrs.i_fifo.data_i [4], Q = \u_control_shell.u_dm.i_dm_csrs.i_fifo.mem_q [4]).
Adding EN signal on $auto$ff.cc:337:slice$25659 ($_DFFE_PN0P_) from module agriasic_digital_rv32i_top (D = \u_control_shell.u_dm.i_dm_csrs.i_fifo.data_i [5], Q = \u_control_shell.u_dm.i_dm_csrs.i_fifo.mem_q [5]).
Adding EN signal on $auto$ff.cc:337:slice$25660 ($_DFFE_PN0P_) from module agriasic_digital_rv32i_top (D = \u_control_shell.u_dm.i_dm_csrs.i_fifo.data_i [6], Q = \u_control_shell.u_dm.i_dm_csrs.i_fifo.mem_q [6]).
Adding EN signal on $auto$ff.cc:337:slice$25661 ($_DFFE_PN0P_) from module agriasic_digital_rv32i_top (D = \u_control_shell.u_dm.i_dm_csrs.i_fifo.data_i [7], Q = \u_control_shell.u_dm.i_dm_csrs.i_fifo.mem_q [7]).
Adding EN signal on $auto$ff.cc:337:slice$25662 ($_DFFE_PN0P_) from module agriasic_digital_rv32i_top (D = \u_control_shell.u_dm.i_dm_csrs.i_fifo.data_i [8], Q = \u_control_shell.u_dm.i_dm_csrs.i_fifo.mem_q [8]).
Adding EN signal on $auto$ff.cc:337:slice$25663 ($_DFFE_PN0P_) from module agriasic_digital_rv32i_top (D = \u_control_shell.u_dm.i_dm_csrs.i_fifo.data_i [9], Q = \u_control_shell.u_dm.i_dm_csrs.i_fifo.mem_q [9]).
Adding EN signal on $auto$ff.cc:337:slice$25664 ($_DFFE_PN0P_) from module agriasic_digital_rv32i_top (D = \u_control_shell.u_dm.i_dm_csrs.i_fifo.data_i [10], Q = \u_control_shell.u_dm.i_dm_csrs.i_fifo.mem_q [10]).
Adding EN signal on $auto$ff.cc:337:slice$25665 ($_DFFE_PN0P_) from module agriasic_digital_rv32i_top (D = \u_control_shell.u_dm.i_dm_csrs.i_fifo.data_i [11], Q = \u_control_shell.u_dm.i_dm_csrs.i_fifo.mem_q [11]).
Adding EN signal on $auto$ff.cc:337:slice$25666 ($_DFFE_PN0P_) from module agriasic_digital_rv32i_top (D = \u_control_shell.u_dm.i_dm_csrs.i_fifo.data_i [12], Q = \u_control_shell.u_dm.i_dm_csrs.i_fifo.mem_q [12]).
Adding EN signal on $auto$ff.cc:337:slice$25667 ($_DFFE_PN0P_) from module agriasic_digital_rv32i_top (D = \u_control_shell.u_dm.i_dm_csrs.i_fifo.data_i [13], Q = \u_control_shell.u_dm.i_dm_csrs.i_fifo.mem_q [13]).
Adding EN signal on $auto$ff.cc:337:slice$25668 ($_DFFE_PN0P_) from module agriasic_digital_rv32i_top (D = \u_control_shell.u_dm.i_dm_csrs.i_fifo.data_i [14], Q = \u_control_shell.u_dm.i_dm_csrs.i_fifo.mem_q [14]).
Adding EN signal on $auto$ff.cc:337:slice$25669 ($_DFFE_PN0P_) from module agriasic_digital_rv32i_top (D = \u_control_shell.u_dm.i_dm_csrs.i_fifo.data_i [15], Q = \u_control_shell.u_dm.i_dm_csrs.i_fifo.mem_q [15]).
Adding EN signal on $auto$ff.cc:337:slice$25670 ($_DFFE_PN0P_) from module agriasic_digital_rv32i_top (D = \u_control_shell.u_dm.i_dm_csrs.i_fifo.data_i [16], Q = \u_control_shell.u_dm.i_dm_csrs.i_fifo.mem_q [16]).
Adding EN signal on $auto$ff.cc:337:slice$25671 ($_DFFE_PN0P_) from module agriasic_digital_rv32i_top (D = \u_control_shell.u_dm.i_dm_csrs.i_fifo.data_i [17], Q = \u_control_shell.u_dm.i_dm_csrs.i_fifo.mem_q [17]).
Adding EN signal on $auto$ff.cc:337:slice$25672 ($_DFFE_PN0P_) from module agriasic_digital_rv32i_top (D = \u_control_shell.u_dm.i_dm_csrs.i_fifo.data_i [18], Q = \u_control_shell.u_dm.i_dm_csrs.i_fifo.mem_q [18]).
Adding EN signal on $auto$ff.cc:337:slice$25673 ($_DFFE_PN0P_) from module agriasic_digital_rv32i_top (D = \u_control_shell.u_dm.i_dm_csrs.i_fifo.data_i [19], Q = \u_control_shell.u_dm.i_dm_csrs.i_fifo.mem_q [19]).
Adding EN signal on $auto$ff.cc:337:slice$25674 ($_DFFE_PN0P_) from module agriasic_digital_rv32i_top (D = \u_control_shell.u_dm.i_dm_csrs.i_fifo.data_i [20], Q = \u_control_shell.u_dm.i_dm_csrs.i_fifo.mem_q [20]).
Adding EN signal on $auto$ff.cc:337:slice$25675 ($_DFFE_PN0P_) from module agriasic_digital_rv32i_top (D = \u_control_shell.u_dm.i_dm_csrs.i_fifo.data_i [21], Q = \u_control_shell.u_dm.i_dm_csrs.i_fifo.mem_q [21]).
Adding EN signal on $auto$ff.cc:337:slice$25676 ($_DFFE_PN0P_) from module agriasic_digital_rv32i_top (D = \u_control_shell.u_dm.i_dm_csrs.i_fifo.data_i [22], Q = \u_control_shell.u_dm.i_dm_csrs.i_fifo.mem_q [22]).
Adding EN signal on $auto$ff.cc:337:slice$25677 ($_DFFE_PN0P_) from module agriasic_digital_rv32i_top (D = \u_control_shell.u_dm.i_dm_csrs.i_fifo.data_i [23], Q = \u_control_shell.u_dm.i_dm_csrs.i_fifo.mem_q [23]).
Adding EN signal on $auto$ff.cc:337:slice$25678 ($_DFFE_PN0P_) from module agriasic_digital_rv32i_top (D = \u_control_shell.u_dm.i_dm_csrs.i_fifo.data_i [24], Q = \u_control_shell.u_dm.i_dm_csrs.i_fifo.mem_q [24]).
Adding EN signal on $auto$ff.cc:337:slice$25679 ($_DFFE_PN0P_) from module agriasic_digital_rv32i_top (D = \u_control_shell.u_dm.i_dm_csrs.i_fifo.data_i [25], Q = \u_control_shell.u_dm.i_dm_csrs.i_fifo.mem_q [25]).
Adding EN signal on $auto$ff.cc:337:slice$25680 ($_DFFE_PN0P_) from module agriasic_digital_rv32i_top (D = \u_control_shell.u_dm.i_dm_csrs.i_fifo.data_i [26], Q = \u_control_shell.u_dm.i_dm_csrs.i_fifo.mem_q [26]).
Adding EN signal on $auto$ff.cc:337:slice$25681 ($_DFFE_PN0P_) from module agriasic_digital_rv32i_top (D = \u_control_shell.u_dm.i_dm_csrs.i_fifo.data_i [27], Q = \u_control_shell.u_dm.i_dm_csrs.i_fifo.mem_q [27]).
Adding EN signal on $auto$ff.cc:337:slice$25682 ($_DFFE_PN0P_) from module agriasic_digital_rv32i_top (D = \u_control_shell.u_dm.i_dm_csrs.i_fifo.data_i [28], Q = \u_control_shell.u_dm.i_dm_csrs.i_fifo.mem_q [28]).
Adding EN signal on $auto$ff.cc:337:slice$25683 ($_DFFE_PN0P_) from module agriasic_digital_rv32i_top (D = \u_control_shell.u_dm.i_dm_csrs.i_fifo.data_i [29], Q = \u_control_shell.u_dm.i_dm_csrs.i_fifo.mem_q [29]).
Adding EN signal on $auto$ff.cc:337:slice$25684 ($_DFFE_PN0P_) from module agriasic_digital_rv32i_top (D = \u_control_shell.u_dm.i_dm_csrs.i_fifo.data_i [30], Q = \u_control_shell.u_dm.i_dm_csrs.i_fifo.mem_q [30]).
Adding EN signal on $auto$ff.cc:337:slice$25685 ($_DFFE_PN0P_) from module agriasic_digital_rv32i_top (D = \u_control_shell.u_dm.i_dm_csrs.i_fifo.data_i [31], Q = \u_control_shell.u_dm.i_dm_csrs.i_fifo.mem_q [31]).
Adding EN signal on $auto$ff.cc:337:slice$25686 ($_DFFE_PN0P_) from module agriasic_digital_rv32i_top (D = \u_control_shell.u_dm.i_dm_csrs.i_fifo.data_i [32], Q = \u_control_shell.u_dm.i_dm_csrs.i_fifo.mem_q [32]).

6.20.4. Executing OPT_CLEAN pass (remove unused cells and wires).
Finding unused cells or wires in module \agriasic_digital_rv32i_top..
Removed 2392 unused cells and 16301 unused wires.
<suppressed ~2401 debug messages>

6.20.5. Rerunning OPT passes. (Removed registers in this run.)

6.20.6. Executing OPT_EXPR pass (perform const folding).
Optimizing module agriasic_digital_rv32i_top.
<suppressed ~1158 debug messages>

6.20.7. Executing OPT_MERGE pass (detect identical cells).
Finding identical cells in module `\agriasic_digital_rv32i_top'.
Computing hashes of 32633 cells of `\agriasic_digital_rv32i_top'.
Finding duplicate cells in `\agriasic_digital_rv32i_top'.
Computing hashes of 31767 cells of `\agriasic_digital_rv32i_top'.
Finding duplicate cells in `\agriasic_digital_rv32i_top'.
Computing hashes of 31295 cells of `\agriasic_digital_rv32i_top'.
Finding duplicate cells in `\agriasic_digital_rv32i_top'.
Computing hashes of 30893 cells of `\agriasic_digital_rv32i_top'.
Finding duplicate cells in `\agriasic_digital_rv32i_top'.
Computing hashes of 30770 cells of `\agriasic_digital_rv32i_top'.
Finding duplicate cells in `\agriasic_digital_rv32i_top'.
Computing hashes of 30713 cells of `\agriasic_digital_rv32i_top'.
Finding duplicate cells in `\agriasic_digital_rv32i_top'.
Computing hashes of 30712 cells of `\agriasic_digital_rv32i_top'.
Finding duplicate cells in `\agriasic_digital_rv32i_top'.
Computing hashes of 30711 cells of `\agriasic_digital_rv32i_top'.
Finding duplicate cells in `\agriasic_digital_rv32i_top'.
<suppressed ~5766 debug messages>
Removed a total of 1922 cells.

6.20.8. Executing OPT_DFF pass (perform DFF optimizations).

6.20.9. Executing OPT_CLEAN pass (remove unused cells and wires).
Finding unused cells or wires in module \agriasic_digital_rv32i_top..
Removed 0 unused cells and 2361 unused wires.
<suppressed ~1 debug messages>

6.20.10. Finished fast OPT passes.

6.21. Executing HIERARCHY pass (managing design hierarchy).
Attribute `top' found on module `agriasic_digital_rv32i_top'. Setting top module to agriasic_digital_rv32i_top.

6.21.1. Analyzing design hierarchy..
Top module:  \agriasic_digital_rv32i_top

6.21.2. Analyzing design hierarchy..
Top module:  \agriasic_digital_rv32i_top
Removed 0 unused modules.

6.22. Printing statistics.

=== agriasic_digital_rv32i_top ===

        +----------Local Count, excluding submodules.
        | 
    13209 wires
    70707 wire bits
     3010 public wires
    38426 public wire bits
       29 ports
       96 port bits
    30711 cells
     7046   $_AND_
     2757   $_DFFE_PN0P_
       59   $_DFFE_PN1P_
      489   $_DFFE_PP_
        1   $_DFF_NN0_
      292   $_DFF_PN0_
       13   $_DFF_PN1_
        1   $_DLATCH_N_
    10492   $_MUX_
     1774   $_NOT_
     6173   $_OR_
        3   $_SDFFCE_PN0P_
        1   $_SDFFCE_PN1P_
     1608   $_XOR_
        1   agriasic_dmem
        1   agriasic_imem

6.23. Executing CHECK pass (checking for obvious problems).
Checking module agriasic_digital_rv32i_top...
Found and reported 0 problems.

7. Executing CHECK pass (checking for obvious problems).
Checking module agriasic_digital_rv32i_top...
Found and reported 0 problems.

8. Printing statistics.

=== agriasic_digital_rv32i_top ===

        +----------Local Count, excluding submodules.
        | 
    13209 wires
    70707 wire bits
     3010 public wires
    38426 public wire bits
       29 ports
       96 port bits
    30711 cells
     7046   $_AND_
     2757   $_DFFE_PN0P_
       59   $_DFFE_PN1P_
      489   $_DFFE_PP_
        1   $_DFF_NN0_
      292   $_DFF_PN0_
       13   $_DFF_PN1_
        1   $_DLATCH_N_
    10492   $_MUX_
     1774   $_NOT_
     6173   $_OR_
        3   $_SDFFCE_PN0P_
        1   $_SDFFCE_PN1P_
     1608   $_XOR_
        1   agriasic_dmem
        1   agriasic_imem

9. Executing JSON backend.
